"sp1","sp2","sp1_inc","sp2_inc","obs_cooccur","prob_cooccur","exp_cooccur","p_lt","p_gt","sp1_name","sp2_name","effects","quality","sp1_start_flowering","sp1_end_flowering","sp1_flowering_length","sp2_start_flowering","sp2_end_flowering","sp2_flowering_length","flowering_overlap","flowering_union","flowering_synchrony"
1,19,3,38,1,0.017,1.4,0.55547,0.85045,"Acer glabrum","Amelanchier alnifolia",-0.0048780487804878,"random",5,6,2,5,7,3,2,3,0.666666666666667
1,129,3,28,1,0.012,1,0.73252,0.71992,"Acer glabrum","Cornus sericea",0,"random",5,6,2,5,8,4,2,4,0.5
1,141,3,34,1,0.015,1.2,0.62836,0.8047,"Acer glabrum","Dasiphora fruticosa",-0.0024390243902439,"random",5,6,2,5,10,6,2,6,0.333333333333333
1,160,3,32,0,0.014,1.2,0.22132,1,"Acer glabrum","Elaeagnus commutata",-0.0146341463414634,"random",5,6,2,5,9,5,2,5,0.4
1,186,3,28,1,0.012,1,0.73252,0.71992,"Acer glabrum","Galium boreale",0,"random",5,6,2,6,8,3,1,4,0.25
1,258,3,30,1,0.013,1.1,0.69874,0.75045,"Acer glabrum","Maianthemum stellatum",-0.00121951219512195,"random",5,6,2,5,7,3,2,3,0.666666666666667
1,430,3,30,1,0.013,1.1,0.69874,0.75045,"Acer glabrum","Symphoricarpos occidentalis",-0.00121951219512195,"random",5,6,2,6,8,3,1,4,0.25
1,442,3,30,0,0.013,1.1,0.24955,1,"Acer glabrum","Thermopsis rhombifolia",-0.0134146341463415,"random",5,6,2,4,7,4,2,4,0.5
2,19,4,38,3,0.023,1.9,0.9578,0.25442,"Acer negundo","Amelanchier alnifolia",0.0134146341463415,"random",4,5,2,5,7,3,1,4,0.25
2,42,4,25,0,0.015,1.2,0.22584,1,"Acer negundo","Arctostaphylos uva-ursi",-0.0146341463414634,"random",4,5,2,5,9,5,1,6,0.166666666666667
2,49,4,24,2,0.014,1.2,0.92681,0.33403,"Acer negundo","Artemisia frigida",0.00975609756097561,"random",4,5,2,8,9,2,0,6,0
2,86,4,23,1,0.014,1.1,0.6877,0.73979,"Acer negundo","Campanula alaskana",-0.00121951219512195,"random",4,5,2,6,10,5,0,7,0
2,129,4,28,2,0.017,1.4,0.88715,0.42211,"Acer negundo","Cornus sericea",0.00731707317073171,"random",4,5,2,5,8,4,1,5,0.2
2,141,4,34,1,0.02,1.7,0.44747,0.88875,"Acer negundo","Dasiphora fruticosa",-0.00853658536585366,"random",4,5,2,5,10,6,1,7,0.142857142857143
2,160,4,32,2,0.019,1.6,0.83765,0.50974,"Acer negundo","Elaeagnus commutata",0.0048780487804878,"random",4,5,2,5,9,5,1,6,0.166666666666667
2,171,4,21,1,0.012,1,0.73048,0.70164,"Acer negundo","Eriogonum flavum",0,"random",4,5,2,5,9,5,1,6,0.166666666666667
2,181,4,23,1,0.014,1.1,0.6877,0.73979,"Acer negundo","Fragaria virginiana",-0.00121951219512195,"random",4,5,2,5,11,7,1,8,0.125
2,183,4,22,2,0.013,1.1,0.94299,0.29078,"Acer negundo","Gaillardia aristata",0.0109756097560976,"random",4,5,2,6,10,5,0,7,0
2,186,4,28,1,0.017,1.4,0.57789,0.81919,"Acer negundo","Galium boreale",-0.0048780487804878,"random",4,5,2,6,8,3,0,5,0
2,192,4,22,1,0.013,1.1,0.70922,0.7212,"Acer negundo","Geum triflorum",-0.00121951219512195,"random",4,5,2,4,7,4,2,4,0.5
2,239,4,23,1,0.014,1.1,0.6877,0.73979,"Acer negundo","Linum lewisii",-0.00121951219512195,"random",4,5,2,5,10,6,1,7,0.142857142857143
2,258,4,30,3,0.018,1.5,0.98433,0.13637,"Acer negundo","Maianthemum stellatum",0.0182926829268293,"random",4,5,2,5,7,3,1,4,0.25
2,354,4,23,0,0.014,1.1,0.26021,1,"Acer negundo","Prunus virginiana",-0.0134146341463415,"random",4,5,2,4,7,4,2,4,0.5
2,356,4,25,1,0.015,1.2,0.64407,0.77416,"Acer negundo","Pulsatilla nuttalliana",-0.0024390243902439,"random",4,5,2,3,11,9,2,9,0.222222222222222
2,409,4,25,0,0.015,1.2,0.22584,1,"Acer negundo","Shepherdia canadensis",-0.0146341463414634,"random",4,5,2,4,5,2,2,2,1
2,430,4,30,3,0.018,1.5,0.98433,0.13637,"Acer negundo","Symphoricarpos occidentalis",0.0182926829268293,"random",4,5,2,6,8,3,0,5,0
2,442,4,30,0,0.018,1.5,0.15478,1,"Acer negundo","Thermopsis rhombifolia",-0.0182926829268293,"random",4,5,2,4,7,4,2,4,0.5
4,9,19,19,3,0.054,4.4,0.29607,0.88405,"Achillea millefolium","Agropyron cristatum",-0.0170731707317073,"random",4,10,7,6,7,2,2,7,0.285714285714286
4,10,19,13,6,0.037,3,0.991,0.04265,"Achillea millefolium","Allium cernuum",0.0365853658536585,"positive",4,10,7,6,9,4,4,7,0.571428571428571
4,13,19,15,2,0.042,3.5,0.26312,0.91648,"Achillea millefolium","Allium textile",-0.0182926829268293,"random",4,10,7,5,7,3,3,7,0.428571428571429
4,17,19,5,1,0.014,1.2,0.67239,0.74239,"Achillea millefolium","Alyssum turkestanicum",-0.0024390243902439,"random",4,10,7,4,6,3,3,7,0.428571428571429
4,19,19,38,5,0.107,8.8,0.03993,0.98934,"Achillea millefolium","Amelanchier alnifolia",-0.0463414634146342,"negative",4,10,7,5,7,3,3,7,0.428571428571429
4,24,19,10,2,0.028,2.3,0.57952,0.73005,"Achillea millefolium","Anemonastrum canadense",-0.00365853658536585,"random",4,10,7,5,9,5,5,7,0.714285714285714
4,25,19,5,2,0.014,1.2,0.92127,0.32761,"Achillea millefolium","Anemone cylindrica",0.00975609756097561,"random",4,10,7,6,7,2,2,7,0.285714285714286
4,26,19,14,5,0.04,3.2,0.93687,0.1883,"Achillea millefolium","Anemone multifida",0.0219512195121951,"random",4,10,7,5,8,4,4,7,0.571428571428571
4,32,19,6,1,0.017,1.4,0.57543,0.80596,"Achillea millefolium","Antennaria rosea",-0.0048780487804878,"random",4,10,7,5,10,6,6,7,0.857142857142857
4,34,19,15,1,0.042,3.5,0.08352,0.98775,"Achillea millefolium","Anticlea elegans",-0.0304878048780488,"random",4,10,7,6,8,3,3,7,0.428571428571429
4,36,19,6,2,0.017,1.4,0.86632,0.42457,"Achillea millefolium","Apocynum androsaemifolium",0.00731707317073171,"random",4,10,7,5,9,5,5,7,0.714285714285714
4,42,19,25,6,0.071,5.8,0.66204,0.55794,"Achillea millefolium","Arctostaphylos uva-ursi",0.0024390243902439,"random",4,10,7,5,9,5,5,7,0.714285714285714
4,44,19,8,1,0.023,1.9,0.4036,0.89134,"Achillea millefolium","Arnica cordifolia",-0.0109756097560976,"random",4,10,7,3,10,8,7,8,0.875
4,45,19,14,5,0.04,3.2,0.93687,0.1883,"Achillea millefolium","Artemisia absinthium",0.0219512195121951,"random",4,10,7,7,9,3,3,7,0.428571428571429
4,46,19,5,1,0.014,1.2,0.67239,0.74239,"Achillea millefolium","Artemisia campestris",-0.0024390243902439,"random",4,10,7,7,10,4,4,7,0.571428571428571
4,47,19,8,1,0.023,1.9,0.4036,0.89134,"Achillea millefolium","Artemisia cana",-0.0109756097560976,"random",4,10,7,6,10,5,5,7,0.714285714285714
4,49,19,24,4,0.068,5.6,0.27613,0.88427,"Achillea millefolium","Artemisia frigida",-0.0195121951219512,"random",4,10,7,8,9,2,2,7,0.285714285714286
4,50,19,5,0,0.014,1.2,0.25761,1,"Achillea millefolium","Artemisia longifolia",-0.0146341463414634,"random",4,10,7,7,9,3,3,7,0.428571428571429
4,51,19,16,5,0.045,3.7,0.87995,0.29161,"Achillea millefolium","Artemisia ludoviciana",0.0158536585365854,"random",4,10,7,7,9,3,3,7,0.428571428571429
4,54,19,6,1,0.017,1.4,0.57543,0.80596,"Achillea millefolium","Asclepias viridiflora",-0.0048780487804878,"random",4,10,7,6,7,2,2,7,0.285714285714286
4,57,19,7,2,0.02,1.6,0.80125,0.5149,"Achillea millefolium","Astragalus agrestis",0.0048780487804878,"random",4,10,7,5,9,5,5,7,0.714285714285714
4,58,19,5,3,0.014,1.2,0.99062,0.07873,"Achillea millefolium","Astragalus alpinus",0.0219512195121951,"random",4,10,7,5,8,4,4,7,0.571428571428571
4,61,19,9,5,0.025,2.1,0.99597,0.02766,"Achillea millefolium","Astragalus cicer",0.0353658536585366,"positive",4,10,7,6,10,5,5,7,0.714285714285714
4,67,19,15,3,0.042,3.5,0.52254,0.73688,"Achillea millefolium","Astragalus laxmannii",-0.00609756097560976,"random",4,10,7,6,8,3,3,7,0.428571428571429
4,76,19,5,1,0.014,1.2,0.67239,0.74239,"Achillea millefolium","Betula occidentalis",-0.0024390243902439,"random",4,10,7,5,6,2,2,7,0.285714285714286
4,81,19,11,0,0.031,2.5,0.04398,1,"Achillea millefolium","Bouteloua gracilis",-0.0304878048780488,"negative",4,10,7,6,10,5,5,7,0.714285714285714
4,82,19,20,2,0.057,4.6,0.09223,0.97906,"Achillea millefolium","Bromus inermis",-0.0317073170731707,"random",4,10,7,6,10,5,5,7,0.714285714285714
4,86,19,23,5,0.065,5.3,0.54873,0.6783,"Achillea millefolium","Campanula alaskana",-0.00365853658536585,"random",4,10,7,6,10,5,5,7,0.714285714285714
4,87,19,7,3,0.02,1.6,0.95308,0.19875,"Achillea millefolium","Campanula rapunculoides",0.0170731707317073,"random",4,10,7,6,10,5,5,7,0.714285714285714
4,89,19,8,1,0.023,1.9,0.4036,0.89134,"Achillea millefolium","Caragana arborescens",-0.0109756097560976,"random",4,10,7,5,6,2,2,7,0.285714285714286
4,103,19,5,2,0.014,1.2,0.92127,0.32761,"Achillea millefolium","Castilleja miniata",0.00975609756097561,"random",4,10,7,5,10,6,6,7,0.857142857142857
4,106,19,5,2,0.014,1.2,0.92127,0.32761,"Achillea millefolium","Cerastium arvense",0.00975609756097561,"random",4,10,7,5,8,4,4,7,0.571428571428571
4,107,19,16,7,0.045,3.7,0.9916,0.03697,"Achillea millefolium","Chamaenerion angustifolium",0.0402439024390244,"positive",4,10,7,6,9,4,4,7,0.571428571428571
4,110,19,5,0,0.014,1.2,0.25761,1,"Achillea millefolium","Chenopodium album",-0.0146341463414634,"random",4,10,7,7,9,3,3,7,0.428571428571429
4,112,19,19,6,0.054,4.4,0.90091,0.24319,"Achillea millefolium","Cirsium arvense",0.0195121951219512,"random",4,10,7,6,9,4,4,7,0.571428571428571
4,117,19,8,0,0.023,1.9,0.10866,1,"Achillea millefolium","Cirsium undulatum",-0.0231707317073171,"random",4,10,7,6,9,4,4,7,0.571428571428571
4,118,19,8,2,0.023,1.9,0.72959,0.5964,"Achillea millefolium","Cirsium vulgare",0.00121951219512195,"random",4,10,7,7,11,5,4,8,0.5
4,120,19,5,1,0.014,1.2,0.67239,0.74239,"Achillea millefolium","Clematis occidentalis",-0.0024390243902439,"random",4,10,7,5,10,6,6,7,0.857142857142857
4,121,19,8,3,0.023,1.9,0.92069,0.27041,"Achillea millefolium","Clematis tangutica",0.0134146341463415,"random",4,10,7,6,10,5,5,7,0.714285714285714
4,123,19,19,3,0.054,4.4,0.29607,0.88405,"Achillea millefolium","Comandra umbellata",-0.0170731707317073,"random",4,10,7,5,7,3,3,7,0.428571428571429
4,129,19,28,3,0.079,6.5,0.04557,0.98949,"Achillea millefolium","Cornus sericea",-0.0426829268292683,"negative",4,10,7,5,8,4,4,7,0.571428571428571
4,131,19,5,0,0.014,1.2,0.25761,1,"Achillea millefolium","Cotoneaster acutifolius",-0.0146341463414634,"random",4,10,7,5,7,3,3,7,0.428571428571429
4,135,19,7,0,0.02,1.6,0.14553,1,"Achillea millefolium","Cypripedium parviflorum",-0.0195121951219512,"random",4,10,7,5,7,3,3,7,0.428571428571429
4,140,19,7,2,0.02,1.6,0.80125,0.5149,"Achillea millefolium","Dalea purpurea",0.0048780487804878,"random",4,10,7,6,9,4,4,7,0.571428571428571
4,141,19,34,10,0.096,7.9,0.91755,0.19402,"Achillea millefolium","Dasiphora fruticosa",0.025609756097561,"random",4,10,7,5,10,6,6,7,0.857142857142857
4,142,19,5,1,0.014,1.2,0.67239,0.74239,"Achillea millefolium","Delphinium bicolor",-0.0024390243902439,"random",4,10,7,5,7,3,3,7,0.428571428571429
4,160,19,32,7,0.09,7.4,0.52252,0.68479,"Achillea millefolium","Elaeagnus commutata",-0.00487804878048781,"random",4,10,7,5,9,5,5,7,0.714285714285714
4,171,19,21,4,0.059,4.9,0.42372,0.79047,"Achillea millefolium","Eriogonum flavum",-0.0109756097560976,"random",4,10,7,5,9,5,5,7,0.714285714285714
4,178,19,5,0,0.014,1.2,0.25761,1,"Achillea millefolium","Euphorbia virgata",-0.0146341463414634,"random",4,10,7,5,9,5,5,7,0.714285714285714
4,179,19,5,1,0.014,1.2,0.67239,0.74239,"Achillea millefolium","Eurybia conspicua",-0.0024390243902439,"random",4,10,7,7,10,4,4,7,0.571428571428571
4,181,19,23,6,0.065,5.3,0.75601,0.45127,"Achillea millefolium","Fragaria virginiana",0.00853658536585366,"random",4,10,7,5,11,7,6,8,0.75
4,183,19,22,5,0.062,5.1,0.6028,0.62895,"Achillea millefolium","Gaillardia aristata",-0.00121951219512195,"random",4,10,7,6,10,5,5,7,0.714285714285714
4,184,19,6,0,0.017,1.4,0.19404,1,"Achillea millefolium","Galearis rotundifolia",-0.0170731707317073,"random",4,10,7,6,7,2,2,7,0.285714285714286
4,186,19,28,6,0.079,6.5,0.50911,0.7027,"Achillea millefolium","Galium boreale",-0.00609756097560976,"random",4,10,7,6,8,3,3,7,0.428571428571429
4,190,19,12,7,0.034,2.8,0.99941,0.00486,"Achillea millefolium","Geranium viscosissimum",0.051219512195122,"positive",4,10,7,5,11,7,6,8,0.75
4,192,19,22,6,0.062,5.1,0.79839,0.3972,"Achillea millefolium","Geum triflorum",0.0109756097560976,"random",4,10,7,4,7,4,4,7,0.571428571428571
4,193,19,14,4,0.04,3.2,0.8117,0.41361,"Achillea millefolium","Glycyrrhiza lepidota",0.00975609756097561,"random",4,10,7,6,8,3,3,7,0.428571428571429
4,195,19,13,6,0.037,3,0.991,0.04265,"Achillea millefolium","Grindelia squarrosa",0.0365853658536585,"positive",4,10,7,7,11,5,4,8,0.5
4,196,19,14,4,0.04,3.2,0.8117,0.41361,"Achillea millefolium","Gutierrezia sarothrae",0.00975609756097561,"random",4,10,7,6,9,4,4,7,0.571428571428571
4,199,19,11,2,0.031,2.5,0.50643,0.7826,"Achillea millefolium","Hedysarum alpinum",-0.00609756097560976,"random",4,10,7,5,9,5,5,7,0.714285714285714
4,200,19,16,4,0.045,3.7,0.70839,0.53941,"Achillea millefolium","Hedysarum boreale",0.00365853658536585,"random",4,10,7,4,10,7,7,7,1
4,202,19,6,1,0.017,1.4,0.57543,0.80596,"Achillea millefolium","Helianthus annuus",-0.0048780487804878,"random",4,10,7,6,11,6,5,8,0.625
4,206,19,8,3,0.023,1.9,0.92069,0.27041,"Achillea millefolium","Heracleum maximum",0.0134146341463415,"random",4,10,7,6,8,3,3,7,0.428571428571429
4,207,19,5,1,0.014,1.2,0.67239,0.74239,"Achillea millefolium","Hesperostipa comata",-0.0024390243902439,"random",4,10,7,6,6,1,1,7,0.142857142857143
4,208,19,13,2,0.037,3,0.37316,0.86288,"Achillea millefolium","Heterotheca villosa",-0.0121951219512195,"random",4,10,7,6,10,5,5,7,0.714285714285714
4,214,19,6,1,0.017,1.4,0.57543,0.80596,"Achillea millefolium","Hordeum jubatum",-0.0048780487804878,"random",4,10,7,6,7,2,2,7,0.285714285714286
4,216,19,7,0,0.02,1.6,0.14553,1,"Achillea millefolium","Hymenoxys richardsonii",-0.0195121951219512,"random",4,10,7,5,7,3,3,7,0.428571428571429
4,217,19,7,1,0.02,1.6,0.4851,0.85447,"Achillea millefolium","Hyoscyamus niger",-0.00731707317073171,"random",4,10,7,5,10,6,6,7,0.857142857142857
4,222,19,7,1,0.02,1.6,0.4851,0.85447,"Achillea millefolium","Krascheninnikovia lanata",-0.00731707317073171,"random",4,10,7,5,9,4,5,7,0.714285714285714
4,231,19,5,1,0.014,1.2,0.67239,0.74239,"Achillea millefolium","Leucanthemum vulgare",-0.0024390243902439,"random",4,10,7,6,10,5,5,7,0.714285714285714
4,233,19,14,2,0.04,3.2,0.315,0.89253,"Achillea millefolium","Liatris punctata",-0.0146341463414634,"random",4,10,7,7,10,4,4,7,0.571428571428571
4,234,19,5,1,0.014,1.2,0.67239,0.74239,"Achillea millefolium","Lilium philadelphicum",-0.0024390243902439,"random",4,10,7,5,9,5,5,7,0.714285714285714
4,236,19,11,4,0.031,2.5,0.92759,0.22556,"Achillea millefolium","Linaria vulgaris",0.0182926829268293,"random",4,10,7,5,10,6,6,7,0.857142857142857
4,239,19,23,3,0.065,5.3,0.14246,0.95611,"Achillea millefolium","Linum lewisii",-0.0280487804878049,"random",4,10,7,5,10,6,6,7,0.857142857142857
4,240,19,6,1,0.017,1.4,0.57543,0.80596,"Achillea millefolium","Lithospermum incisum",-0.0048780487804878,"random",4,10,7,4,6,3,3,7,0.428571428571429
4,241,19,13,5,0.037,3,0.95735,0.1436,"Achillea millefolium","Lithospermum ruderale",0.024390243902439,"random",4,10,7,5,7,3,3,7,0.428571428571429
4,246,19,12,1,0.034,2.8,0.17343,0.96779,"Achillea millefolium","Lonicera dioica",-0.0219512195121951,"random",4,10,7,6,7,2,2,7,0.285714285714286
4,250,19,6,1,0.017,1.4,0.57543,0.80596,"Achillea millefolium","Lotus corniculatus",-0.0048780487804878,"random",4,10,7,5,9,5,5,7,0.714285714285714
4,253,19,7,0,0.02,1.6,0.14553,1,"Achillea millefolium","Lygodesmia juncea",-0.0195121951219512,"random",4,10,7,6,10,5,5,7,0.714285714285714
4,258,19,30,5,0.085,7,0.21708,0.91081,"Achillea millefolium","Maianthemum stellatum",-0.024390243902439,"random",4,10,7,5,7,3,3,7,0.428571428571429
4,261,19,10,4,0.028,2.3,0.95323,0.16987,"Achillea millefolium","Medicago lupulina",0.0207317073170732,"random",4,10,7,5,11,7,6,8,0.75
4,262,19,10,0,0.028,2.3,0.05974,1,"Achillea millefolium","Medicago sativa",-0.0280487804878049,"random",4,10,7,5,10,6,6,7,0.857142857142857
4,264,19,9,3,0.025,2.1,0.87937,0.3453,"Achillea millefolium","Melilotus albus",0.0109756097560976,"random",4,10,7,6,11,6,5,8,0.625
4,265,19,14,5,0.04,3.2,0.93687,0.1883,"Achillea millefolium","Melilotus officinalis",0.0219512195121951,"random",4,10,7,5,11,7,6,8,0.75
4,275,19,18,6,0.051,4.2,0.92604,0.19769,"Achillea millefolium","Monarda fistulosa",0.0219512195121951,"random",4,10,7,5,9,5,5,7,0.714285714285714
4,278,19,11,1,0.031,2.5,0.2174,0.95602,"Achillea millefolium","Musineon divaricatum",-0.0182926829268293,"random",4,10,7,4,7,4,4,7,0.571428571428571
4,285,19,13,5,0.037,3,0.95735,0.1436,"Achillea millefolium","Oenothera suffrutescens",0.024390243902439,"random",4,10,7,5,8,4,4,7,0.571428571428571
4,286,19,15,2,0.042,3.5,0.26312,0.91648,"Achillea millefolium","Opuntia polyacantha",-0.0182926829268293,"random",4,10,7,5,8,4,4,7,0.571428571428571
4,287,19,6,1,0.017,1.4,0.57543,0.80596,"Achillea millefolium","Oreocarya glomerata",-0.0048780487804878,"random",4,10,7,5,8,4,4,7,0.571428571428571
4,290,19,9,2,0.025,2.1,0.6547,0.66814,"Achillea millefolium","Oxytropis campestris",-0.00121951219512195,"random",4,10,7,5,9,5,5,7,0.714285714285714
4,292,19,9,4,0.025,2.1,0.97234,0.12063,"Achillea millefolium","Oxytropis sericea",0.0231707317073171,"random",4,10,7,5,6,2,2,7,0.285714285714286
4,292,19,9,4,0.025,2.1,0.97234,0.12063,"Achillea millefolium","Oxytropis sericea",0.0231707317073171,"random",4,10,7,5,6,2,2,7,0.285714285714286
4,293,19,6,2,0.017,1.4,0.86632,0.42457,"Achillea millefolium","Oxytropis splendens",0.00731707317073171,"random",4,10,7,6,8,3,3,7,0.428571428571429
4,295,19,5,2,0.014,1.2,0.92127,0.32761,"Achillea millefolium","Packera cana",0.00975609756097561,"random",4,10,7,5,8,4,4,7,0.571428571428571
4,304,19,8,2,0.023,1.9,0.72959,0.5964,"Achillea millefolium","Pelecyphora vivipara",0.00121951219512195,"random",4,10,7,5,7,3,3,7,0.428571428571429
4,307,19,6,2,0.017,1.4,0.86632,0.42457,"Achillea millefolium","Penstemon confertus",0.00731707317073171,"random",4,10,7,6,8,3,3,7,0.428571428571429
4,310,19,15,2,0.042,3.5,0.26312,0.91648,"Achillea millefolium","Penstemon nitidus",-0.0182926829268293,"random",4,10,7,4,7,4,4,7,0.571428571428571
4,315,19,6,1,0.017,1.4,0.57543,0.80596,"Achillea millefolium","Petasites frigidus",-0.0048780487804878,"random",4,10,7,4,9,6,6,7,0.857142857142857
4,320,19,6,1,0.017,1.4,0.57543,0.80596,"Achillea millefolium","Phleum pratense",-0.0048780487804878,"random",4,10,7,7,7,1,1,7,0.142857142857143
4,321,19,15,3,0.042,3.5,0.52254,0.73688,"Achillea millefolium","Phlox hoodii",-0.00609756097560976,"random",4,10,7,3,10,8,7,8,0.875
4,323,19,6,0,0.017,1.4,0.19404,1,"Achillea millefolium","Physaria arenosa",-0.0170731707317073,"random",4,10,7,4,7,4,4,7,0.571428571428571
4,327,19,5,1,0.014,1.2,0.67239,0.74239,"Achillea millefolium","Plantago major",-0.0024390243902439,"random",4,10,7,6,8,3,3,7,0.428571428571429
4,328,19,5,1,0.014,1.2,0.67239,0.74239,"Achillea millefolium","Plantago patagonica",-0.0024390243902439,"random",4,10,7,6,8,3,3,7,0.428571428571429
4,337,19,5,2,0.014,1.2,0.92127,0.32761,"Achillea millefolium","Polemonium pulcherrimum",0.00975609756097561,"random",4,10,7,4,9,6,6,7,0.857142857142857
4,338,19,6,0,0.017,1.4,0.19404,1,"Achillea millefolium","Polygala senega",-0.0170731707317073,"random",4,10,7,5,7,3,3,7,0.428571428571429
4,340,19,6,1,0.017,1.4,0.57543,0.80596,"Achillea millefolium","Populus balsamifera",-0.0048780487804878,"random",4,10,7,4,5,2,2,7,0.285714285714286
4,342,19,17,1,0.048,3.9,0.04921,0.99375,"Achillea millefolium","Populus tremuloides",-0.0353658536585366,"negative",4,10,7,4,4,1,1,7,0.142857142857143
4,343,19,10,4,0.028,2.3,0.95323,0.16987,"Achillea millefolium","Potentilla concinna",0.0207317073170732,"random",4,10,7,4,6,3,3,7,0.428571428571429
4,354,19,23,3,0.065,5.3,0.14246,0.95611,"Achillea millefolium","Prunus virginiana",-0.0280487804878049,"random",4,10,7,4,7,4,4,7,0.571428571428571
4,356,19,25,8,0.071,5.8,0.93578,0.16547,"Achillea millefolium","Pulsatilla nuttalliana",0.0268292682926829,"random",4,10,7,3,11,9,7,9,0.777777777777778
4,358,19,10,3,0.028,2.3,0.83013,0.42048,"Achillea millefolium","Pyrola asarifolia",0.00853658536585366,"random",4,10,7,6,9,4,4,7,0.571428571428571
4,362,19,6,3,0.017,1.4,0.97621,0.13368,"Achillea millefolium","Ratibida columnifera",0.0195121951219512,"random",4,10,7,6,10,5,5,7,0.714285714285714
4,368,19,10,1,0.028,2.3,0.26995,0.94026,"Achillea millefolium","Rhus aromatica",-0.0158536585365854,"random",4,10,7,5,5,1,1,7,0.142857142857143
4,371,19,7,2,0.02,1.6,0.80125,0.5149,"Achillea millefolium","Ribes oxyacanthoides",0.0048780487804878,"random",4,10,7,5,6,2,2,7,0.285714285714286
4,373,19,8,1,0.023,1.9,0.4036,0.89134,"Achillea millefolium","Rosa acicularis",-0.0109756097560976,"random",4,10,7,5,7,3,3,7,0.428571428571429
4,374,19,8,2,0.023,1.9,0.72959,0.5964,"Achillea millefolium","Rosa arkansana",0.00121951219512195,"random",4,10,7,6,9,4,4,7,0.571428571428571
4,376,19,18,2,0.051,4.2,0.14439,0.96268,"Achillea millefolium","Rosa woodsii",-0.0268292682926829,"random",4,10,7,6,8,3,3,7,0.428571428571429
4,389,19,5,3,0.014,1.2,0.99062,0.07873,"Achillea millefolium","Salix glauca",0.0219512195121951,"random",4,10,7,6,7,2,2,7,0.285714285714286
4,390,19,10,1,0.028,2.3,0.26995,0.94026,"Achillea millefolium","Salix interior",-0.0158536585365854,"random",4,10,7,5,7,3,3,7,0.428571428571429
4,408,19,8,2,0.023,1.9,0.72959,0.5964,"Achillea millefolium","Shepherdia argentea",0.00121951219512195,"random",4,10,7,4,5,2,2,7,0.285714285714286
4,409,19,25,7,0.071,5.8,0.83453,0.33796,"Achillea millefolium","Shepherdia canadensis",0.0146341463414634,"random",4,10,7,4,5,2,2,7,0.285714285714286
4,412,19,7,1,0.02,1.6,0.4851,0.85447,"Achillea millefolium","Sisymbrium loeselii",-0.00731707317073171,"random",4,10,7,5,10,6,6,7,0.857142857142857
4,413,19,7,0,0.02,1.6,0.14553,1,"Achillea millefolium","Sisyrinchium montanum",-0.0195121951219512,"random",4,10,7,5,8,4,4,7,0.571428571428571
4,417,19,8,2,0.023,1.9,0.72959,0.5964,"Achillea millefolium","Solidago missouriensis",0.00121951219512195,"random",4,10,7,6,9,4,4,7,0.571428571428571
4,423,19,8,1,0.023,1.9,0.4036,0.89134,"Achillea millefolium","Sphaeralcea coccinea",-0.0109756097560976,"random",4,10,7,5,9,5,5,7,0.714285714285714
4,430,19,30,5,0.085,7,0.21708,0.91081,"Achillea millefolium","Symphoricarpos occidentalis",-0.024390243902439,"random",4,10,7,6,8,3,3,7,0.428571428571429
4,434,19,16,4,0.045,3.7,0.70839,0.53941,"Achillea millefolium","Symphyotrichum laeve",0.00365853658536585,"random",4,10,7,6,10,5,5,7,0.714285714285714
4,437,19,7,1,0.02,1.6,0.4851,0.85447,"Achillea millefolium","Tanacetum vulgare",-0.00731707317073171,"random",4,10,7,7,10,4,4,7,0.571428571428571
4,438,19,12,1,0.034,2.8,0.17343,0.96779,"Achillea millefolium","Taraxacum officinale",-0.0219512195121951,"random",4,10,7,3,11,9,7,9,0.777777777777778
4,442,19,30,7,0.085,7,0.62154,0.59162,"Achillea millefolium","Thermopsis rhombifolia",0,"random",4,10,7,4,7,4,4,7,0.571428571428571
4,444,19,10,3,0.028,2.3,0.83013,0.42048,"Achillea millefolium","Thlaspi arvense",0.00853658536585366,"random",4,10,7,4,9,6,6,7,0.857142857142857
4,448,19,18,5,0.051,4.2,0.80231,0.40571,"Achillea millefolium","Tragopogon dubius",0.00975609756097561,"random",4,10,7,5,10,6,6,7,0.857142857142857
4,450,19,5,0,0.014,1.2,0.25761,1,"Achillea millefolium","Triantha glutinosa",-0.0146341463414634,"random",4,10,7,6,8,3,3,7,0.428571428571429
4,454,19,18,6,0.051,4.2,0.92604,0.19769,"Achillea millefolium","Trifolium pratense",0.0219512195121951,"random",4,10,7,6,10,5,5,7,0.714285714285714
4,455,19,5,2,0.014,1.2,0.92127,0.32761,"Achillea millefolium","Trifolium repens",0.00975609756097561,"random",4,10,7,5,10,6,6,7,0.857142857142857
4,458,19,7,3,0.02,1.6,0.95308,0.19875,"Achillea millefolium","Tripleurospermum inodorum",0.0170731707317073,"random",4,10,7,5,11,7,6,8,0.75
4,460,19,6,0,0.017,1.4,0.19404,1,"Achillea millefolium","Typha latifolia",-0.0170731707317073,"random",4,10,7,6,7,2,2,7,0.285714285714286
4,475,19,16,3,0.045,3.7,0.46059,0.78245,"Achillea millefolium","Vicia americana",-0.00853658536585366,"random",4,10,7,5,9,5,5,7,0.714285714285714
4,476,19,14,6,0.04,3.2,0.98466,0.06313,"Achillea millefolium","Vicia cracca",0.0341463414634146,"random",4,10,7,5,11,7,6,8,0.75
4,477,19,15,2,0.042,3.5,0.26312,0.91648,"Achillea millefolium","Viola adunca",-0.0182926829268293,"random",4,10,7,4,9,6,6,7,0.857142857142857
4,479,19,6,1,0.017,1.4,0.57543,0.80596,"Achillea millefolium","Viola nuttallii",-0.0048780487804878,"random",4,10,7,4,6,3,3,7,0.428571428571429
4,488,19,14,1,0.04,3.2,0.10747,0.983,"Achillea millefolium","Zizia aptera",-0.0268292682926829,"random",4,10,7,5,7,3,3,7,0.428571428571429
5,19,4,38,2,0.023,1.9,0.74558,0.63465,"Actaea rubra","Amelanchier alnifolia",0.00121951219512195,"random",5,7,3,5,7,3,3,3,1
5,42,4,25,1,0.015,1.2,0.64407,0.77416,"Actaea rubra","Arctostaphylos uva-ursi",-0.0024390243902439,"random",5,7,3,5,9,5,3,5,0.6
5,49,4,24,0,0.014,1.2,0.24257,1,"Actaea rubra","Artemisia frigida",-0.0146341463414634,"random",5,7,3,8,9,2,0,5,0
5,86,4,23,2,0.014,1.1,0.9352,0.3123,"Actaea rubra","Campanula alaskana",0.0109756097560976,"random",5,7,3,6,10,5,2,6,0.333333333333333
5,129,4,28,2,0.017,1.4,0.88715,0.42211,"Actaea rubra","Cornus sericea",0.00731707317073171,"random",5,7,3,5,8,4,3,4,0.75
5,141,4,34,2,0.02,1.7,0.80926,0.55253,"Actaea rubra","Dasiphora fruticosa",0.00365853658536585,"random",5,7,3,5,10,6,3,6,0.5
5,160,4,32,2,0.019,1.6,0.83765,0.50974,"Actaea rubra","Elaeagnus commutata",0.0048780487804878,"random",5,7,3,5,9,5,3,5,0.6
5,171,4,21,0,0.012,1,0.29836,1,"Actaea rubra","Eriogonum flavum",-0.0121951219512195,"random",5,7,3,5,9,5,3,5,0.6
5,181,4,23,1,0.014,1.1,0.6877,0.73979,"Actaea rubra","Fragaria virginiana",-0.00121951219512195,"random",5,7,3,5,11,7,3,7,0.428571428571429
5,183,4,22,0,0.013,1.1,0.2788,1,"Actaea rubra","Gaillardia aristata",-0.0134146341463415,"random",5,7,3,6,10,5,2,6,0.333333333333333
5,186,4,28,1,0.017,1.4,0.57789,0.81919,"Actaea rubra","Galium boreale",-0.0048780487804878,"random",5,7,3,6,8,3,2,4,0.5
5,192,4,22,0,0.013,1.1,0.2788,1,"Actaea rubra","Geum triflorum",-0.0134146341463415,"random",5,7,3,4,7,4,3,4,0.75
5,239,4,23,1,0.014,1.1,0.6877,0.73979,"Actaea rubra","Linum lewisii",-0.00121951219512195,"random",5,7,3,5,10,6,3,6,0.5
5,258,4,30,2,0.018,1.5,0.86363,0.46616,"Actaea rubra","Maianthemum stellatum",0.00609756097560976,"random",5,7,3,5,7,3,3,3,1
5,354,4,23,2,0.014,1.1,0.9352,0.3123,"Actaea rubra","Prunus virginiana",0.0109756097560976,"random",5,7,3,4,7,4,3,4,0.75
5,356,4,25,2,0.015,1.2,0.91781,0.35593,"Actaea rubra","Pulsatilla nuttalliana",0.00975609756097561,"random",5,7,3,3,11,9,3,9,0.333333333333333
5,409,4,25,0,0.015,1.2,0.22584,1,"Actaea rubra","Shepherdia canadensis",-0.0146341463414634,"random",5,7,3,4,5,2,1,4,0.25
5,430,4,30,2,0.018,1.5,0.86363,0.46616,"Actaea rubra","Symphoricarpos occidentalis",0.00609756097560976,"random",5,7,3,6,8,3,2,4,0.5
5,442,4,30,0,0.018,1.5,0.15478,1,"Actaea rubra","Thermopsis rhombifolia",-0.0182926829268293,"random",5,7,3,4,7,4,3,4,0.75
8,19,3,38,2,0.017,1.4,0.90474,0.44453,"Agoseris glauca","Amelanchier alnifolia",0.00731707317073171,"random",6,9,4,5,7,3,2,5,0.4
8,129,3,28,1,0.012,1,0.73252,0.71992,"Agoseris glauca","Cornus sericea",0,"random",6,9,4,5,8,4,3,5,0.6
8,141,3,34,1,0.015,1.2,0.62836,0.8047,"Agoseris glauca","Dasiphora fruticosa",-0.0024390243902439,"random",6,9,4,5,10,6,4,6,0.666666666666667
8,160,3,32,2,0.014,1.2,0.94399,0.33604,"Agoseris glauca","Elaeagnus commutata",0.00975609756097561,"random",6,9,4,5,9,5,4,5,0.8
8,186,3,28,2,0.012,1,0.96301,0.26748,"Agoseris glauca","Galium boreale",0.0121951219512195,"random",6,9,4,6,8,3,3,4,0.75
8,258,3,30,2,0.013,1.1,0.95416,0.30126,"Agoseris glauca","Maianthemum stellatum",0.0109756097560976,"random",6,9,4,5,7,3,2,5,0.4
8,430,3,30,2,0.013,1.1,0.95416,0.30126,"Agoseris glauca","Symphoricarpos occidentalis",0.0109756097560976,"random",6,9,4,6,8,3,3,4,0.75
8,442,3,30,1,0.013,1.1,0.69874,0.75045,"Agoseris glauca","Thermopsis rhombifolia",-0.00121951219512195,"random",6,9,4,4,7,4,2,6,0.333333333333333
9,10,19,13,3,0.037,3,0.65077,0.62684,"Agropyron cristatum","Allium cernuum",0,"random",6,7,2,6,9,4,2,4,0.5
9,13,19,15,6,0.042,3.5,0.97553,0.0889,"Agropyron cristatum","Allium textile",0.0304878048780488,"random",6,7,2,5,7,3,2,3,0.666666666666667
9,17,19,5,2,0.014,1.2,0.92127,0.32761,"Agropyron cristatum","Alyssum turkestanicum",0.00975609756097561,"random",6,7,2,4,6,3,1,4,0.25
9,19,19,38,10,0.107,8.8,0.81321,0.35682,"Agropyron cristatum","Amelanchier alnifolia",0.0146341463414634,"random",6,7,2,5,7,3,2,3,0.666666666666667
9,24,19,10,1,0.028,2.3,0.26995,0.94026,"Agropyron cristatum","Anemonastrum canadense",-0.0158536585365854,"random",6,7,2,5,9,5,2,5,0.4
9,25,19,5,1,0.014,1.2,0.67239,0.74239,"Agropyron cristatum","Anemone cylindrica",-0.0024390243902439,"random",6,7,2,6,7,2,2,2,1
9,26,19,14,2,0.04,3.2,0.315,0.89253,"Agropyron cristatum","Anemone multifida",-0.0146341463414634,"random",6,7,2,5,8,4,2,4,0.5
9,32,19,6,1,0.017,1.4,0.57543,0.80596,"Agropyron cristatum","Antennaria rosea",-0.0048780487804878,"random",6,7,2,5,10,6,2,6,0.333333333333333
9,34,19,15,3,0.042,3.5,0.52254,0.73688,"Agropyron cristatum","Anticlea elegans",-0.00609756097560976,"random",6,7,2,6,8,3,2,3,0.666666666666667
9,36,19,6,3,0.017,1.4,0.97621,0.13368,"Agropyron cristatum","Apocynum androsaemifolium",0.0195121951219512,"random",6,7,2,5,9,5,2,5,0.4
9,42,19,25,3,0.071,5.8,0.09308,0.97449,"Agropyron cristatum","Arctostaphylos uva-ursi",-0.0341463414634146,"random",6,7,2,5,9,5,2,5,0.4
9,44,19,8,0,0.023,1.9,0.10866,1,"Agropyron cristatum","Arnica cordifolia",-0.0231707317073171,"random",6,7,2,3,10,8,2,8,0.25
9,45,19,14,4,0.04,3.2,0.8117,0.41361,"Agropyron cristatum","Artemisia absinthium",0.00975609756097561,"random",6,7,2,7,9,3,1,4,0.25
9,46,19,5,2,0.014,1.2,0.92127,0.32761,"Agropyron cristatum","Artemisia campestris",0.00975609756097561,"random",6,7,2,7,10,4,1,5,0.2
9,47,19,8,4,0.023,1.9,0.98547,0.07931,"Agropyron cristatum","Artemisia cana",0.025609756097561,"random",6,7,2,6,10,5,2,5,0.4
9,49,19,24,10,0.068,5.6,0.9971,0.01349,"Agropyron cristatum","Artemisia frigida",0.0536585365853659,"positive",6,7,2,8,9,2,0,4,0
9,50,19,5,1,0.014,1.2,0.67239,0.74239,"Agropyron cristatum","Artemisia longifolia",-0.0024390243902439,"random",6,7,2,7,9,3,1,4,0.25
9,51,19,16,8,0.045,3.7,0.99861,0.0084,"Agropyron cristatum","Artemisia ludoviciana",0.0524390243902439,"positive",6,7,2,7,9,3,1,4,0.25
9,54,19,6,2,0.017,1.4,0.86632,0.42457,"Agropyron cristatum","Asclepias viridiflora",0.00731707317073171,"random",6,7,2,6,7,2,2,2,1
9,57,19,7,3,0.02,1.6,0.95308,0.19875,"Agropyron cristatum","Astragalus agrestis",0.0170731707317073,"random",6,7,2,5,9,5,2,5,0.4
9,58,19,5,0,0.014,1.2,0.25761,1,"Agropyron cristatum","Astragalus alpinus",-0.0146341463414634,"random",6,7,2,5,8,4,2,4,0.5
9,61,19,9,2,0.025,2.1,0.6547,0.66814,"Agropyron cristatum","Astragalus cicer",-0.00121951219512195,"random",6,7,2,6,10,5,2,5,0.4
9,67,19,15,5,0.042,3.5,0.9111,0.238,"Agropyron cristatum","Astragalus laxmannii",0.0182926829268293,"random",6,7,2,6,8,3,2,3,0.666666666666667
9,76,19,5,0,0.014,1.2,0.25761,1,"Agropyron cristatum","Betula occidentalis",-0.0146341463414634,"random",6,7,2,5,6,2,1,3,0.333333333333333
9,81,19,11,6,0.031,2.5,0.99763,0.01599,"Agropyron cristatum","Bouteloua gracilis",0.0426829268292683,"positive",6,7,2,6,10,5,2,5,0.4
9,82,19,20,7,0.057,4.6,0.95613,0.12883,"Agropyron cristatum","Bromus inermis",0.0292682926829268,"random",6,7,2,6,10,5,2,5,0.4
9,86,19,23,3,0.065,5.3,0.14246,0.95611,"Agropyron cristatum","Campanula alaskana",-0.0280487804878049,"random",6,7,2,6,10,5,2,5,0.4
9,87,19,7,1,0.02,1.6,0.4851,0.85447,"Agropyron cristatum","Campanula rapunculoides",-0.00731707317073171,"random",6,7,2,6,10,5,2,5,0.4
9,89,19,8,1,0.023,1.9,0.4036,0.89134,"Agropyron cristatum","Caragana arborescens",-0.0109756097560976,"random",6,7,2,5,6,2,1,3,0.333333333333333
9,103,19,5,0,0.014,1.2,0.25761,1,"Agropyron cristatum","Castilleja miniata",-0.0146341463414634,"random",6,7,2,5,10,6,2,6,0.333333333333333
9,106,19,5,3,0.014,1.2,0.99062,0.07873,"Agropyron cristatum","Cerastium arvense",0.0219512195121951,"random",6,7,2,5,8,4,2,4,0.5
9,107,19,16,2,0.045,3.7,0.21755,0.93562,"Agropyron cristatum","Chamaenerion angustifolium",-0.0207317073170732,"random",6,7,2,6,9,4,2,4,0.5
9,110,19,5,2,0.014,1.2,0.92127,0.32761,"Agropyron cristatum","Chenopodium album",0.00975609756097561,"random",6,7,2,7,9,3,1,4,0.25
9,112,19,19,7,0.054,4.4,0.96912,0.09909,"Agropyron cristatum","Cirsium arvense",0.0317073170731707,"random",6,7,2,6,9,4,2,4,0.5
9,117,19,8,6,0.023,1.9,0.99991,0.00158,"Agropyron cristatum","Cirsium undulatum",0.05,"positive",6,7,2,6,9,4,2,4,0.5
9,118,19,8,2,0.023,1.9,0.72959,0.5964,"Agropyron cristatum","Cirsium vulgare",0.00121951219512195,"random",6,7,2,7,11,5,1,6,0.166666666666667
9,120,19,5,0,0.014,1.2,0.25761,1,"Agropyron cristatum","Clematis occidentalis",-0.0146341463414634,"random",6,7,2,5,10,6,2,6,0.333333333333333
9,121,19,8,4,0.023,1.9,0.98547,0.07931,"Agropyron cristatum","Clematis tangutica",0.025609756097561,"random",6,7,2,6,10,5,2,5,0.4
9,123,19,19,4,0.054,4.4,0.53624,0.70393,"Agropyron cristatum","Comandra umbellata",-0.00487804878048781,"random",6,7,2,5,7,3,2,3,0.666666666666667
9,129,19,28,5,0.079,6.5,0.2973,0.86453,"Agropyron cristatum","Cornus sericea",-0.0182926829268293,"random",6,7,2,5,8,4,2,4,0.5
9,131,19,5,0,0.014,1.2,0.25761,1,"Agropyron cristatum","Cotoneaster acutifolius",-0.0146341463414634,"random",6,7,2,5,7,3,2,3,0.666666666666667
9,135,19,7,2,0.02,1.6,0.80125,0.5149,"Agropyron cristatum","Cypripedium parviflorum",0.0048780487804878,"random",6,7,2,5,7,3,2,3,0.666666666666667
9,140,19,7,0,0.02,1.6,0.14553,1,"Agropyron cristatum","Dalea purpurea",-0.0195121951219512,"random",6,7,2,6,9,4,2,4,0.5
9,141,19,34,5,0.096,7.9,0.102,0.96609,"Agropyron cristatum","Dasiphora fruticosa",-0.0353658536585366,"random",6,7,2,5,10,6,2,6,0.333333333333333
9,142,19,5,0,0.014,1.2,0.25761,1,"Agropyron cristatum","Delphinium bicolor",-0.0146341463414634,"random",6,7,2,5,7,3,2,3,0.666666666666667
9,160,19,32,6,0.09,7.4,0.31521,0.84794,"Agropyron cristatum","Elaeagnus commutata",-0.0170731707317073,"random",6,7,2,5,9,5,2,5,0.4
9,171,19,21,8,0.059,4.9,0.98285,0.06031,"Agropyron cristatum","Eriogonum flavum",0.0378048780487805,"random",6,7,2,5,9,5,2,5,0.4
9,178,19,5,1,0.014,1.2,0.67239,0.74239,"Agropyron cristatum","Euphorbia virgata",-0.0024390243902439,"random",6,7,2,5,9,5,2,5,0.4
9,179,19,5,0,0.014,1.2,0.25761,1,"Agropyron cristatum","Eurybia conspicua",-0.0146341463414634,"random",6,7,2,7,10,4,1,5,0.2
9,181,19,23,4,0.065,5.3,0.3217,0.85754,"Agropyron cristatum","Fragaria virginiana",-0.0158536585365854,"random",6,7,2,5,11,7,2,7,0.285714285714286
9,183,19,22,8,0.062,5.1,0.97507,0.08053,"Agropyron cristatum","Gaillardia aristata",0.0353658536585366,"random",6,7,2,6,10,5,2,5,0.4
9,184,19,6,0,0.017,1.4,0.19404,1,"Agropyron cristatum","Galearis rotundifolia",-0.0170731707317073,"random",6,7,2,6,7,2,2,2,1
9,186,19,28,6,0.079,6.5,0.50911,0.7027,"Agropyron cristatum","Galium boreale",-0.00609756097560976,"random",6,7,2,6,8,3,2,3,0.666666666666667
9,190,19,12,2,0.034,2.8,0.43722,0.82657,"Agropyron cristatum","Geranium viscosissimum",-0.00975609756097561,"random",6,7,2,5,11,7,2,7,0.285714285714286
9,192,19,22,3,0.062,5.1,0.17363,0.94326,"Agropyron cristatum","Geum triflorum",-0.025609756097561,"random",6,7,2,4,7,4,2,4,0.5
9,193,19,14,5,0.04,3.2,0.93687,0.1883,"Agropyron cristatum","Glycyrrhiza lepidota",0.0219512195121951,"random",6,7,2,6,8,3,2,3,0.666666666666667
9,195,19,13,3,0.037,3,0.65077,0.62684,"Agropyron cristatum","Grindelia squarrosa",0,"random",6,7,2,7,11,5,1,6,0.166666666666667
9,196,19,14,8,0.04,3.2,0.99968,0.00266,"Agropyron cristatum","Gutierrezia sarothrae",0.0585365853658537,"positive",6,7,2,6,9,4,2,4,0.5
9,199,19,11,3,0.031,2.5,0.77444,0.49357,"Agropyron cristatum","Hedysarum alpinum",0.00609756097560976,"random",6,7,2,5,9,5,2,5,0.4
9,200,19,16,3,0.045,3.7,0.46059,0.78245,"Agropyron cristatum","Hedysarum boreale",-0.00853658536585366,"random",6,7,2,4,10,7,2,7,0.285714285714286
9,202,19,6,2,0.017,1.4,0.86632,0.42457,"Agropyron cristatum","Helianthus annuus",0.00731707317073171,"random",6,7,2,6,11,6,2,6,0.333333333333333
9,206,19,8,1,0.023,1.9,0.4036,0.89134,"Agropyron cristatum","Heracleum maximum",-0.0109756097560976,"random",6,7,2,6,8,3,2,3,0.666666666666667
9,207,19,5,4,0.014,1.2,0.99957,0.00938,"Agropyron cristatum","Hesperostipa comata",0.0341463414634146,"positive",6,7,2,6,6,1,1,2,0.5
9,208,19,13,6,0.037,3,0.991,0.04265,"Agropyron cristatum","Heterotheca villosa",0.0365853658536585,"positive",6,7,2,6,10,5,2,5,0.4
9,214,19,6,2,0.017,1.4,0.86632,0.42457,"Agropyron cristatum","Hordeum jubatum",0.00731707317073171,"random",6,7,2,6,7,2,2,2,1
9,216,19,7,3,0.02,1.6,0.95308,0.19875,"Agropyron cristatum","Hymenoxys richardsonii",0.0170731707317073,"random",6,7,2,5,7,3,2,3,0.666666666666667
9,217,19,7,2,0.02,1.6,0.80125,0.5149,"Agropyron cristatum","Hyoscyamus niger",0.0048780487804878,"random",6,7,2,5,10,6,2,6,0.333333333333333
9,222,19,7,4,0.02,1.6,0.99356,0.04692,"Agropyron cristatum","Krascheninnikovia lanata",0.0292682926829268,"positive",6,7,2,5,9,4,2,5,0.4
9,231,19,5,1,0.014,1.2,0.67239,0.74239,"Agropyron cristatum","Leucanthemum vulgare",-0.0024390243902439,"random",6,7,2,6,10,5,2,5,0.4
9,233,19,14,8,0.04,3.2,0.99968,0.00266,"Agropyron cristatum","Liatris punctata",0.0585365853658537,"positive",6,7,2,7,10,4,1,5,0.2
9,234,19,5,0,0.014,1.2,0.25761,1,"Agropyron cristatum","Lilium philadelphicum",-0.0146341463414634,"random",6,7,2,5,9,5,2,5,0.4
9,236,19,11,4,0.031,2.5,0.92759,0.22556,"Agropyron cristatum","Linaria vulgaris",0.0182926829268293,"random",6,7,2,5,10,6,2,6,0.333333333333333
9,239,19,23,8,0.065,5.3,0.96487,0.10475,"Agropyron cristatum","Linum lewisii",0.0329268292682927,"random",6,7,2,5,10,6,2,6,0.333333333333333
9,240,19,6,3,0.017,1.4,0.97621,0.13368,"Agropyron cristatum","Lithospermum incisum",0.0195121951219512,"random",6,7,2,4,6,3,1,4,0.25
9,241,19,13,2,0.037,3,0.37316,0.86288,"Agropyron cristatum","Lithospermum ruderale",-0.0121951219512195,"random",6,7,2,5,7,3,2,3,0.666666666666667
9,246,19,12,0,0.034,2.8,0.03221,1,"Agropyron cristatum","Lonicera dioica",-0.0341463414634146,"negative",6,7,2,6,7,2,2,2,1
9,250,19,6,1,0.017,1.4,0.57543,0.80596,"Agropyron cristatum","Lotus corniculatus",-0.0048780487804878,"random",6,7,2,5,9,5,2,5,0.4
9,253,19,7,3,0.02,1.6,0.95308,0.19875,"Agropyron cristatum","Lygodesmia juncea",0.0170731707317073,"random",6,7,2,6,10,5,2,5,0.4
9,258,19,30,6,0.085,7,0.40838,0.78292,"Agropyron cristatum","Maianthemum stellatum",-0.0121951219512195,"random",6,7,2,5,7,3,2,3,0.666666666666667
9,261,19,10,2,0.028,2.3,0.57952,0.73005,"Agropyron cristatum","Medicago lupulina",-0.00365853658536585,"random",6,7,2,5,11,7,2,7,0.285714285714286
9,262,19,10,3,0.028,2.3,0.83013,0.42048,"Agropyron cristatum","Medicago sativa",0.00853658536585366,"random",6,7,2,5,10,6,2,6,0.333333333333333
9,264,19,9,2,0.025,2.1,0.6547,0.66814,"Agropyron cristatum","Melilotus albus",-0.00121951219512195,"random",6,7,2,6,11,6,2,6,0.333333333333333
9,265,19,14,5,0.04,3.2,0.93687,0.1883,"Agropyron cristatum","Melilotus officinalis",0.0219512195121951,"random",6,7,2,5,11,7,2,7,0.285714285714286
9,275,19,18,5,0.051,4.2,0.80231,0.40571,"Agropyron cristatum","Monarda fistulosa",0.00975609756097561,"random",6,7,2,5,9,5,2,5,0.4
9,278,19,11,6,0.031,2.5,0.99763,0.01599,"Agropyron cristatum","Musineon divaricatum",0.0426829268292683,"positive",6,7,2,4,7,4,2,4,0.5
9,285,19,13,6,0.037,3,0.991,0.04265,"Agropyron cristatum","Oenothera suffrutescens",0.0365853658536585,"positive",6,7,2,5,8,4,2,4,0.5
9,286,19,15,7,0.042,3.5,0.9951,0.02447,"Agropyron cristatum","Opuntia polyacantha",0.0426829268292683,"positive",6,7,2,5,8,4,2,4,0.5
9,287,19,6,2,0.017,1.4,0.86632,0.42457,"Agropyron cristatum","Oreocarya glomerata",0.00731707317073171,"random",6,7,2,5,8,4,2,4,0.5
9,290,19,9,0,0.025,2.1,0.08076,1,"Agropyron cristatum","Oxytropis campestris",-0.025609756097561,"random",6,7,2,5,9,5,2,5,0.4
9,292,19,9,3,0.025,2.1,0.87937,0.3453,"Agropyron cristatum","Oxytropis sericea",0.0109756097560976,"random",6,7,2,5,6,2,1,3,0.333333333333333
9,292,19,9,3,0.025,2.1,0.87937,0.3453,"Agropyron cristatum","Oxytropis sericea",0.0109756097560976,"random",6,7,2,5,6,2,1,3,0.333333333333333
9,293,19,6,1,0.017,1.4,0.57543,0.80596,"Agropyron cristatum","Oxytropis splendens",-0.0048780487804878,"random",6,7,2,6,8,3,2,3,0.666666666666667
9,295,19,5,1,0.014,1.2,0.67239,0.74239,"Agropyron cristatum","Packera cana",-0.0024390243902439,"random",6,7,2,5,8,4,2,4,0.5
9,304,19,8,5,0.023,1.9,0.99842,0.01453,"Agropyron cristatum","Pelecyphora vivipara",0.0378048780487805,"positive",6,7,2,5,7,3,2,3,0.666666666666667
9,307,19,6,0,0.017,1.4,0.19404,1,"Agropyron cristatum","Penstemon confertus",-0.0170731707317073,"random",6,7,2,6,8,3,2,3,0.666666666666667
9,310,19,15,6,0.042,3.5,0.97553,0.0889,"Agropyron cristatum","Penstemon nitidus",0.0304878048780488,"random",6,7,2,4,7,4,2,4,0.5
9,315,19,6,0,0.017,1.4,0.19404,1,"Agropyron cristatum","Petasites frigidus",-0.0170731707317073,"random",6,7,2,4,9,6,2,6,0.333333333333333
9,320,19,6,2,0.017,1.4,0.86632,0.42457,"Agropyron cristatum","Phleum pratense",0.00731707317073171,"random",6,7,2,7,7,1,1,2,0.5
9,321,19,15,8,0.042,3.5,0.9993,0.0049,"Agropyron cristatum","Phlox hoodii",0.0548780487804878,"positive",6,7,2,3,10,8,2,8,0.25
9,323,19,6,3,0.017,1.4,0.97621,0.13368,"Agropyron cristatum","Physaria arenosa",0.0195121951219512,"random",6,7,2,4,7,4,2,4,0.5
9,327,19,5,1,0.014,1.2,0.67239,0.74239,"Agropyron cristatum","Plantago major",-0.0024390243902439,"random",6,7,2,6,8,3,2,3,0.666666666666667
9,328,19,5,1,0.014,1.2,0.67239,0.74239,"Agropyron cristatum","Plantago patagonica",-0.0024390243902439,"random",6,7,2,6,8,3,2,3,0.666666666666667
9,337,19,5,0,0.014,1.2,0.25761,1,"Agropyron cristatum","Polemonium pulcherrimum",-0.0146341463414634,"random",6,7,2,4,9,6,2,6,0.333333333333333
9,338,19,6,0,0.017,1.4,0.19404,1,"Agropyron cristatum","Polygala senega",-0.0170731707317073,"random",6,7,2,5,7,3,2,3,0.666666666666667
9,340,19,6,1,0.017,1.4,0.57543,0.80596,"Agropyron cristatum","Populus balsamifera",-0.0048780487804878,"random",6,7,2,4,5,2,0,4,0
9,342,19,17,2,0.048,3.9,0.1781,0.95079,"Agropyron cristatum","Populus tremuloides",-0.0231707317073171,"random",6,7,2,4,4,1,0,4,0
9,343,19,10,5,0.028,2.3,0.99144,0.04677,"Agropyron cristatum","Potentilla concinna",0.0329268292682927,"positive",6,7,2,4,6,3,1,4,0.25
9,354,19,23,7,0.065,5.3,0.89525,0.24399,"Agropyron cristatum","Prunus virginiana",0.0207317073170732,"random",6,7,2,4,7,4,2,4,0.5
9,356,19,25,7,0.071,5.8,0.83453,0.33796,"Agropyron cristatum","Pulsatilla nuttalliana",0.0146341463414634,"random",6,7,2,3,11,9,2,9,0.222222222222222
9,358,19,10,0,0.028,2.3,0.05974,1,"Agropyron cristatum","Pyrola asarifolia",-0.0280487804878049,"random",6,7,2,6,9,4,2,4,0.5
9,362,19,6,2,0.017,1.4,0.86632,0.42457,"Agropyron cristatum","Ratibida columnifera",0.00731707317073171,"random",6,7,2,6,10,5,2,5,0.4
9,368,19,10,5,0.028,2.3,0.99144,0.04677,"Agropyron cristatum","Rhus aromatica",0.0329268292682927,"positive",6,7,2,5,5,1,0,3,0
9,371,19,7,2,0.02,1.6,0.80125,0.5149,"Agropyron cristatum","Ribes oxyacanthoides",0.0048780487804878,"random",6,7,2,5,6,2,1,3,0.333333333333333
9,373,19,8,1,0.023,1.9,0.4036,0.89134,"Agropyron cristatum","Rosa acicularis",-0.0109756097560976,"random",6,7,2,5,7,3,2,3,0.666666666666667
9,374,19,8,3,0.023,1.9,0.92069,0.27041,"Agropyron cristatum","Rosa arkansana",0.0134146341463415,"random",6,7,2,6,9,4,2,4,0.5
9,376,19,18,5,0.051,4.2,0.80231,0.40571,"Agropyron cristatum","Rosa woodsii",0.00975609756097561,"random",6,7,2,6,8,3,2,3,0.666666666666667
9,389,19,5,1,0.014,1.2,0.67239,0.74239,"Agropyron cristatum","Salix glauca",-0.0024390243902439,"random",6,7,2,6,7,2,2,2,1
9,390,19,10,3,0.028,2.3,0.83013,0.42048,"Agropyron cristatum","Salix interior",0.00853658536585366,"random",6,7,2,5,7,3,2,3,0.666666666666667
9,408,19,8,3,0.023,1.9,0.92069,0.27041,"Agropyron cristatum","Shepherdia argentea",0.0134146341463415,"random",6,7,2,4,5,2,0,4,0
9,409,19,25,4,0.071,5.8,0.23465,0.90692,"Agropyron cristatum","Shepherdia canadensis",-0.0219512195121951,"random",6,7,2,4,5,2,0,4,0
9,412,19,7,1,0.02,1.6,0.4851,0.85447,"Agropyron cristatum","Sisymbrium loeselii",-0.00731707317073171,"random",6,7,2,5,10,6,2,6,0.333333333333333
9,413,19,7,0,0.02,1.6,0.14553,1,"Agropyron cristatum","Sisyrinchium montanum",-0.0195121951219512,"random",6,7,2,5,8,4,2,4,0.5
9,417,19,8,4,0.023,1.9,0.98547,0.07931,"Agropyron cristatum","Solidago missouriensis",0.025609756097561,"random",6,7,2,6,9,4,2,4,0.5
9,423,19,8,4,0.023,1.9,0.98547,0.07931,"Agropyron cristatum","Sphaeralcea coccinea",0.025609756097561,"random",6,7,2,5,9,5,2,5,0.4
9,430,19,30,9,0.085,7,0.91574,0.19909,"Agropyron cristatum","Symphoricarpos occidentalis",0.024390243902439,"random",6,7,2,6,8,3,2,3,0.666666666666667
9,434,19,16,4,0.045,3.7,0.70839,0.53941,"Agropyron cristatum","Symphyotrichum laeve",0.00365853658536585,"random",6,7,2,6,10,5,2,5,0.4
9,437,19,7,3,0.02,1.6,0.95308,0.19875,"Agropyron cristatum","Tanacetum vulgare",0.0170731707317073,"random",6,7,2,7,10,4,1,5,0.2
9,438,19,12,1,0.034,2.8,0.17343,0.96779,"Agropyron cristatum","Taraxacum officinale",-0.0219512195121951,"random",6,7,2,3,11,9,2,9,0.222222222222222
9,442,19,30,10,0.085,7,0.97182,0.08426,"Agropyron cristatum","Thermopsis rhombifolia",0.0365853658536585,"random",6,7,2,4,7,4,2,4,0.5
9,444,19,10,4,0.028,2.3,0.95323,0.16987,"Agropyron cristatum","Thlaspi arvense",0.0207317073170732,"random",6,7,2,4,9,6,2,6,0.333333333333333
9,448,19,18,9,0.051,4.2,0.99931,0.00443,"Agropyron cristatum","Tragopogon dubius",0.0585365853658537,"positive",6,7,2,5,10,6,2,6,0.333333333333333
9,450,19,5,0,0.014,1.2,0.25761,1,"Agropyron cristatum","Triantha glutinosa",-0.0146341463414634,"random",6,7,2,6,8,3,2,3,0.666666666666667
9,454,19,18,2,0.051,4.2,0.14439,0.96268,"Agropyron cristatum","Trifolium pratense",-0.0268292682926829,"random",6,7,2,6,10,5,2,5,0.4
9,455,19,5,0,0.014,1.2,0.25761,1,"Agropyron cristatum","Trifolium repens",-0.0146341463414634,"random",6,7,2,5,10,6,2,6,0.333333333333333
9,458,19,7,1,0.02,1.6,0.4851,0.85447,"Agropyron cristatum","Tripleurospermum inodorum",-0.00731707317073171,"random",6,7,2,5,11,7,2,7,0.285714285714286
9,460,19,6,1,0.017,1.4,0.57543,0.80596,"Agropyron cristatum","Typha latifolia",-0.0048780487804878,"random",6,7,2,6,7,2,2,2,1
9,475,19,16,3,0.045,3.7,0.46059,0.78245,"Agropyron cristatum","Vicia americana",-0.00853658536585366,"random",6,7,2,5,9,5,2,5,0.4
9,476,19,14,1,0.04,3.2,0.10747,0.983,"Agropyron cristatum","Vicia cracca",-0.0268292682926829,"random",6,7,2,5,11,7,2,7,0.285714285714286
9,477,19,15,2,0.042,3.5,0.26312,0.91648,"Agropyron cristatum","Viola adunca",-0.0182926829268293,"random",6,7,2,4,9,6,2,6,0.333333333333333
9,479,19,6,3,0.017,1.4,0.97621,0.13368,"Agropyron cristatum","Viola nuttallii",0.0195121951219512,"random",6,7,2,4,6,3,1,4,0.25
9,488,19,14,1,0.04,3.2,0.10747,0.983,"Agropyron cristatum","Zizia aptera",-0.0268292682926829,"random",6,7,2,5,7,3,2,3,0.666666666666667
10,13,13,15,1,0.029,2.4,0.25852,0.94313,"Allium cernuum","Allium textile",-0.0170731707317073,"random",6,9,4,5,7,3,2,5,0.4
10,19,13,38,5,0.073,6,0.37764,0.82178,"Allium cernuum","Amelanchier alnifolia",-0.0121951219512195,"random",6,9,4,5,7,3,2,5,0.4
10,24,13,10,0,0.019,1.6,0.15895,1,"Allium cernuum","Anemonastrum canadense",-0.0195121951219512,"random",6,9,4,5,9,5,4,5,0.8
10,26,13,14,5,0.027,2.2,0.99256,0.04062,"Allium cernuum","Anemone multifida",0.0341463414634146,"positive",6,9,4,5,8,4,3,5,0.6
10,34,13,15,2,0.029,2.4,0.56098,0.74148,"Allium cernuum","Anticlea elegans",-0.0048780487804878,"random",6,9,4,6,8,3,3,4,0.75
10,42,13,25,4,0.048,4,0.64695,0.60816,"Allium cernuum","Arctostaphylos uva-ursi",0,"random",6,9,4,5,9,5,4,5,0.8
10,44,13,8,1,0.015,1.3,0.62812,0.7654,"Allium cernuum","Arnica cordifolia",-0.00365853658536585,"random",6,9,4,3,10,8,4,8,0.5
10,45,13,14,0,0.027,2.2,0.07032,1,"Allium cernuum","Artemisia absinthium",-0.0268292682926829,"random",6,9,4,7,9,3,3,4,0.75
10,47,13,8,0,0.015,1.3,0.2346,1,"Allium cernuum","Artemisia cana",-0.0158536585365854,"random",6,9,4,6,10,5,4,5,0.8
10,49,13,24,4,0.046,3.8,0.68631,0.56734,"Allium cernuum","Artemisia frigida",0.0024390243902439,"random",6,9,4,8,9,2,2,4,0.5
10,51,13,16,2,0.031,2.5,0.51132,0.7776,"Allium cernuum","Artemisia ludoviciana",-0.00609756097560976,"random",6,9,4,7,9,3,3,4,0.75
10,57,13,7,0,0.014,1.1,0.28379,1,"Allium cernuum","Astragalus agrestis",-0.0134146341463415,"random",6,9,4,5,9,5,4,5,0.8
10,61,13,9,2,0.017,1.4,0.85147,0.43569,"Allium cernuum","Astragalus cicer",0.00731707317073171,"random",6,9,4,6,10,5,4,5,0.8
10,67,13,15,4,0.029,2.4,0.94475,0.18608,"Allium cernuum","Astragalus laxmannii",0.0195121951219512,"random",6,9,4,6,8,3,3,4,0.75
10,81,13,11,1,0.021,1.7,0.44593,0.86975,"Allium cernuum","Bouteloua gracilis",-0.00853658536585366,"random",6,9,4,6,10,5,4,5,0.8
10,82,13,20,1,0.039,3.2,0.11547,0.98138,"Allium cernuum","Bromus inermis",-0.0268292682926829,"random",6,9,4,6,10,5,4,5,0.8
10,86,13,23,5,0.044,3.6,0.89162,0.27564,"Allium cernuum","Campanula alaskana",0.0170731707317073,"random",6,9,4,6,10,5,4,5,0.8
10,87,13,7,1,0.014,1.1,0.69371,0.71621,"Allium cernuum","Campanula rapunculoides",-0.00121951219512195,"random",6,9,4,6,10,5,4,5,0.8
10,89,13,8,3,0.015,1.3,0.98065,0.10953,"Allium cernuum","Caragana arborescens",0.0207317073170732,"random",6,9,4,5,6,2,1,5,0.2
10,107,13,16,2,0.031,2.5,0.51132,0.7776,"Allium cernuum","Chamaenerion angustifolium",-0.00609756097560976,"random",6,9,4,6,9,4,4,4,1
10,112,13,19,2,0.037,3,0.37316,0.86288,"Allium cernuum","Cirsium arvense",-0.0121951219512195,"random",6,9,4,6,9,4,4,4,1
10,117,13,8,1,0.015,1.3,0.62812,0.7654,"Allium cernuum","Cirsium undulatum",-0.00365853658536585,"random",6,9,4,6,9,4,4,4,1
10,118,13,8,1,0.015,1.3,0.62812,0.7654,"Allium cernuum","Cirsium vulgare",-0.00365853658536585,"random",6,9,4,7,11,5,3,6,0.5
10,121,13,8,1,0.015,1.3,0.62812,0.7654,"Allium cernuum","Clematis tangutica",-0.00365853658536585,"random",6,9,4,6,10,5,4,5,0.8
10,123,13,19,3,0.037,3,0.65077,0.62684,"Allium cernuum","Comandra umbellata",0,"random",6,9,4,5,7,3,2,5,0.4
10,129,13,28,5,0.054,4.4,0.75416,0.47506,"Allium cernuum","Cornus sericea",0.0073170731707317,"random",6,9,4,5,8,4,3,5,0.6
10,135,13,7,2,0.014,1.1,0.92429,0.30629,"Allium cernuum","Cypripedium parviflorum",0.0109756097560976,"random",6,9,4,5,7,3,2,5,0.4
10,140,13,7,1,0.014,1.1,0.69371,0.71621,"Allium cernuum","Dalea purpurea",-0.00121951219512195,"random",6,9,4,6,9,4,4,4,1
10,141,13,34,4,0.066,5.4,0.29624,0.87811,"Allium cernuum","Dasiphora fruticosa",-0.0170731707317073,"random",6,9,4,5,10,6,4,6,0.666666666666667
10,160,13,32,5,0.062,5.1,0.60956,0.63279,"Allium cernuum","Elaeagnus commutata",-0.00121951219512195,"random",6,9,4,5,9,5,4,5,0.8
10,171,13,21,5,0.041,3.3,0.92937,0.20496,"Allium cernuum","Eriogonum flavum",0.0207317073170732,"random",6,9,4,5,9,5,4,5,0.8
10,181,13,23,2,0.044,3.6,0.22551,0.93321,"Allium cernuum","Fragaria virginiana",-0.0195121951219512,"random",6,9,4,5,11,7,4,7,0.571428571428571
10,183,13,22,4,0.043,3.5,0.76072,0.48169,"Allium cernuum","Gaillardia aristata",0.00609756097560976,"random",6,9,4,6,10,5,4,5,0.8
10,186,13,28,6,0.054,4.4,0.90372,0.24584,"Allium cernuum","Galium boreale",0.0195121951219512,"random",6,9,4,6,8,3,3,4,0.75
10,190,13,12,5,0.023,1.9,0.99727,0.01949,"Allium cernuum","Geranium viscosissimum",0.0378048780487805,"positive",6,9,4,5,11,7,4,7,0.571428571428571
10,192,13,22,6,0.043,3.5,0.97635,0.08824,"Allium cernuum","Geum triflorum",0.0304878048780488,"random",6,9,4,4,7,4,2,6,0.333333333333333
10,193,13,14,4,0.027,2.2,0.95938,0.15119,"Allium cernuum","Glycyrrhiza lepidota",0.0219512195121951,"random",6,9,4,6,8,3,3,4,0.75
10,195,13,13,2,0.025,2.1,0.66241,0.65648,"Allium cernuum","Grindelia squarrosa",-0.00121951219512195,"random",6,9,4,7,11,5,3,6,0.5
10,196,13,14,5,0.027,2.2,0.99256,0.04062,"Allium cernuum","Gutierrezia sarothrae",0.0341463414634146,"positive",6,9,4,6,9,4,4,4,1
10,199,13,11,1,0.021,1.7,0.44593,0.86975,"Allium cernuum","Hedysarum alpinum",-0.00853658536585366,"random",6,9,4,5,9,5,4,5,0.8
10,200,13,16,1,0.031,2.5,0.2224,0.95416,"Allium cernuum","Hedysarum boreale",-0.0182926829268293,"random",6,9,4,4,10,7,4,7,0.571428571428571
10,206,13,8,2,0.015,1.3,0.89047,0.37188,"Allium cernuum","Heracleum maximum",0.00853658536585366,"random",6,9,4,6,8,3,3,4,0.75
10,208,13,13,4,0.025,2.1,0.97123,0.1196,"Allium cernuum","Heterotheca villosa",0.0231707317073171,"random",6,9,4,6,10,5,4,5,0.8
10,216,13,7,0,0.014,1.1,0.28379,1,"Allium cernuum","Hymenoxys richardsonii",-0.0134146341463415,"random",6,9,4,5,7,3,2,5,0.4
10,217,13,7,1,0.014,1.1,0.69371,0.71621,"Allium cernuum","Hyoscyamus niger",-0.00121951219512195,"random",6,9,4,5,10,6,4,6,0.666666666666667
10,222,13,7,1,0.014,1.1,0.69371,0.71621,"Allium cernuum","Krascheninnikovia lanata",-0.00121951219512195,"random",6,9,4,5,9,4,4,5,0.8
10,233,13,14,4,0.027,2.2,0.95938,0.15119,"Allium cernuum","Liatris punctata",0.0219512195121951,"random",6,9,4,7,10,4,3,5,0.6
10,236,13,11,0,0.021,1.7,0.13025,1,"Allium cernuum","Linaria vulgaris",-0.0207317073170732,"random",6,9,4,5,10,6,4,6,0.666666666666667
10,239,13,23,3,0.044,3.6,0.47494,0.77449,"Allium cernuum","Linum lewisii",-0.00731707317073171,"random",6,9,4,5,10,6,4,6,0.666666666666667
10,241,13,13,4,0.025,2.1,0.97123,0.1196,"Allium cernuum","Lithospermum ruderale",0.0231707317073171,"random",6,9,4,5,7,3,2,5,0.4
10,246,13,12,0,0.023,1.9,0.1064,1,"Allium cernuum","Lonicera dioica",-0.0231707317073171,"random",6,9,4,6,7,2,2,4,0.5
10,253,13,7,3,0.014,1.1,0.98932,0.07571,"Allium cernuum","Lygodesmia juncea",0.0231707317073171,"random",6,9,4,6,10,5,4,5,0.8
10,258,13,30,7,0.058,4.8,0.95556,0.13735,"Allium cernuum","Maianthemum stellatum",0.0268292682926829,"random",6,9,4,5,7,3,2,5,0.4
10,261,13,10,1,0.019,1.6,0.50333,0.84105,"Allium cernuum","Medicago lupulina",-0.00731707317073171,"random",6,9,4,5,11,7,4,7,0.571428571428571
10,262,13,10,0,0.019,1.6,0.15895,1,"Allium cernuum","Medicago sativa",-0.0195121951219512,"random",6,9,4,5,10,6,4,6,0.666666666666667
10,264,13,9,1,0.017,1.4,0.56431,0.80661,"Allium cernuum","Melilotus albus",-0.0048780487804878,"random",6,9,4,6,11,6,4,6,0.666666666666667
10,265,13,14,1,0.027,2.2,0.29885,0.92968,"Allium cernuum","Melilotus officinalis",-0.0146341463414634,"random",6,9,4,5,11,7,4,7,0.571428571428571
10,275,13,18,6,0.035,2.9,0.99383,0.03202,"Allium cernuum","Monarda fistulosa",0.0378048780487805,"positive",6,9,4,5,9,5,4,5,0.8
10,278,13,11,1,0.021,1.7,0.44593,0.86975,"Allium cernuum","Musineon divaricatum",-0.00853658536585366,"random",6,9,4,4,7,4,2,6,0.333333333333333
10,285,13,13,3,0.025,2.1,0.8804,0.33759,"Allium cernuum","Oenothera suffrutescens",0.0109756097560976,"random",6,9,4,5,8,4,3,5,0.6
10,286,13,15,2,0.029,2.4,0.56098,0.74148,"Allium cernuum","Opuntia polyacantha",-0.0048780487804878,"random",6,9,4,5,8,4,3,5,0.6
10,290,13,9,1,0.017,1.4,0.56431,0.80661,"Allium cernuum","Oxytropis campestris",-0.0048780487804878,"random",6,9,4,5,9,5,4,5,0.8
10,292,13,9,0,0.017,1.4,0.19339,1,"Allium cernuum","Oxytropis sericea",-0.0170731707317073,"random",6,9,4,5,6,2,1,5,0.2
10,292,13,9,0,0.017,1.4,0.19339,1,"Allium cernuum","Oxytropis sericea",-0.0170731707317073,"random",6,9,4,5,6,2,1,5,0.2
10,304,13,8,0,0.015,1.3,0.2346,1,"Allium cernuum","Pelecyphora vivipara",-0.0158536585365854,"random",6,9,4,5,7,3,2,5,0.4
10,310,13,15,4,0.029,2.4,0.94475,0.18608,"Allium cernuum","Penstemon nitidus",0.0195121951219512,"random",6,9,4,4,7,4,2,6,0.333333333333333
10,321,13,15,3,0.029,2.4,0.81392,0.43902,"Allium cernuum","Phlox hoodii",0.00731707317073171,"random",6,9,4,3,10,8,4,8,0.5
10,342,13,17,3,0.033,2.7,0.73604,0.53683,"Allium cernuum","Populus tremuloides",0.00365853658536585,"random",6,9,4,4,4,1,0,6,0
10,343,13,10,3,0.019,1.6,0.95244,0.1918,"Allium cernuum","Potentilla concinna",0.0170731707317073,"random",6,9,4,4,6,3,1,6,0.166666666666667
10,354,13,23,3,0.044,3.6,0.47494,0.77449,"Allium cernuum","Prunus virginiana",-0.00731707317073171,"random",6,9,4,4,7,4,2,6,0.333333333333333
10,356,13,25,4,0.048,4,0.64695,0.60816,"Allium cernuum","Pulsatilla nuttalliana",0,"random",6,9,4,3,11,9,4,9,0.444444444444444
10,358,13,10,2,0.019,1.6,0.8082,0.49667,"Allium cernuum","Pyrola asarifolia",0.0048780487804878,"random",6,9,4,6,9,4,4,4,1
10,368,13,10,2,0.019,1.6,0.8082,0.49667,"Allium cernuum","Rhus aromatica",0.0048780487804878,"random",6,9,4,5,5,1,0,5,0
10,371,13,7,1,0.014,1.1,0.69371,0.71621,"Allium cernuum","Ribes oxyacanthoides",-0.00121951219512195,"random",6,9,4,5,6,2,1,5,0.2
10,373,13,8,0,0.015,1.3,0.2346,1,"Allium cernuum","Rosa acicularis",-0.0158536585365854,"random",6,9,4,5,7,3,2,5,0.4
10,374,13,8,3,0.015,1.3,0.98065,0.10953,"Allium cernuum","Rosa arkansana",0.0207317073170732,"random",6,9,4,6,9,4,4,4,1
10,376,13,18,3,0.035,2.9,0.69406,0.58301,"Allium cernuum","Rosa woodsii",0.00121951219512195,"random",6,9,4,6,8,3,3,4,0.75
10,390,13,10,0,0.019,1.6,0.15895,1,"Allium cernuum","Salix interior",-0.0195121951219512,"random",6,9,4,5,7,3,2,5,0.4
10,408,13,8,1,0.015,1.3,0.62812,0.7654,"Allium cernuum","Shepherdia argentea",-0.00365853658536585,"random",6,9,4,4,5,2,0,6,0
10,409,13,25,3,0.048,4,0.39184,0.8308,"Allium cernuum","Shepherdia canadensis",-0.0121951219512195,"random",6,9,4,4,5,2,0,6,0
10,412,13,7,0,0.014,1.1,0.28379,1,"Allium cernuum","Sisymbrium loeselii",-0.0134146341463415,"random",6,9,4,5,10,6,4,6,0.666666666666667
10,413,13,7,1,0.014,1.1,0.69371,0.71621,"Allium cernuum","Sisyrinchium montanum",-0.00121951219512195,"random",6,9,4,5,8,4,3,5,0.6
10,417,13,8,2,0.015,1.3,0.89047,0.37188,"Allium cernuum","Solidago missouriensis",0.00853658536585366,"random",6,9,4,6,9,4,4,4,1
10,423,13,8,0,0.015,1.3,0.2346,1,"Allium cernuum","Sphaeralcea coccinea",-0.0158536585365854,"random",6,9,4,5,9,5,4,5,0.8
10,430,13,30,4,0.058,4.8,0.44419,0.78182,"Allium cernuum","Symphoricarpos occidentalis",-0.00975609756097561,"random",6,9,4,6,8,3,3,4,0.75
10,434,13,16,2,0.031,2.5,0.51132,0.7776,"Allium cernuum","Symphyotrichum laeve",-0.00609756097560976,"random",6,9,4,6,10,5,4,5,0.8
10,437,13,7,0,0.014,1.1,0.28379,1,"Allium cernuum","Tanacetum vulgare",-0.0134146341463415,"random",6,9,4,7,10,4,3,5,0.6
10,438,13,12,1,0.023,1.9,0.39258,0.8936,"Allium cernuum","Taraxacum officinale",-0.0109756097560976,"random",6,9,4,3,11,9,4,9,0.444444444444444
10,442,13,30,4,0.058,4.8,0.44419,0.78182,"Allium cernuum","Thermopsis rhombifolia",-0.00975609756097561,"random",6,9,4,4,7,4,2,6,0.333333333333333
10,444,13,10,0,0.019,1.6,0.15895,1,"Allium cernuum","Thlaspi arvense",-0.0195121951219512,"random",6,9,4,4,9,6,4,6,0.666666666666667
10,448,13,18,4,0.035,2.9,0.88297,0.30594,"Allium cernuum","Tragopogon dubius",0.0134146341463415,"random",6,9,4,5,10,6,4,6,0.666666666666667
10,454,13,18,2,0.035,2.9,0.41699,0.83804,"Allium cernuum","Trifolium pratense",-0.0109756097560976,"random",6,9,4,6,10,5,4,5,0.8
10,458,13,7,0,0.014,1.1,0.28379,1,"Allium cernuum","Tripleurospermum inodorum",-0.0134146341463415,"random",6,9,4,5,11,7,4,7,0.571428571428571
10,475,13,16,2,0.031,2.5,0.51132,0.7776,"Allium cernuum","Vicia americana",-0.00609756097560976,"random",6,9,4,5,9,5,4,5,0.8
10,476,13,14,0,0.027,2.2,0.07032,1,"Allium cernuum","Vicia cracca",-0.0268292682926829,"random",6,9,4,5,11,7,4,7,0.571428571428571
10,477,13,15,1,0.029,2.4,0.25852,0.94313,"Allium cernuum","Viola adunca",-0.0170731707317073,"random",6,9,4,4,9,6,4,6,0.666666666666667
10,488,13,14,2,0.027,2.2,0.61157,0.70115,"Allium cernuum","Zizia aptera",-0.0024390243902439,"random",6,9,4,5,7,3,2,5,0.4
13,19,15,38,8,0.085,7,0.8125,0.37552,"Allium textile","Amelanchier alnifolia",0.0121951219512195,"random",5,7,3,5,7,3,3,3,1
13,24,15,10,1,0.022,1.8,0.41573,0.88408,"Allium textile","Anemonastrum canadense",-0.00975609756097561,"random",5,7,3,5,9,5,3,5,0.6
13,26,15,14,0,0.031,2.6,0.04451,1,"Allium textile","Anemone multifida",-0.0317073170731707,"negative",5,7,3,5,8,4,3,4,0.75
13,32,15,6,1,0.013,1.1,0.69871,0.715,"Allium textile","Antennaria rosea",-0.00121951219512195,"random",5,7,3,5,10,6,3,6,0.5
13,34,15,15,3,0.033,2.7,0.723,0.55076,"Allium textile","Anticlea elegans",0.00365853658536585,"random",5,7,3,6,8,3,2,4,0.5
13,36,15,6,2,0.013,1.1,0.92854,0.30129,"Allium textile","Apocynum androsaemifolium",0.0109756097560976,"random",5,7,3,5,9,5,3,5,0.6
13,42,15,25,4,0.056,4.6,0.49258,0.74159,"Allium textile","Arctostaphylos uva-ursi",-0.0073170731707317,"random",5,7,3,5,9,5,3,5,0.6
13,44,15,8,0,0.018,1.5,0.183,1,"Allium textile","Arnica cordifolia",-0.0182926829268293,"random",5,7,3,3,10,8,3,8,0.375
13,45,15,14,0,0.031,2.6,0.04451,1,"Allium textile","Artemisia absinthium",-0.0317073170731707,"negative",5,7,3,7,9,3,1,5,0.2
13,47,15,8,4,0.018,1.5,0.99564,0.03371,"Allium textile","Artemisia cana",0.0304878048780488,"positive",5,7,3,6,10,5,2,6,0.333333333333333
13,49,15,24,9,0.054,4.4,0.99898,0.00633,"Allium textile","Artemisia frigida",0.0560975609756098,"positive",5,7,3,8,9,2,0,5,0
13,51,15,16,4,0.036,2.9,0.87009,0.32603,"Allium textile","Artemisia ludoviciana",0.0134146341463415,"random",5,7,3,7,9,3,1,5,0.2
13,54,15,6,2,0.013,1.1,0.92854,0.30129,"Allium textile","Asclepias viridiflora",0.0109756097560976,"random",5,7,3,6,7,2,2,3,0.666666666666667
13,57,15,7,1,0.016,1.3,0.6225,0.77125,"Allium textile","Astragalus agrestis",-0.00365853658536585,"random",5,7,3,5,9,5,3,5,0.6
13,61,15,9,0,0.02,1.6,0.1459,1,"Allium textile","Astragalus cicer",-0.0195121951219512,"random",5,7,3,6,10,5,2,6,0.333333333333333
13,67,15,15,5,0.033,2.7,0.9737,0.10101,"Allium textile","Astragalus laxmannii",0.0280487804878049,"random",5,7,3,6,8,3,2,4,0.5
13,81,15,11,4,0.025,2,0.97477,0.11,"Allium textile","Bouteloua gracilis",0.024390243902439,"random",5,7,3,6,10,5,2,6,0.333333333333333
13,82,15,20,3,0.045,3.7,0.47312,0.77394,"Allium textile","Bromus inermis",-0.00853658536585366,"random",5,7,3,6,10,5,2,6,0.333333333333333
13,86,15,23,5,0.051,4.2,0.79708,0.41503,"Allium textile","Campanula alaskana",0.00975609756097561,"random",5,7,3,6,10,5,2,6,0.333333333333333
13,87,15,7,0,0.016,1.3,0.22875,1,"Allium textile","Campanula rapunculoides",-0.0158536585365854,"random",5,7,3,6,10,5,2,6,0.333333333333333
13,89,15,8,2,0.018,1.5,0.843,0.451,"Allium textile","Caragana arborescens",0.00609756097560976,"random",5,7,3,5,6,2,2,3,0.666666666666667
13,107,15,16,0,0.036,2.9,0.02692,1,"Allium textile","Chamaenerion angustifolium",-0.0353658536585366,"negative",5,7,3,6,9,4,2,5,0.4
13,112,15,19,1,0.042,3.5,0.08352,0.98775,"Allium textile","Cirsium arvense",-0.0304878048780488,"random",5,7,3,6,9,4,2,5,0.4
13,117,15,8,3,0.018,1.5,0.96629,0.157,"Allium textile","Cirsium undulatum",0.0182926829268293,"random",5,7,3,6,9,4,2,5,0.4
13,118,15,8,1,0.018,1.5,0.549,0.817,"Allium textile","Cirsium vulgare",-0.00609756097560976,"random",5,7,3,7,11,5,1,7,0.142857142857143
13,121,15,8,0,0.018,1.5,0.183,1,"Allium textile","Clematis tangutica",-0.0182926829268293,"random",5,7,3,6,10,5,2,6,0.333333333333333
13,123,15,19,6,0.042,3.5,0.97553,0.0889,"Allium textile","Comandra umbellata",0.0304878048780488,"random",5,7,3,5,7,3,3,3,1
13,129,15,28,5,0.062,5.1,0.59735,0.63862,"Allium textile","Cornus sericea",-0.00121951219512195,"random",5,7,3,5,8,4,3,4,0.75
13,135,15,7,2,0.016,1.3,0.88923,0.3775,"Allium textile","Cypripedium parviflorum",0.00853658536585366,"random",5,7,3,5,7,3,3,3,1
13,140,15,7,1,0.016,1.3,0.6225,0.77125,"Allium textile","Dalea purpurea",-0.00365853658536585,"random",5,7,3,6,9,4,2,5,0.4
13,141,15,34,4,0.076,6.2,0.15957,0.94556,"Allium textile","Dasiphora fruticosa",-0.0268292682926829,"random",5,7,3,5,10,6,3,6,0.5
13,160,15,32,4,0.071,5.9,0.21607,0.91869,"Allium textile","Elaeagnus commutata",-0.0231707317073171,"random",5,7,3,5,9,5,3,5,0.6
13,171,15,21,9,0.047,3.8,0.99977,0.00187,"Allium textile","Eriogonum flavum",0.0634146341463415,"positive",5,7,3,5,9,5,3,5,0.6
13,181,15,23,4,0.051,4.2,0.58497,0.66366,"Allium textile","Fragaria virginiana",-0.0024390243902439,"random",5,7,3,5,11,7,3,7,0.428571428571429
13,183,15,22,2,0.049,4,0.16337,0.95638,"Allium textile","Gaillardia aristata",-0.024390243902439,"random",5,7,3,6,10,5,2,6,0.333333333333333
13,184,15,6,0,0.013,1.1,0.285,1,"Allium textile","Galearis rotundifolia",-0.0134146341463415,"random",5,7,3,6,7,2,2,3,0.666666666666667
13,186,15,28,5,0.062,5.1,0.59735,0.63862,"Allium textile","Galium boreale",-0.00121951219512195,"random",5,7,3,6,8,3,2,4,0.5
13,190,15,12,1,0.027,2.2,0.30505,0.92762,"Allium textile","Geranium viscosissimum",-0.0146341463414634,"random",5,7,3,5,11,7,3,7,0.428571428571429
13,192,15,22,6,0.049,4,0.94094,0.16972,"Allium textile","Geum triflorum",0.024390243902439,"random",5,7,3,4,7,4,3,4,0.75
13,193,15,14,1,0.031,2.6,0.2176,0.95549,"Allium textile","Glycyrrhiza lepidota",-0.0195121951219512,"random",5,7,3,6,8,3,2,4,0.5
13,195,15,13,3,0.029,2.4,0.81392,0.43902,"Allium textile","Grindelia squarrosa",0.00731707317073171,"random",5,7,3,7,11,5,1,7,0.142857142857143
13,196,15,14,4,0.031,2.6,0.92389,0.23007,"Allium textile","Gutierrezia sarothrae",0.0170731707317073,"random",5,7,3,6,9,4,2,5,0.4
13,199,15,11,3,0.025,2,0.89,0.32194,"Allium textile","Hedysarum alpinum",0.0121951219512195,"random",5,7,3,5,9,5,3,5,0.6
13,200,15,16,4,0.036,2.9,0.87009,0.32603,"Allium textile","Hedysarum boreale",0.0134146341463415,"random",5,7,3,4,10,7,3,7,0.428571428571429
13,202,15,6,3,0.013,1.1,0.99079,0.07146,"Allium textile","Helianthus annuus",0.0231707317073171,"random",5,7,3,6,11,6,2,7,0.285714285714286
13,206,15,8,1,0.018,1.5,0.549,0.817,"Allium textile","Heracleum maximum",-0.00609756097560976,"random",5,7,3,6,8,3,2,4,0.5
13,208,15,13,4,0.029,2.4,0.94475,0.18608,"Allium textile","Heterotheca villosa",0.0195121951219512,"random",5,7,3,6,10,5,2,6,0.333333333333333
13,214,15,6,1,0.013,1.1,0.69871,0.715,"Allium textile","Hordeum jubatum",-0.00121951219512195,"random",5,7,3,6,7,2,2,3,0.666666666666667
13,216,15,7,5,0.016,1.3,0.99991,0.00184,"Allium textile","Hymenoxys richardsonii",0.0451219512195122,"positive",5,7,3,5,7,3,3,3,1
13,217,15,7,1,0.016,1.3,0.6225,0.77125,"Allium textile","Hyoscyamus niger",-0.00365853658536585,"random",5,7,3,5,10,6,3,6,0.5
13,222,15,7,3,0.016,1.3,0.98096,0.11077,"Allium textile","Krascheninnikovia lanata",0.0207317073170732,"random",5,7,3,5,9,4,3,5,0.6
13,233,15,14,8,0.031,2.6,0.99998,0.00032,"Allium textile","Liatris punctata",0.0658536585365854,"positive",5,7,3,7,10,4,1,6,0.166666666666667
13,236,15,11,0,0.025,2,0.09177,1,"Allium textile","Linaria vulgaris",-0.024390243902439,"random",5,7,3,5,10,6,3,6,0.5
13,239,15,23,2,0.051,4.2,0.13742,0.96531,"Allium textile","Linum lewisii",-0.0268292682926829,"random",5,7,3,5,10,6,3,6,0.5
13,240,15,6,4,0.013,1.1,0.99941,0.00921,"Allium textile","Lithospermum incisum",0.0353658536585366,"positive",5,7,3,4,6,3,2,4,0.5
13,241,15,13,3,0.029,2.4,0.81392,0.43902,"Allium textile","Lithospermum ruderale",0.00731707317073171,"random",5,7,3,5,7,3,3,3,1
13,246,15,12,2,0.027,2.2,0.61935,0.69495,"Allium textile","Lonicera dioica",-0.0024390243902439,"random",5,7,3,6,7,2,2,3,0.666666666666667
13,250,15,6,0,0.013,1.1,0.285,1,"Allium textile","Lotus corniculatus",-0.0134146341463415,"random",5,7,3,5,9,5,3,5,0.6
13,253,15,7,3,0.016,1.3,0.98096,0.11077,"Allium textile","Lygodesmia juncea",0.0207317073170732,"random",5,7,3,6,10,5,2,6,0.333333333333333
13,258,15,30,5,0.067,5.5,0.50982,0.71637,"Allium textile","Maianthemum stellatum",-0.00609756097560976,"random",5,7,3,5,7,3,3,3,1
13,261,15,10,0,0.022,1.8,0.11592,1,"Allium textile","Medicago lupulina",-0.0219512195121951,"random",5,7,3,5,11,7,3,7,0.428571428571429
13,262,15,10,1,0.022,1.8,0.41573,0.88408,"Allium textile","Medicago sativa",-0.00975609756097561,"random",5,7,3,5,10,6,3,6,0.5
13,264,15,9,0,0.02,1.6,0.1459,1,"Allium textile","Melilotus albus",-0.0195121951219512,"random",5,7,3,6,11,6,2,7,0.285714285714286
13,265,15,14,2,0.031,2.6,0.504,0.7824,"Allium textile","Melilotus officinalis",-0.00731707317073171,"random",5,7,3,5,11,7,3,7,0.428571428571429
13,275,15,18,3,0.04,3.3,0.57295,0.69592,"Allium textile","Monarda fistulosa",-0.00365853658536585,"random",5,7,3,5,9,5,3,5,0.6
13,278,15,11,3,0.025,2,0.89,0.32194,"Allium textile","Musineon divaricatum",0.0121951219512195,"random",5,7,3,4,7,4,3,4,0.75
13,285,15,13,6,0.029,2.4,0.99841,0.01134,"Allium textile","Oenothera suffrutescens",0.0439024390243902,"positive",5,7,3,5,8,4,3,4,0.75
13,286,15,15,7,0.033,2.7,0.99939,0.00483,"Allium textile","Opuntia polyacantha",0.0524390243902439,"positive",5,7,3,5,8,4,3,4,0.75
13,287,15,6,2,0.013,1.1,0.92854,0.30129,"Allium textile","Oreocarya glomerata",0.0109756097560976,"random",5,7,3,5,8,4,3,4,0.75
13,290,15,9,0,0.02,1.6,0.1459,1,"Allium textile","Oxytropis campestris",-0.0195121951219512,"random",5,7,3,5,9,5,3,5,0.6
13,292,15,9,5,0.02,1.6,0.99913,0.00872,"Allium textile","Oxytropis sericea",0.0414634146341463,"positive",5,7,3,5,6,2,2,3,0.666666666666667
13,292,15,9,5,0.02,1.6,0.99913,0.00872,"Allium textile","Oxytropis sericea",0.0414634146341463,"positive",5,7,3,5,6,2,2,3,0.666666666666667
13,293,15,6,3,0.013,1.1,0.99079,0.07146,"Allium textile","Oxytropis splendens",0.0231707317073171,"random",5,7,3,6,8,3,2,4,0.5
13,304,15,8,6,0.018,1.5,0.99999,0.00032,"Allium textile","Pelecyphora vivipara",0.0548780487804878,"positive",5,7,3,5,7,3,3,3,1
13,307,15,6,1,0.013,1.1,0.69871,0.715,"Allium textile","Penstemon confertus",-0.00121951219512195,"random",5,7,3,6,8,3,2,4,0.5
13,310,15,15,8,0.033,2.7,0.99995,0.00061,"Allium textile","Penstemon nitidus",0.0646341463414634,"positive",5,7,3,4,7,4,3,4,0.75
13,315,15,6,0,0.013,1.1,0.285,1,"Allium textile","Petasites frigidus",-0.0134146341463415,"random",5,7,3,4,9,6,3,6,0.5
13,320,15,6,2,0.013,1.1,0.92854,0.30129,"Allium textile","Phleum pratense",0.0109756097560976,"random",5,7,3,7,7,1,1,3,0.333333333333333
13,321,15,15,6,0.033,2.7,0.99517,0.0263,"Allium textile","Phlox hoodii",0.0402439024390244,"positive",5,7,3,3,10,8,3,8,0.375
13,323,15,6,4,0.013,1.1,0.99941,0.00921,"Allium textile","Physaria arenosa",0.0353658536585366,"positive",5,7,3,4,7,4,3,4,0.75
13,338,15,6,1,0.013,1.1,0.69871,0.715,"Allium textile","Polygala senega",-0.00121951219512195,"random",5,7,3,5,7,3,3,3,1
13,340,15,6,1,0.013,1.1,0.69871,0.715,"Allium textile","Populus balsamifera",-0.00121951219512195,"random",5,7,3,4,5,2,1,4,0.25
13,342,15,17,2,0.038,3.1,0.34889,0.87517,"Allium textile","Populus tremuloides",-0.0134146341463415,"random",5,7,3,4,4,1,0,4,0
13,343,15,10,3,0.022,1.8,0.92082,0.26414,"Allium textile","Potentilla concinna",0.0146341463414634,"random",5,7,3,4,6,3,2,4,0.5
13,354,15,23,4,0.051,4.2,0.58497,0.66366,"Allium textile","Prunus virginiana",-0.0024390243902439,"random",5,7,3,4,7,4,3,4,0.75
13,356,15,25,6,0.056,4.6,0.88262,0.27723,"Allium textile","Pulsatilla nuttalliana",0.0170731707317073,"random",5,7,3,3,11,9,3,9,0.333333333333333
13,358,15,10,2,0.022,1.8,0.73586,0.58427,"Allium textile","Pyrola asarifolia",0.0024390243902439,"random",5,7,3,6,9,4,2,5,0.4
13,362,15,6,1,0.013,1.1,0.69871,0.715,"Allium textile","Ratibida columnifera",-0.00121951219512195,"random",5,7,3,6,10,5,2,6,0.333333333333333
13,368,15,10,3,0.022,1.8,0.92082,0.26414,"Allium textile","Rhus aromatica",0.0146341463414634,"random",5,7,3,5,5,1,1,3,0.333333333333333
13,371,15,7,2,0.016,1.3,0.88923,0.3775,"Allium textile","Ribes oxyacanthoides",0.00853658536585366,"random",5,7,3,5,6,2,2,3,0.666666666666667
13,373,15,8,0,0.018,1.5,0.183,1,"Allium textile","Rosa acicularis",-0.0182926829268293,"random",5,7,3,5,7,3,3,3,1
13,374,15,8,1,0.018,1.5,0.549,0.817,"Allium textile","Rosa arkansana",-0.00609756097560976,"random",5,7,3,6,9,4,2,5,0.4
13,376,15,18,2,0.04,3.3,0.30408,0.89757,"Allium textile","Rosa woodsii",-0.0158536585365854,"random",5,7,3,6,8,3,2,4,0.5
13,390,15,10,1,0.022,1.8,0.41573,0.88408,"Allium textile","Salix interior",-0.00975609756097561,"random",5,7,3,5,7,3,3,3,1
13,408,15,8,2,0.018,1.5,0.843,0.451,"Allium textile","Shepherdia argentea",0.00609756097560976,"random",5,7,3,4,5,2,1,4,0.25
13,409,15,25,3,0.056,4.6,0.25841,0.9048,"Allium textile","Shepherdia canadensis",-0.0195121951219512,"random",5,7,3,4,5,2,1,4,0.25
13,412,15,7,0,0.016,1.3,0.22875,1,"Allium textile","Sisymbrium loeselii",-0.0158536585365854,"random",5,7,3,5,10,6,3,6,0.5
13,413,15,7,1,0.016,1.3,0.6225,0.77125,"Allium textile","Sisyrinchium montanum",-0.00365853658536585,"random",5,7,3,5,8,4,3,4,0.75
13,417,15,8,3,0.018,1.5,0.96629,0.157,"Allium textile","Solidago missouriensis",0.0182926829268293,"random",5,7,3,6,9,4,2,5,0.4
13,423,15,8,5,0.018,1.5,0.99968,0.00436,"Allium textile","Sphaeralcea coccinea",0.0426829268292683,"positive",5,7,3,5,9,5,3,5,0.6
13,430,15,30,7,0.067,5.5,0.88269,0.27101,"Allium textile","Symphoricarpos occidentalis",0.0182926829268293,"random",5,7,3,6,8,3,2,4,0.5
13,434,15,16,2,0.036,2.9,0.39738,0.84881,"Allium textile","Symphyotrichum laeve",-0.0109756097560976,"random",5,7,3,6,10,5,2,6,0.333333333333333
13,437,15,7,1,0.016,1.3,0.6225,0.77125,"Allium textile","Tanacetum vulgare",-0.00365853658536585,"random",5,7,3,7,10,4,1,6,0.166666666666667
13,438,15,12,1,0.027,2.2,0.30505,0.92762,"Allium textile","Taraxacum officinale",-0.0146341463414634,"random",5,7,3,3,11,9,3,9,0.333333333333333
13,442,15,30,11,0.067,5.5,0.99979,0.00169,"Allium textile","Thermopsis rhombifolia",0.0670731707317073,"positive",5,7,3,4,7,4,3,4,0.75
13,444,15,10,0,0.022,1.8,0.11592,1,"Allium textile","Thlaspi arvense",-0.0219512195121951,"random",5,7,3,4,9,6,3,6,0.5
13,448,15,18,4,0.04,3.3,0.80124,0.42705,"Allium textile","Tragopogon dubius",0.00853658536585366,"random",5,7,3,5,10,6,3,6,0.5
13,454,15,18,0,0.04,3.3,0.016,1,"Allium textile","Trifolium pratense",-0.0402439024390244,"negative",5,7,3,6,10,5,2,6,0.333333333333333
13,458,15,7,0,0.016,1.3,0.22875,1,"Allium textile","Tripleurospermum inodorum",-0.0158536585365854,"random",5,7,3,5,11,7,3,7,0.428571428571429
13,460,15,6,0,0.013,1.1,0.285,1,"Allium textile","Typha latifolia",-0.0134146341463415,"random",5,7,3,6,7,2,2,3,0.666666666666667
13,475,15,16,3,0.036,2.9,0.67397,0.60262,"Allium textile","Vicia americana",0.00121951219512195,"random",5,7,3,5,9,5,3,5,0.6
13,476,15,14,0,0.031,2.6,0.04451,1,"Allium textile","Vicia cracca",-0.0317073170731707,"negative",5,7,3,5,11,7,3,7,0.428571428571429
13,477,15,15,4,0.033,2.7,0.89899,0.277,"Allium textile","Viola adunca",0.0158536585365854,"random",5,7,3,4,9,6,3,6,0.5
13,479,15,6,3,0.013,1.1,0.99079,0.07146,"Allium textile","Viola nuttallii",0.0231707317073171,"random",5,7,3,4,6,3,2,4,0.5
13,488,15,14,3,0.031,2.6,0.76993,0.496,"Allium textile","Zizia aptera",0.0048780487804878,"random",5,7,3,5,7,3,3,3,1
17,19,5,38,3,0.028,2.3,0.86257,0.42991,"Alyssum turkestanicum","Amelanchier alnifolia",0.00853658536585366,"random",4,6,3,5,7,3,2,4,0.5
17,42,5,25,0,0.019,1.5,0.15346,1,"Alyssum turkestanicum","Arctostaphylos uva-ursi",-0.0182926829268293,"random",4,6,3,5,9,5,2,6,0.333333333333333
17,49,5,24,4,0.018,1.5,0.99844,0.02415,"Alyssum turkestanicum","Artemisia frigida",0.0304878048780488,"positive",4,6,3,8,9,2,0,6,0
17,82,5,20,0,0.015,1.2,0.23716,1,"Alyssum turkestanicum","Bromus inermis",-0.0146341463414634,"random",4,6,3,6,10,5,1,7,0.142857142857143
17,86,5,23,2,0.017,1.4,0.86856,0.43287,"Alyssum turkestanicum","Campanula alaskana",0.00731707317073171,"random",4,6,3,6,10,5,1,7,0.142857142857143
17,112,5,19,0,0.014,1.2,0.25761,1,"Alyssum turkestanicum","Cirsium arvense",-0.0146341463414634,"random",4,6,3,6,9,4,1,6,0.166666666666667
17,123,5,19,4,0.014,1.2,0.99957,0.00938,"Alyssum turkestanicum","Comandra umbellata",0.0341463414634146,"positive",4,6,3,5,7,3,2,4,0.5
17,129,5,28,1,0.021,1.7,0.44044,0.88409,"Alyssum turkestanicum","Cornus sericea",-0.00853658536585366,"random",4,6,3,5,8,4,2,5,0.4
17,141,5,34,0,0.025,2.1,0.06276,1,"Alyssum turkestanicum","Dasiphora fruticosa",-0.025609756097561,"random",4,6,3,5,10,6,2,7,0.285714285714286
17,160,5,32,1,0.024,2,0.34775,0.92235,"Alyssum turkestanicum","Elaeagnus commutata",-0.0121951219512195,"random",4,6,3,5,9,5,2,6,0.333333333333333
17,171,5,21,5,0.016,1.3,1,0.00075,"Alyssum turkestanicum","Eriogonum flavum",0.0451219512195122,"positive",4,6,3,5,9,5,2,6,0.333333333333333
17,181,5,23,0,0.017,1.4,0.18348,1,"Alyssum turkestanicum","Fragaria virginiana",-0.0170731707317073,"random",4,6,3,5,11,7,2,8,0.25
17,183,5,22,1,0.016,1.3,0.59334,0.79984,"Alyssum turkestanicum","Gaillardia aristata",-0.00365853658536585,"random",4,6,3,6,10,5,1,7,0.142857142857143
17,186,5,28,0,0.021,1.7,0.11591,1,"Alyssum turkestanicum","Galium boreale",-0.0207317073170732,"random",4,6,3,6,8,3,1,5,0.2
17,192,5,22,0,0.016,1.3,0.20016,1,"Alyssum turkestanicum","Geum triflorum",-0.0158536585365854,"random",4,6,3,4,7,4,3,4,0.75
17,239,5,23,1,0.017,1.4,0.56713,0.81652,"Alyssum turkestanicum","Linum lewisii",-0.0048780487804878,"random",4,6,3,5,10,6,2,7,0.285714285714286
17,258,5,30,3,0.022,1.8,0.94255,0.25476,"Alyssum turkestanicum","Maianthemum stellatum",0.0146341463414634,"random",4,6,3,5,7,3,2,4,0.5
17,275,5,18,0,0.013,1.1,0.27944,1,"Alyssum turkestanicum","Monarda fistulosa",-0.0134146341463415,"random",4,6,3,5,9,5,2,6,0.333333333333333
17,342,5,17,0,0.013,1,0.30272,1,"Alyssum turkestanicum","Populus tremuloides",-0.0121951219512195,"random",4,6,3,4,4,1,1,3,0.333333333333333
17,354,5,23,1,0.017,1.4,0.56713,0.81652,"Alyssum turkestanicum","Prunus virginiana",-0.0048780487804878,"random",4,6,3,4,7,4,3,4,0.75
17,356,5,25,0,0.019,1.5,0.15346,1,"Alyssum turkestanicum","Pulsatilla nuttalliana",-0.0182926829268293,"random",4,6,3,3,11,9,3,9,0.333333333333333
17,376,5,18,1,0.013,1.1,0.69859,0.72056,"Alyssum turkestanicum","Rosa woodsii",-0.00121951219512195,"random",4,6,3,6,8,3,1,5,0.2
17,409,5,25,0,0.019,1.5,0.15346,1,"Alyssum turkestanicum","Shepherdia canadensis",-0.0182926829268293,"random",4,6,3,4,5,2,2,3,0.666666666666667
17,430,5,30,0,0.022,1.8,0.09525,1,"Alyssum turkestanicum","Symphoricarpos occidentalis",-0.0219512195121951,"random",4,6,3,6,8,3,1,5,0.2
17,442,5,30,3,0.022,1.8,0.94255,0.25476,"Alyssum turkestanicum","Thermopsis rhombifolia",0.0146341463414634,"random",4,6,3,4,7,4,3,4,0.75
17,448,5,18,2,0.013,1.1,0.93222,0.30141,"Alyssum turkestanicum","Tragopogon dubius",0.0109756097560976,"random",4,6,3,5,10,6,2,7,0.285714285714286
17,454,5,18,0,0.013,1.1,0.27944,1,"Alyssum turkestanicum","Trifolium pratense",-0.0134146341463415,"random",4,6,3,6,10,5,1,7,0.142857142857143
19,20,38,4,0,0.023,1.9,0.07761,1,"Amelanchier alnifolia","Anaphalis margaritacea",-0.0231707317073171,"random",5,7,3,6,9,4,2,5,0.4
19,24,38,10,7,0.057,4.6,0.9748,0.10333,"Amelanchier alnifolia","Anemonastrum canadense",0.0292682926829268,"random",5,7,3,5,9,5,3,5,0.6
19,25,38,5,4,0.028,2.3,0.9816,0.13743,"Amelanchier alnifolia","Anemone cylindrica",0.0207317073170732,"random",5,7,3,6,7,2,2,3,0.666666666666667
19,26,38,14,8,0.079,6.5,0.88177,0.27524,"Amelanchier alnifolia","Anemone multifida",0.0182926829268293,"random",5,7,3,5,8,4,3,4,0.75
19,27,38,3,0,0.017,1.4,0.14955,1,"Amelanchier alnifolia","Anemone parviflora",-0.0170731707317073,"random",5,7,3,5,9,5,3,5,0.6
19,30,38,3,3,0.017,1.4,1,0.09526,"Amelanchier alnifolia","Antennaria anaphaloides",0.0195121951219512,"random",5,7,3,6,8,3,2,4,0.5
19,32,38,6,1,0.034,2.8,0.13801,0.97984,"Amelanchier alnifolia","Antennaria rosea",-0.0219512195121951,"random",5,7,3,5,10,6,3,6,0.5
19,34,38,15,10,0.085,7,0.97946,0.07205,"Amelanchier alnifolia","Anticlea elegans",0.0365853658536585,"random",5,7,3,6,8,3,2,4,0.5
19,36,38,6,5,0.034,2.8,0.99212,0.07096,"Amelanchier alnifolia","Apocynum androsaemifolium",0.0268292682926829,"random",5,7,3,5,9,5,3,5,0.6
19,38,38,3,0,0.017,1.4,0.14955,1,"Amelanchier alnifolia","Aquilegia flavescens",-0.0170731707317073,"random",5,7,3,5,9,5,3,5,0.6
19,39,38,3,2,0.017,1.4,0.90474,0.44453,"Amelanchier alnifolia","Arctium minus",0.00731707317073171,"random",5,7,3,6,9,4,2,5,0.4
19,42,38,25,14,0.141,11.6,0.91955,0.17851,"Amelanchier alnifolia","Arctostaphylos uva-ursi",0.0292682926829268,"random",5,7,3,5,9,5,3,5,0.6
19,43,38,4,1,0.023,1.9,0.36535,0.92239,"Amelanchier alnifolia","Argentina anserina",-0.0109756097560976,"random",5,7,3,5,9,5,3,5,0.6
19,44,38,8,3,0.045,3.7,0.44211,0.81494,"Amelanchier alnifolia","Arnica cordifolia",-0.00853658536585366,"random",5,7,3,3,10,8,3,8,0.375
19,45,38,14,6,0.079,6.5,0.5048,0.71773,"Amelanchier alnifolia","Artemisia absinthium",-0.00609756097560976,"random",5,7,3,7,9,3,1,5,0.2
19,46,38,5,3,0.028,2.3,0.86257,0.42991,"Amelanchier alnifolia","Artemisia campestris",0.00853658536585366,"random",5,7,3,7,10,4,1,6,0.166666666666667
19,47,38,8,2,0.045,3.7,0.18506,0.95417,"Amelanchier alnifolia","Artemisia cana",-0.0207317073170732,"random",5,7,3,6,10,5,2,6,0.333333333333333
19,49,38,24,12,0.136,11.1,0.749,0.42619,"Amelanchier alnifolia","Artemisia frigida",0.0109756097560976,"random",5,7,3,8,9,2,0,5,0
19,50,38,5,1,0.028,2.3,0.22886,0.9602,"Amelanchier alnifolia","Artemisia longifolia",-0.0158536585365854,"random",5,7,3,7,9,3,1,5,0.2
19,51,38,16,9,0.09,7.4,0.87798,0.27169,"Amelanchier alnifolia","Artemisia ludoviciana",0.0195121951219512,"random",5,7,3,7,9,3,1,5,0.2
19,53,38,3,0,0.017,1.4,0.14955,1,"Amelanchier alnifolia","Asclepias speciosa",-0.0170731707317073,"random",5,7,3,6,7,2,2,3,0.666666666666667
19,54,38,6,3,0.034,2.8,0.72962,0.58945,"Amelanchier alnifolia","Asclepias viridiflora",0.0024390243902439,"random",5,7,3,6,7,2,2,3,0.666666666666667
19,57,38,7,5,0.04,3.2,0.96473,0.16017,"Amelanchier alnifolia","Astragalus agrestis",0.0219512195121951,"random",5,7,3,5,9,5,3,5,0.6
19,58,38,5,0,0.028,2.3,0.0398,1,"Amelanchier alnifolia","Astragalus alpinus",-0.0280487804878049,"negative",5,7,3,5,8,4,3,4,0.75
19,60,38,4,2,0.023,1.9,0.74558,0.63465,"Amelanchier alnifolia","Astragalus canadensis",0.00121951219512195,"random",5,7,3,6,9,4,2,5,0.4
19,61,38,9,4,0.051,4.2,0.59408,0.67947,"Amelanchier alnifolia","Astragalus cicer",-0.0024390243902439,"random",5,7,3,6,10,5,2,6,0.333333333333333
19,65,38,3,2,0.017,1.4,0.90474,0.44453,"Amelanchier alnifolia","Astragalus gilviflorus",0.00731707317073171,"random",5,7,3,4,6,3,2,4,0.5
19,66,38,3,0,0.017,1.4,0.14955,1,"Amelanchier alnifolia","Astragalus kentrophyta",-0.0170731707317073,"random",5,7,3,5,7,3,3,3,1
19,67,38,15,7,0.085,7,0.62448,0.59992,"Amelanchier alnifolia","Astragalus laxmannii",0,"random",5,7,3,6,8,3,2,4,0.5
19,70,38,3,0,0.017,1.4,0.14955,1,"Amelanchier alnifolia","Astragalus robbinsii",-0.0170731707317073,"random",5,7,3,5,7,3,3,3,1
19,71,38,3,3,0.017,1.4,1,0.09526,"Amelanchier alnifolia","Astragalus tenellus",0.0195121951219512,"random",5,7,3,5,7,3,3,3,1
19,72,38,3,1,0.017,1.4,0.55547,0.85045,"Amelanchier alnifolia","Atriplex gardneri",-0.0048780487804878,"random",5,7,3,5,8,4,3,4,0.75
19,76,38,5,1,0.028,2.3,0.22886,0.9602,"Amelanchier alnifolia","Betula occidentalis",-0.0158536585365854,"random",5,7,3,5,6,2,2,3,0.666666666666667
19,81,38,11,4,0.062,5.1,0.35166,0.85035,"Amelanchier alnifolia","Bouteloua gracilis",-0.0134146341463415,"random",5,7,3,6,10,5,2,6,0.333333333333333
19,82,38,20,11,0.113,9.3,0.87504,0.26236,"Amelanchier alnifolia","Bromus inermis",0.0207317073170732,"random",5,7,3,6,10,5,2,6,0.333333333333333
19,85,38,3,3,0.017,1.4,1,0.09526,"Amelanchier alnifolia","Calypso bulbosa",0.0195121951219512,"random",5,7,3,5,10,6,3,6,0.5
19,86,38,23,14,0.13,10.7,0.97104,0.08066,"Amelanchier alnifolia","Campanula alaskana",0.0402439024390244,"random",5,7,3,6,10,5,2,6,0.333333333333333
19,87,38,7,5,0.04,3.2,0.96473,0.16017,"Amelanchier alnifolia","Campanula rapunculoides",0.0219512195121951,"random",5,7,3,6,10,5,2,6,0.333333333333333
19,89,38,8,4,0.045,3.7,0.72326,0.55789,"Amelanchier alnifolia","Caragana arborescens",0.00365853658536585,"random",5,7,3,5,6,2,2,3,0.666666666666667
19,91,38,3,2,0.017,1.4,0.90474,0.44453,"Amelanchier alnifolia","Carex aurea",0.00731707317073171,"random",5,7,3,6,6,1,1,3,0.333333333333333
19,95,38,3,1,0.017,1.4,0.55547,0.85045,"Amelanchier alnifolia","Carex filifolia",-0.0048780487804878,"random",5,7,3,4,8,5,3,5,0.6
19,102,38,4,1,0.023,1.9,0.36535,0.92239,"Amelanchier alnifolia","Castilleja hispida",-0.0109756097560976,"random",5,7,3,5,8,4,3,4,0.75
19,103,38,5,2,0.028,2.3,0.57009,0.77114,"Amelanchier alnifolia","Castilleja miniata",-0.00365853658536585,"random",5,7,3,5,10,6,3,6,0.5
19,105,38,3,2,0.017,1.4,0.90474,0.44453,"Amelanchier alnifolia","Centaurea stoebe",0.00731707317073171,"random",5,7,3,6,10,5,2,6,0.333333333333333
19,106,38,5,3,0.028,2.3,0.86257,0.42991,"Amelanchier alnifolia","Cerastium arvense",0.00853658536585366,"random",5,7,3,5,8,4,3,4,0.75
19,107,38,16,2,0.09,7.4,0.00216,0.99978,"Amelanchier alnifolia","Chamaenerion angustifolium",-0.0658536585365854,"negative",5,7,3,6,9,4,2,5,0.4
19,110,38,5,2,0.028,2.3,0.57009,0.77114,"Amelanchier alnifolia","Chenopodium album",-0.00365853658536585,"random",5,7,3,7,9,3,1,5,0.2
19,112,38,19,8,0.107,8.8,0.43797,0.75231,"Amelanchier alnifolia","Cirsium arvense",-0.00975609756097562,"random",5,7,3,6,9,4,2,5,0.4
19,115,38,4,0,0.023,1.9,0.07761,1,"Amelanchier alnifolia","Cirsium hookerianum",-0.0231707317073171,"random",5,7,3,6,9,4,2,5,0.4
19,117,38,8,2,0.045,3.7,0.18506,0.95417,"Amelanchier alnifolia","Cirsium undulatum",-0.0207317073170732,"random",5,7,3,6,9,4,2,5,0.4
19,118,38,8,2,0.045,3.7,0.18506,0.95417,"Amelanchier alnifolia","Cirsium vulgare",-0.0207317073170732,"random",5,7,3,7,11,5,1,7,0.142857142857143
19,120,38,5,2,0.028,2.3,0.57009,0.77114,"Amelanchier alnifolia","Clematis occidentalis",-0.00365853658536585,"random",5,7,3,5,10,6,3,6,0.5
19,121,38,8,7,0.045,3.7,0.99863,0.01695,"Amelanchier alnifolia","Clematis tangutica",0.0402439024390244,"positive",5,7,3,6,10,5,2,6,0.333333333333333
19,122,38,3,0,0.017,1.4,0.14955,1,"Amelanchier alnifolia","Collinsia parviflora",-0.0170731707317073,"random",5,7,3,5,7,3,3,3,1
19,123,38,19,11,0.107,8.8,0.92141,0.18679,"Amelanchier alnifolia","Comandra umbellata",0.0268292682926829,"random",5,7,3,5,7,3,3,3,1
19,126,38,3,2,0.017,1.4,0.90474,0.44453,"Amelanchier alnifolia","Corallorhiza striata",0.00731707317073171,"random",5,7,3,5,8,4,3,4,0.75
19,128,38,4,1,0.023,1.9,0.36535,0.92239,"Amelanchier alnifolia","Cornus canadensis",-0.0109756097560976,"random",5,7,3,5,8,4,3,4,0.75
19,129,38,28,19,0.158,13,0.99893,0.00478,"Amelanchier alnifolia","Cornus sericea",0.0731707317073171,"positive",5,7,3,5,8,4,3,4,0.75
19,131,38,5,4,0.028,2.3,0.9816,0.13743,"Amelanchier alnifolia","Cotoneaster acutifolius",0.0207317073170732,"random",5,7,3,5,7,3,3,3,1
19,134,38,3,1,0.017,1.4,0.55547,0.85045,"Amelanchier alnifolia","Cynoglossum officinale",-0.0048780487804878,"random",5,7,3,5,9,5,3,5,0.6
19,135,38,7,6,0.04,3.2,0.99668,0.03527,"Amelanchier alnifolia","Cypripedium parviflorum",0.0341463414634146,"positive",5,7,3,5,7,3,3,3,1
19,137,38,3,2,0.017,1.4,0.90474,0.44453,"Amelanchier alnifolia","Dactylis glomerata",0.00731707317073171,"random",5,7,3,6,8,3,2,4,0.5
19,139,38,4,1,0.023,1.9,0.36535,0.92239,"Amelanchier alnifolia","Dalea candida",-0.0109756097560976,"random",5,7,3,6,8,3,2,4,0.5
19,140,38,7,3,0.04,3.2,0.58268,0.71854,"Amelanchier alnifolia","Dalea purpurea",-0.0024390243902439,"random",5,7,3,6,9,4,2,5,0.4
19,141,38,34,19,0.192,15.8,0.95397,0.10868,"Amelanchier alnifolia","Dasiphora fruticosa",0.0390243902439024,"random",5,7,3,5,10,6,3,6,0.5
19,142,38,5,3,0.028,2.3,0.86257,0.42991,"Amelanchier alnifolia","Delphinium bicolor",0.00853658536585366,"random",5,7,3,5,7,3,3,3,1
19,146,38,3,1,0.017,1.4,0.55547,0.85045,"Amelanchier alnifolia","Dieteria canescens",-0.0048780487804878,"random",5,7,3,6,10,5,2,6,0.333333333333333
19,154,38,3,1,0.017,1.4,0.55547,0.85045,"Amelanchier alnifolia","Dryas drummondii",-0.0048780487804878,"random",5,7,3,5,7,3,3,3,1
19,156,38,4,1,0.023,1.9,0.36535,0.92239,"Amelanchier alnifolia","Drymocallis arguta",-0.0109756097560976,"random",5,7,3,6,8,3,2,4,0.5
19,159,38,3,0,0.017,1.4,0.14955,1,"Amelanchier alnifolia","Elaeagnus angustifolia",-0.0170731707317073,"random",5,7,3,6,6,1,1,3,0.333333333333333
19,160,38,32,19,0.181,14.8,0.98322,0.04768,"Amelanchier alnifolia","Elaeagnus commutata",0.0512195121951219,"positive",5,7,3,5,9,5,3,5,0.6
19,167,38,4,2,0.023,1.9,0.74558,0.63465,"Amelanchier alnifolia","Erigeron caespitosus",0.00121951219512195,"random",5,7,3,6,9,4,2,5,0.4
19,168,38,3,2,0.017,1.4,0.90474,0.44453,"Amelanchier alnifolia","Erigeron compositus",0.00731707317073171,"random",5,7,3,5,10,6,3,6,0.5
19,170,38,3,1,0.017,1.4,0.55547,0.85045,"Amelanchier alnifolia","Eriocoma hymenoides",-0.0048780487804878,"random",5,7,3,5,6,2,2,3,0.666666666666667
19,171,38,21,9,0.119,9.7,0.45454,0.73302,"Amelanchier alnifolia","Eriogonum flavum",-0.00853658536585365,"random",5,7,3,5,9,5,3,5,0.6
19,172,38,4,1,0.023,1.9,0.36535,0.92239,"Amelanchier alnifolia","Eriogonum umbellatum",-0.0109756097560976,"random",5,7,3,6,9,4,2,5,0.4
19,178,38,5,3,0.028,2.3,0.86257,0.42991,"Amelanchier alnifolia","Euphorbia virgata",0.00853658536585366,"random",5,7,3,5,9,5,3,5,0.6
19,179,38,5,2,0.028,2.3,0.57009,0.77114,"Amelanchier alnifolia","Eurybia conspicua",-0.00365853658536585,"random",5,7,3,7,10,4,1,6,0.166666666666667
19,180,38,4,2,0.023,1.9,0.74558,0.63465,"Amelanchier alnifolia","Eurybia sibirica",0.00121951219512195,"random",5,7,3,6,10,5,2,6,0.333333333333333
19,181,38,23,13,0.13,10.7,0.91934,0.18199,"Amelanchier alnifolia","Fragaria virginiana",0.0280487804878049,"random",5,7,3,5,11,7,3,7,0.428571428571429
19,183,38,22,12,0.124,10.2,0.87528,0.25689,"Amelanchier alnifolia","Gaillardia aristata",0.0219512195121951,"random",5,7,3,6,10,5,2,6,0.333333333333333
19,184,38,6,3,0.034,2.8,0.72962,0.58945,"Amelanchier alnifolia","Galearis rotundifolia",0.0024390243902439,"random",5,7,3,6,7,2,2,3,0.666666666666667
19,186,38,28,18,0.158,13,0.99522,0.01712,"Amelanchier alnifolia","Galium boreale",0.0609756097560976,"positive",5,7,3,6,8,3,2,4,0.5
19,190,38,12,7,0.068,5.6,0.88774,0.27769,"Amelanchier alnifolia","Geranium viscosissimum",0.0170731707317073,"random",5,7,3,5,11,7,3,7,0.428571428571429
19,192,38,22,11,0.124,10.2,0.74311,0.43847,"Amelanchier alnifolia","Geum triflorum",0.00975609756097562,"random",5,7,3,4,7,4,3,4,0.75
19,193,38,14,7,0.079,6.5,0.72476,0.4952,"Amelanchier alnifolia","Glycyrrhiza lepidota",0.00609756097560976,"random",5,7,3,6,8,3,2,4,0.5
19,195,38,13,3,0.073,6,0.06092,0.986,"Amelanchier alnifolia","Grindelia squarrosa",-0.0365853658536585,"random",5,7,3,7,11,5,1,7,0.142857142857143
19,196,38,14,4,0.079,6.5,0.12042,0.96288,"Amelanchier alnifolia","Gutierrezia sarothrae",-0.0304878048780488,"random",5,7,3,6,9,4,2,5,0.4
19,199,38,11,9,0.062,5.1,0.99843,0.01258,"Amelanchier alnifolia","Hedysarum alpinum",0.0475609756097561,"positive",5,7,3,5,9,5,3,5,0.6
19,200,38,16,11,0.09,7.4,0.98924,0.04207,"Amelanchier alnifolia","Hedysarum boreale",0.0439024390243902,"positive",5,7,3,4,10,7,3,7,0.428571428571429
19,201,38,3,1,0.017,1.4,0.55547,0.85045,"Amelanchier alnifolia","Hedysarum sulphurescens",-0.0048780487804878,"random",5,7,3,5,8,4,3,4,0.75
19,202,38,6,1,0.034,2.8,0.13801,0.97984,"Amelanchier alnifolia","Helianthus annuus",-0.0219512195121951,"random",5,7,3,6,11,6,2,7,0.285714285714286
19,204,38,4,2,0.023,1.9,0.74558,0.63465,"Amelanchier alnifolia","Helianthus pauciflorus",0.00121951219512195,"random",5,7,3,7,9,3,1,5,0.2
19,206,38,8,4,0.045,3.7,0.72326,0.55789,"Amelanchier alnifolia","Heracleum maximum",0.00365853658536585,"random",5,7,3,6,8,3,2,4,0.5
19,207,38,5,2,0.028,2.3,0.57009,0.77114,"Amelanchier alnifolia","Hesperostipa comata",-0.00365853658536585,"random",5,7,3,6,6,1,1,3,0.333333333333333
19,208,38,13,7,0.073,6,0.81448,0.38522,"Amelanchier alnifolia","Heterotheca villosa",0.0121951219512195,"random",5,7,3,6,10,5,2,6,0.333333333333333
19,209,38,4,2,0.023,1.9,0.74558,0.63465,"Amelanchier alnifolia","Heuchera cylindrica",0.00121951219512195,"random",5,7,3,6,9,4,2,5,0.4
19,210,38,4,1,0.023,1.9,0.36535,0.92239,"Amelanchier alnifolia","Heuchera richardsonii",-0.0109756097560976,"random",5,7,3,6,7,2,2,3,0.666666666666667
19,214,38,6,4,0.034,2.8,0.92904,0.27038,"Amelanchier alnifolia","Hordeum jubatum",0.0146341463414634,"random",5,7,3,6,7,2,2,3,0.666666666666667
19,216,38,7,2,0.04,3.2,0.28146,0.91936,"Amelanchier alnifolia","Hymenoxys richardsonii",-0.0146341463414634,"random",5,7,3,5,7,3,3,3,1
19,217,38,7,4,0.04,3.2,0.83983,0.41732,"Amelanchier alnifolia","Hyoscyamus niger",0.00975609756097561,"random",5,7,3,5,10,6,3,6,0.5
19,220,38,3,1,0.017,1.4,0.55547,0.85045,"Amelanchier alnifolia","Juncus balticus",-0.0048780487804878,"random",5,7,3,5,7,3,3,3,1
19,221,38,4,3,0.023,1.9,0.9578,0.25442,"Amelanchier alnifolia","Koeleria macrantha",0.0134146341463415,"random",5,7,3,6,7,2,2,3,0.666666666666667
19,222,38,7,2,0.04,3.2,0.28146,0.91936,"Amelanchier alnifolia","Krascheninnikovia lanata",-0.0146341463414634,"random",5,7,3,5,9,4,3,5,0.6
19,224,38,3,3,0.017,1.4,1,0.09526,"Amelanchier alnifolia","Lactuca serriola",0.0195121951219512,"random",5,7,3,7,10,4,1,6,0.166666666666667
19,225,38,3,3,0.017,1.4,1,0.09526,"Amelanchier alnifolia","Lappula squarrosa",0.0195121951219512,"random",5,7,3,6,10,5,2,6,0.333333333333333
19,226,38,4,2,0.023,1.9,0.74558,0.63465,"Amelanchier alnifolia","Lathyrus ochroleucus",0.00121951219512195,"random",5,7,3,5,7,3,3,3,1
19,227,38,4,1,0.023,1.9,0.36535,0.92239,"Amelanchier alnifolia","Lepidium densiflorum",-0.0109756097560976,"random",5,7,3,6,7,2,2,3,0.666666666666667
19,231,38,5,1,0.028,2.3,0.22886,0.9602,"Amelanchier alnifolia","Leucanthemum vulgare",-0.0158536585365854,"random",5,7,3,6,10,5,2,6,0.333333333333333
19,233,38,14,5,0.079,6.5,0.28227,0.87958,"Amelanchier alnifolia","Liatris punctata",-0.0182926829268293,"random",5,7,3,7,10,4,1,6,0.166666666666667
19,234,38,5,5,0.028,2.3,1,0.0184,"Amelanchier alnifolia","Lilium philadelphicum",0.0329268292682927,"positive",5,7,3,5,9,5,3,5,0.6
19,235,38,4,1,0.023,1.9,0.36535,0.92239,"Amelanchier alnifolia","Linaria dalmatica",-0.0109756097560976,"random",5,7,3,5,10,6,3,6,0.5
19,236,38,11,7,0.062,5.1,0.94116,0.18119,"Amelanchier alnifolia","Linaria vulgaris",0.0231707317073171,"random",5,7,3,5,10,6,3,6,0.5
19,239,38,23,12,0.13,10.7,0.81801,0.3386,"Amelanchier alnifolia","Linum lewisii",0.0158536585365854,"random",5,7,3,5,10,6,3,6,0.5
19,240,38,6,3,0.034,2.8,0.72962,0.58945,"Amelanchier alnifolia","Lithospermum incisum",0.0024390243902439,"random",5,7,3,4,6,3,2,4,0.5
19,241,38,13,9,0.073,6,0.98313,0.06647,"Amelanchier alnifolia","Lithospermum ruderale",0.0365853658536585,"random",5,7,3,5,7,3,3,3,1
19,243,38,3,1,0.017,1.4,0.55547,0.85045,"Amelanchier alnifolia","Lomatium foeniculaceum",-0.0048780487804878,"random",5,7,3,4,6,3,2,4,0.5
19,246,38,12,9,0.068,5.6,0.99393,0.03213,"Amelanchier alnifolia","Lonicera dioica",0.0414634146341463,"positive",5,7,3,6,7,2,2,3,0.666666666666667
19,248,38,4,4,0.023,1.9,1,0.0422,"Amelanchier alnifolia","Lonicera tatarica",0.025609756097561,"positive",5,7,3,4,7,4,3,4,0.75
19,250,38,6,2,0.034,2.8,0.41055,0.86199,"Amelanchier alnifolia","Lotus corniculatus",-0.00975609756097561,"random",5,7,3,5,9,5,3,5,0.6
19,252,38,3,2,0.017,1.4,0.90474,0.44453,"Amelanchier alnifolia","Lupinus sericeus",0.00731707317073171,"random",5,7,3,6,7,2,2,3,0.666666666666667
19,253,38,7,4,0.04,3.2,0.83983,0.41732,"Amelanchier alnifolia","Lygodesmia juncea",0.00975609756097561,"random",5,7,3,6,10,5,2,6,0.333333333333333
19,256,38,4,1,0.023,1.9,0.36535,0.92239,"Amelanchier alnifolia","Mahonia repens",-0.0109756097560976,"random",5,7,3,6,6,1,1,3,0.333333333333333
19,257,38,4,1,0.023,1.9,0.36535,0.92239,"Amelanchier alnifolia","Maianthemum racemosum",-0.0109756097560976,"random",5,7,3,5,7,3,3,3,1
19,258,38,30,18,0.17,13.9,0.98292,0.04895,"Amelanchier alnifolia","Maianthemum stellatum",0.05,"positive",5,7,3,5,7,3,3,3,1
19,261,38,10,7,0.057,4.6,0.9748,0.10333,"Amelanchier alnifolia","Medicago lupulina",0.0292682926829268,"random",5,7,3,5,11,7,3,7,0.428571428571429
19,262,38,10,7,0.057,4.6,0.9748,0.10333,"Amelanchier alnifolia","Medicago sativa",0.0292682926829268,"random",5,7,3,5,10,6,3,6,0.5
19,264,38,9,5,0.051,4.2,0.8266,0.40592,"Amelanchier alnifolia","Melilotus albus",0.00975609756097561,"random",5,7,3,6,11,6,2,7,0.285714285714286
19,265,38,14,10,0.079,6.5,0.99147,0.03771,"Amelanchier alnifolia","Melilotus officinalis",0.0426829268292683,"positive",5,7,3,5,11,7,3,7,0.428571428571429
19,271,38,3,3,0.017,1.4,1,0.09526,"Amelanchier alnifolia","Mertensia paniculata",0.0195121951219512,"random",5,7,3,5,10,6,3,6,0.5
19,275,38,18,12,0.102,8.3,0.98732,0.04534,"Amelanchier alnifolia","Monarda fistulosa",0.0451219512195122,"positive",5,7,3,5,9,5,3,5,0.6
19,278,38,11,6,0.062,5.1,0.81881,0.3953,"Amelanchier alnifolia","Musineon divaricatum",0.0109756097560976,"random",5,7,3,4,7,4,3,4,0.75
19,280,38,3,1,0.017,1.4,0.55547,0.85045,"Amelanchier alnifolia","Nassella viridula",-0.0048780487804878,"random",5,7,3,5,7,3,3,3,1
19,285,38,13,6,0.073,6,0.61478,0.62236,"Amelanchier alnifolia","Oenothera suffrutescens",0,"random",5,7,3,5,8,4,3,4,0.75
19,286,38,15,4,0.085,7,0.07877,0.97803,"Amelanchier alnifolia","Opuntia polyacantha",-0.0365853658536585,"random",5,7,3,5,8,4,3,4,0.75
19,287,38,6,3,0.034,2.8,0.72962,0.58945,"Amelanchier alnifolia","Oreocarya glomerata",0.0024390243902439,"random",5,7,3,5,8,4,3,4,0.75
19,290,38,9,3,0.051,4.2,0.32053,0.88267,"Amelanchier alnifolia","Oxytropis campestris",-0.0146341463414634,"random",5,7,3,5,9,5,3,5,0.6
19,292,38,9,5,0.051,4.2,0.8266,0.40592,"Amelanchier alnifolia","Oxytropis sericea",0.00975609756097561,"random",5,7,3,5,6,2,2,3,0.666666666666667
19,292,38,9,5,0.051,4.2,0.8266,0.40592,"Amelanchier alnifolia","Oxytropis sericea",0.00975609756097561,"random",5,7,3,5,6,2,2,3,0.666666666666667
19,293,38,6,4,0.034,2.8,0.92904,0.27038,"Amelanchier alnifolia","Oxytropis splendens",0.0146341463414634,"random",5,7,3,6,8,3,2,4,0.5
19,295,38,5,1,0.028,2.3,0.22886,0.9602,"Amelanchier alnifolia","Packera cana",-0.0158536585365854,"random",5,7,3,5,8,4,3,4,0.75
19,296,38,3,2,0.017,1.4,0.90474,0.44453,"Amelanchier alnifolia","Packera paupercula",0.00731707317073171,"random",5,7,3,6,10,5,2,6,0.333333333333333
19,298,38,3,1,0.017,1.4,0.55547,0.85045,"Amelanchier alnifolia","Paronychia sessiliflora",-0.0048780487804878,"random",5,7,3,6,8,3,2,4,0.5
19,300,38,4,0,0.023,1.9,0.07761,1,"Amelanchier alnifolia","Pedicularis bracteosa",-0.0231707317073171,"random",5,7,3,6,8,3,2,4,0.5
19,303,38,4,2,0.023,1.9,0.74558,0.63465,"Amelanchier alnifolia","Pediomelum esculentum",0.00121951219512195,"random",5,7,3,6,7,2,2,3,0.666666666666667
19,304,38,8,3,0.045,3.7,0.44211,0.81494,"Amelanchier alnifolia","Pelecyphora vivipara",-0.00853658536585366,"random",5,7,3,5,7,3,3,3,1
19,305,38,3,1,0.017,1.4,0.55547,0.85045,"Amelanchier alnifolia","Penstemon albertinus",-0.0048780487804878,"random",5,7,3,6,7,2,2,3,0.666666666666667
19,306,38,4,1,0.023,1.9,0.36535,0.92239,"Amelanchier alnifolia","Penstemon albidus",-0.0109756097560976,"random",5,7,3,5,7,3,3,3,1
19,307,38,6,1,0.034,2.8,0.13801,0.97984,"Amelanchier alnifolia","Penstemon confertus",-0.0219512195121951,"random",5,7,3,6,8,3,2,4,0.5
19,310,38,15,7,0.085,7,0.62448,0.59992,"Amelanchier alnifolia","Penstemon nitidus",0,"random",5,7,3,4,7,4,3,4,0.75
19,315,38,6,1,0.034,2.8,0.13801,0.97984,"Amelanchier alnifolia","Petasites frigidus",-0.0219512195121951,"random",5,7,3,4,9,6,3,6,0.5
19,318,38,4,4,0.023,1.9,1,0.0422,"Amelanchier alnifolia","Phalaris arundinacea",0.025609756097561,"positive",5,7,3,5,10,6,3,6,0.5
19,320,38,6,6,0.034,2.8,1,0.00788,"Amelanchier alnifolia","Phleum pratense",0.0390243902439024,"positive",5,7,3,7,7,1,1,3,0.333333333333333
19,321,38,15,6,0.085,7,0.40008,0.79628,"Amelanchier alnifolia","Phlox hoodii",-0.0121951219512195,"random",5,7,3,3,10,8,3,8,0.375
19,323,38,6,3,0.034,2.8,0.72962,0.58945,"Amelanchier alnifolia","Physaria arenosa",0.0024390243902439,"random",5,7,3,4,7,4,3,4,0.75
19,327,38,5,2,0.028,2.3,0.57009,0.77114,"Amelanchier alnifolia","Plantago major",-0.00365853658536585,"random",5,7,3,6,8,3,2,4,0.5
19,328,38,5,1,0.028,2.3,0.22886,0.9602,"Amelanchier alnifolia","Plantago patagonica",-0.0158536585365854,"random",5,7,3,6,8,3,2,4,0.5
19,335,38,3,0,0.017,1.4,0.14955,1,"Amelanchier alnifolia","Poa pratensis",-0.0170731707317073,"random",5,7,3,5,9,5,3,5,0.6
19,337,38,5,2,0.028,2.3,0.57009,0.77114,"Amelanchier alnifolia","Polemonium pulcherrimum",-0.00365853658536585,"random",5,7,3,4,9,6,3,6,0.5
19,338,38,6,5,0.034,2.8,0.99212,0.07096,"Amelanchier alnifolia","Polygala senega",0.0268292682926829,"random",5,7,3,5,7,3,3,3,1
19,340,38,6,2,0.034,2.8,0.41055,0.86199,"Amelanchier alnifolia","Populus balsamifera",-0.00975609756097561,"random",5,7,3,4,5,2,1,4,0.25
19,342,38,17,10,0.096,7.9,0.92401,0.18778,"Amelanchier alnifolia","Populus tremuloides",0.025609756097561,"random",5,7,3,4,4,1,0,4,0
19,343,38,10,6,0.057,4.6,0.89667,0.27851,"Amelanchier alnifolia","Potentilla concinna",0.0170731707317073,"random",5,7,3,4,6,3,2,4,0.5
19,345,38,3,0,0.017,1.4,0.14955,1,"Amelanchier alnifolia","Potentilla gracilis",-0.0170731707317073,"random",5,7,3,6,8,3,2,4,0.5
19,348,38,3,1,0.017,1.4,0.55547,0.85045,"Amelanchier alnifolia","Potentilla pulcherrima",-0.0048780487804878,"random",5,7,3,6,10,5,2,6,0.333333333333333
19,351,38,4,3,0.023,1.9,0.9578,0.25442,"Amelanchier alnifolia","Prosartes trachycarpa",0.0134146341463415,"random",5,7,3,4,6,3,2,4,0.5
19,354,38,23,15,0.13,10.7,0.99173,0.02896,"Amelanchier alnifolia","Prunus virginiana",0.0524390243902439,"positive",5,7,3,4,7,4,3,4,0.75
19,356,38,25,15,0.141,11.6,0.97032,0.08045,"Amelanchier alnifolia","Pulsatilla nuttalliana",0.0414634146341463,"random",5,7,3,3,11,9,3,9,0.333333333333333
19,358,38,10,5,0.057,4.6,0.72149,0.53332,"Amelanchier alnifolia","Pyrola asarifolia",0.00487804878048781,"random",5,7,3,6,9,4,2,5,0.4
19,359,38,4,2,0.023,1.9,0.74558,0.63465,"Amelanchier alnifolia","Ranunculus acris",0.00121951219512195,"random",5,7,3,5,10,6,3,6,0.5
19,362,38,6,1,0.034,2.8,0.13801,0.97984,"Amelanchier alnifolia","Ratibida columnifera",-0.0219512195121951,"random",5,7,3,6,10,5,2,6,0.333333333333333
19,366,38,3,1,0.017,1.4,0.55547,0.85045,"Amelanchier alnifolia","Rhododendron groenlandicum",-0.0048780487804878,"random",5,7,3,5,7,3,3,3,1
19,368,38,10,4,0.057,4.6,0.46668,0.77689,"Amelanchier alnifolia","Rhus aromatica",-0.0073170731707317,"random",5,7,3,5,5,1,1,3,0.333333333333333
19,371,38,7,4,0.04,3.2,0.83983,0.41732,"Amelanchier alnifolia","Ribes oxyacanthoides",0.00975609756097561,"random",5,7,3,5,6,2,2,3,0.666666666666667
19,373,38,8,6,0.045,3.7,0.98305,0.09023,"Amelanchier alnifolia","Rosa acicularis",0.0280487804878049,"random",5,7,3,5,7,3,3,3,1
19,374,38,8,2,0.045,3.7,0.18506,0.95417,"Amelanchier alnifolia","Rosa arkansana",-0.0207317073170732,"random",5,7,3,6,9,4,2,5,0.4
19,376,38,18,12,0.102,8.3,0.98732,0.04534,"Amelanchier alnifolia","Rosa woodsii",0.0451219512195122,"positive",5,7,3,6,8,3,2,4,0.5
19,377,38,4,2,0.023,1.9,0.74558,0.63465,"Amelanchier alnifolia","Rubus idaeus",0.00121951219512195,"random",5,7,3,6,7,2,2,3,0.666666666666667
19,382,38,3,0,0.017,1.4,0.14955,1,"Amelanchier alnifolia","Salix barrattiana",-0.0170731707317073,"random",5,7,3,5,7,3,3,3,1
19,383,38,4,2,0.023,1.9,0.74558,0.63465,"Amelanchier alnifolia","Salix bebbiana",0.00121951219512195,"random",5,7,3,5,8,4,3,4,0.75
19,389,38,5,1,0.028,2.3,0.22886,0.9602,"Amelanchier alnifolia","Salix glauca",-0.0158536585365854,"random",5,7,3,6,7,2,2,3,0.666666666666667
19,390,38,10,6,0.057,4.6,0.89667,0.27851,"Amelanchier alnifolia","Salix interior",0.0170731707317073,"random",5,7,3,5,7,3,3,3,1
19,393,38,4,1,0.023,1.9,0.36535,0.92239,"Amelanchier alnifolia","Salsola tragus",-0.0109756097560976,"random",5,7,3,7,10,4,1,6,0.166666666666667
19,396,38,3,1,0.017,1.4,0.55547,0.85045,"Amelanchier alnifolia","Sarcobatus vermiculatus",-0.0048780487804878,"random",5,7,3,6,7,2,2,3,0.666666666666667
19,408,38,8,5,0.045,3.7,0.90977,0.27674,"Amelanchier alnifolia","Shepherdia argentea",0.0158536585365854,"random",5,7,3,4,5,2,1,4,0.25
19,409,38,25,15,0.141,11.6,0.97032,0.08045,"Amelanchier alnifolia","Shepherdia canadensis",0.0414634146341463,"random",5,7,3,4,5,2,1,4,0.25
19,412,38,7,5,0.04,3.2,0.96473,0.16017,"Amelanchier alnifolia","Sisymbrium loeselii",0.0219512195121951,"random",5,7,3,5,10,6,3,6,0.5
19,413,38,7,5,0.04,3.2,0.96473,0.16017,"Amelanchier alnifolia","Sisyrinchium montanum",0.0219512195121951,"random",5,7,3,5,8,4,3,4,0.75
19,417,38,8,6,0.045,3.7,0.98305,0.09023,"Amelanchier alnifolia","Solidago missouriensis",0.0280487804878049,"random",5,7,3,6,9,4,2,5,0.4
19,419,38,3,0,0.017,1.4,0.14955,1,"Amelanchier alnifolia","Solidago multiradiata",-0.0170731707317073,"random",5,7,3,6,9,4,2,5,0.4
19,420,38,3,2,0.017,1.4,0.90474,0.44453,"Amelanchier alnifolia","Solidago rigida",0.00731707317073171,"random",5,7,3,7,10,4,1,6,0.166666666666667
19,422,38,3,2,0.017,1.4,0.90474,0.44453,"Amelanchier alnifolia","Sonchus arvensis",0.00731707317073171,"random",5,7,3,7,10,4,1,6,0.166666666666667
19,423,38,8,2,0.045,3.7,0.18506,0.95417,"Amelanchier alnifolia","Sphaeralcea coccinea",-0.0207317073170732,"random",5,7,3,5,9,5,3,5,0.6
19,426,38,3,1,0.017,1.4,0.55547,0.85045,"Amelanchier alnifolia","Sporobolus rigidus",-0.0048780487804878,"random",5,7,3,7,8,2,1,4,0.25
19,430,38,30,16,0.17,13.9,0.8838,0.23126,"Amelanchier alnifolia","Symphoricarpos occidentalis",0.025609756097561,"random",5,7,3,6,8,3,2,4,0.5
19,432,38,3,1,0.017,1.4,0.55547,0.85045,"Amelanchier alnifolia","Symphyotrichum ericoides",-0.0048780487804878,"random",5,7,3,7,10,4,1,6,0.166666666666667
19,434,38,16,10,0.09,7.4,0.95793,0.12202,"Amelanchier alnifolia","Symphyotrichum laeve",0.0317073170731707,"random",5,7,3,6,10,5,2,6,0.333333333333333
19,437,38,7,4,0.04,3.2,0.83983,0.41732,"Amelanchier alnifolia","Tanacetum vulgare",0.00975609756097561,"random",5,7,3,7,10,4,1,6,0.166666666666667
19,438,38,12,8,0.068,5.6,0.96787,0.11226,"Amelanchier alnifolia","Taraxacum officinale",0.0292682926829268,"random",5,7,3,3,11,9,3,9,0.333333333333333
19,442,38,30,18,0.17,13.9,0.98292,0.04895,"Amelanchier alnifolia","Thermopsis rhombifolia",0.05,"positive",5,7,3,4,7,4,3,4,0.75
19,444,38,10,4,0.057,4.6,0.46668,0.77689,"Amelanchier alnifolia","Thlaspi arvense",-0.0073170731707317,"random",5,7,3,4,9,6,3,6,0.5
19,448,38,18,10,0.102,8.3,0.87585,0.26733,"Amelanchier alnifolia","Tragopogon dubius",0.0207317073170732,"random",5,7,3,5,10,6,3,6,0.5
19,450,38,5,2,0.028,2.3,0.57009,0.77114,"Amelanchier alnifolia","Triantha glutinosa",-0.00365853658536585,"random",5,7,3,6,8,3,2,4,0.5
19,453,38,4,4,0.023,1.9,1,0.0422,"Amelanchier alnifolia","Trifolium hybridum",0.025609756097561,"positive",5,7,3,6,10,5,2,6,0.333333333333333
19,454,38,18,8,0.102,8.3,0.53518,0.67219,"Amelanchier alnifolia","Trifolium pratense",-0.00365853658536586,"random",5,7,3,6,10,5,2,6,0.333333333333333
19,455,38,5,3,0.028,2.3,0.86257,0.42991,"Amelanchier alnifolia","Trifolium repens",0.00853658536585366,"random",5,7,3,5,10,6,3,6,0.5
19,458,38,7,5,0.04,3.2,0.96473,0.16017,"Amelanchier alnifolia","Tripleurospermum inodorum",0.0219512195121951,"random",5,7,3,5,11,7,3,7,0.428571428571429
19,460,38,6,2,0.034,2.8,0.41055,0.86199,"Amelanchier alnifolia","Typha latifolia",-0.00975609756097561,"random",5,7,3,6,7,2,2,3,0.666666666666667
19,461,38,3,1,0.017,1.4,0.55547,0.85045,"Amelanchier alnifolia","Urtica gracilis",-0.0048780487804878,"random",5,7,3,6,8,3,2,4,0.5
19,468,38,3,0,0.017,1.4,0.14955,1,"Amelanchier alnifolia","Valeriana sitchensis",-0.0170731707317073,"random",5,7,3,6,9,4,2,5,0.4
19,469,38,3,0,0.017,1.4,0.14955,1,"Amelanchier alnifolia","Veratrum viride",-0.0170731707317073,"random",5,7,3,7,8,2,1,4,0.25
19,470,38,3,1,0.017,1.4,0.55547,0.85045,"Amelanchier alnifolia","Verbascum thapsus",-0.0048780487804878,"random",5,7,3,6,10,5,2,6,0.333333333333333
19,471,38,3,0,0.017,1.4,0.14955,1,"Amelanchier alnifolia","Verbena bracteata",-0.0170731707317073,"random",5,7,3,6,10,5,2,6,0.333333333333333
19,473,38,3,3,0.017,1.4,1,0.09526,"Amelanchier alnifolia","Viburnum edule",0.0195121951219512,"random",5,7,3,5,8,4,3,4,0.75
19,475,38,16,6,0.09,7.4,0.3063,0.85782,"Amelanchier alnifolia","Vicia americana",-0.0170731707317073,"random",5,7,3,5,9,5,3,5,0.6
19,476,38,14,6,0.079,6.5,0.5048,0.71773,"Amelanchier alnifolia","Vicia cracca",-0.00609756097560976,"random",5,7,3,5,11,7,3,7,0.428571428571429
19,477,38,15,11,0.085,7,0.99584,0.02054,"Amelanchier alnifolia","Viola adunca",0.0487804878048781,"positive",5,7,3,4,9,6,3,6,0.5
19,478,38,3,2,0.017,1.4,0.90474,0.44453,"Amelanchier alnifolia","Viola canadensis",0.00731707317073171,"random",5,7,3,5,10,6,3,6,0.5
19,479,38,6,2,0.034,2.8,0.41055,0.86199,"Amelanchier alnifolia","Viola nuttallii",-0.00975609756097561,"random",5,7,3,4,6,3,2,4,0.5
19,484,38,3,0,0.017,1.4,0.14955,1,"Amelanchier alnifolia","Xanthisma spinulosum",-0.0170731707317073,"random",5,7,3,6,10,5,2,6,0.333333333333333
19,486,38,3,1,0.017,1.4,0.55547,0.85045,"Amelanchier alnifolia","Xerophyllum tenax",-0.0048780487804878,"random",5,7,3,5,8,4,3,4,0.75
19,488,38,14,10,0.079,6.5,0.99147,0.03771,"Amelanchier alnifolia","Zizia aptera",0.0426829268292683,"positive",5,7,3,5,7,3,3,3,1
20,42,4,25,0,0.015,1.2,0.22584,1,"Anaphalis margaritacea","Arctostaphylos uva-ursi",-0.0146341463414634,"random",6,9,4,5,9,5,4,5,0.8
20,49,4,24,0,0.014,1.2,0.24257,1,"Anaphalis margaritacea","Artemisia frigida",-0.0146341463414634,"random",6,9,4,8,9,2,2,4,0.5
20,86,4,23,1,0.014,1.1,0.6877,0.73979,"Anaphalis margaritacea","Campanula alaskana",-0.00121951219512195,"random",6,9,4,6,10,5,4,5,0.8
20,129,4,28,1,0.017,1.4,0.57789,0.81919,"Anaphalis margaritacea","Cornus sericea",-0.0048780487804878,"random",6,9,4,5,8,4,3,5,0.6
20,141,4,34,3,0.02,1.7,0.97349,0.19074,"Anaphalis margaritacea","Dasiphora fruticosa",0.0158536585365854,"random",6,9,4,5,10,6,4,6,0.666666666666667
20,160,4,32,0,0.019,1.6,0.13167,1,"Anaphalis margaritacea","Elaeagnus commutata",-0.0195121951219512,"random",6,9,4,5,9,5,4,5,0.8
20,171,4,21,0,0.012,1,0.29836,1,"Anaphalis margaritacea","Eriogonum flavum",-0.0121951219512195,"random",6,9,4,5,9,5,4,5,0.8
20,181,4,23,2,0.014,1.1,0.9352,0.3123,"Anaphalis margaritacea","Fragaria virginiana",0.0109756097560976,"random",6,9,4,5,11,7,4,7,0.571428571428571
20,183,4,22,0,0.013,1.1,0.2788,1,"Anaphalis margaritacea","Gaillardia aristata",-0.0134146341463415,"random",6,9,4,6,10,5,4,5,0.8
20,186,4,28,1,0.017,1.4,0.57789,0.81919,"Anaphalis margaritacea","Galium boreale",-0.0048780487804878,"random",6,9,4,6,8,3,3,4,0.75
20,192,4,22,0,0.013,1.1,0.2788,1,"Anaphalis margaritacea","Geum triflorum",-0.0134146341463415,"random",6,9,4,4,7,4,2,6,0.333333333333333
20,239,4,23,0,0.014,1.1,0.26021,1,"Anaphalis margaritacea","Linum lewisii",-0.0134146341463415,"random",6,9,4,5,10,6,4,6,0.666666666666667
20,258,4,30,1,0.018,1.5,0.53384,0.84522,"Anaphalis margaritacea","Maianthemum stellatum",-0.00609756097560976,"random",6,9,4,5,7,3,2,5,0.4
20,354,4,23,0,0.014,1.1,0.26021,1,"Anaphalis margaritacea","Prunus virginiana",-0.0134146341463415,"random",6,9,4,4,7,4,2,6,0.333333333333333
20,356,4,25,0,0.015,1.2,0.22584,1,"Anaphalis margaritacea","Pulsatilla nuttalliana",-0.0146341463414634,"random",6,9,4,3,11,9,4,9,0.444444444444444
20,409,4,25,2,0.015,1.2,0.91781,0.35593,"Anaphalis margaritacea","Shepherdia canadensis",0.00975609756097561,"random",6,9,4,4,5,2,0,6,0
20,430,4,30,1,0.018,1.5,0.53384,0.84522,"Anaphalis margaritacea","Symphoricarpos occidentalis",-0.00609756097560976,"random",6,9,4,6,8,3,3,4,0.75
20,442,4,30,0,0.018,1.5,0.15478,1,"Anaphalis margaritacea","Thermopsis rhombifolia",-0.0182926829268293,"random",6,9,4,4,7,4,2,6,0.333333333333333
24,26,10,14,1,0.021,1.7,0.45841,0.86409,"Anemonastrum canadense","Anemone multifida",-0.00853658536585366,"random",5,9,5,5,8,4,4,5,0.8
24,34,10,15,2,0.022,1.8,0.73586,0.58427,"Anemonastrum canadense","Anticlea elegans",0.0024390243902439,"random",5,9,5,6,8,3,3,5,0.6
24,42,10,25,5,0.037,3,0.95986,0.14413,"Anemonastrum canadense","Arctostaphylos uva-ursi",0.024390243902439,"random",5,9,5,5,9,5,5,5,1
24,45,10,14,1,0.021,1.7,0.45841,0.86409,"Anemonastrum canadense","Artemisia absinthium",-0.00853658536585366,"random",5,9,5,7,9,3,3,5,0.6
24,49,10,24,3,0.036,2.9,0.67563,0.60885,"Anemonastrum canadense","Artemisia frigida",0.00121951219512195,"random",5,9,5,8,9,2,2,5,0.4
24,51,10,16,4,0.024,2,0.9788,0.0985,"Anemonastrum canadense","Artemisia ludoviciana",0.024390243902439,"random",5,9,5,7,9,3,3,5,0.6
24,61,10,9,2,0.013,1.1,0.92507,0.30114,"Anemonastrum canadense","Astragalus cicer",0.0109756097560976,"random",5,9,5,6,10,5,4,6,0.666666666666667
24,67,10,15,1,0.022,1.8,0.41573,0.88408,"Anemonastrum canadense","Astragalus laxmannii",-0.00975609756097561,"random",5,9,5,6,8,3,3,5,0.6
24,81,10,11,0,0.016,1.3,0.21584,1,"Anemonastrum canadense","Bouteloua gracilis",-0.0158536585365854,"random",5,9,5,6,10,5,4,6,0.666666666666667
24,82,10,20,3,0.03,2.4,0.80228,0.45979,"Anemonastrum canadense","Bromus inermis",0.00731707317073171,"random",5,9,5,6,10,5,4,6,0.666666666666667
24,86,10,23,4,0.034,2.8,0.89564,0.29087,"Anemonastrum canadense","Campanula alaskana",0.0146341463414634,"random",5,9,5,6,10,5,4,6,0.666666666666667
24,107,10,16,0,0.024,2,0.09862,1,"Anemonastrum canadense","Chamaenerion angustifolium",-0.024390243902439,"random",5,9,5,6,9,4,4,5,0.8
24,112,10,19,1,0.028,2.3,0.26995,0.94026,"Anemonastrum canadense","Cirsium arvense",-0.0158536585365854,"random",5,9,5,6,9,4,4,5,0.8
24,123,10,19,4,0.028,2.3,0.95323,0.16987,"Anemonastrum canadense","Comandra umbellata",0.0207317073170732,"random",5,9,5,5,7,3,3,5,0.6
24,129,10,28,8,0.042,3.4,0.99982,0.00226,"Anemonastrum canadense","Cornus sericea",0.0560975609756098,"positive",5,9,5,5,8,4,4,5,0.8
24,141,10,34,7,0.051,4.1,0.98919,0.05431,"Anemonastrum canadense","Dasiphora fruticosa",0.0353658536585366,"random",5,9,5,5,10,6,5,6,0.833333333333333
24,160,10,32,6,0.048,3.9,0.96245,0.1351,"Anemonastrum canadense","Elaeagnus commutata",0.025609756097561,"random",5,9,5,5,9,5,5,5,1
24,171,10,21,1,0.031,2.6,0.21239,0.95785,"Anemonastrum canadense","Eriogonum flavum",-0.0195121951219512,"random",5,9,5,5,9,5,5,5,1
24,181,10,23,4,0.034,2.8,0.89564,0.29087,"Anemonastrum canadense","Fragaria virginiana",0.0146341463414634,"random",5,9,5,5,11,7,5,7,0.714285714285714
24,183,10,22,2,0.033,2.7,0.46355,0.81273,"Anemonastrum canadense","Gaillardia aristata",-0.00853658536585366,"random",5,9,5,6,10,5,4,6,0.666666666666667
24,186,10,28,7,0.042,3.4,0.99774,0.01599,"Anemonastrum canadense","Galium boreale",0.0439024390243902,"positive",5,9,5,6,8,3,3,5,0.6
24,190,10,12,4,0.018,1.5,0.9951,0.03524,"Anemonastrum canadense","Geranium viscosissimum",0.0304878048780488,"positive",5,9,5,5,11,7,5,7,0.714285714285714
24,192,10,22,4,0.033,2.7,0.91276,0.25843,"Anemonastrum canadense","Geum triflorum",0.0158536585365854,"random",5,9,5,4,7,4,3,6,0.5
24,193,10,14,2,0.021,1.7,0.77285,0.54159,"Anemonastrum canadense","Glycyrrhiza lepidota",0.00365853658536585,"random",5,9,5,6,8,3,3,5,0.6
24,195,10,13,1,0.019,1.6,0.50333,0.84105,"Anemonastrum canadense","Grindelia squarrosa",-0.00731707317073171,"random",5,9,5,7,11,5,3,7,0.428571428571429
24,196,10,14,2,0.021,1.7,0.77285,0.54159,"Anemonastrum canadense","Gutierrezia sarothrae",0.00365853658536585,"random",5,9,5,6,9,4,4,5,0.8
24,199,10,11,5,0.016,1.3,0.99978,0.00303,"Anemonastrum canadense","Hedysarum alpinum",0.0451219512195122,"positive",5,9,5,5,9,5,5,5,1
24,200,10,16,6,0.024,2,0.99974,0.00296,"Anemonastrum canadense","Hedysarum boreale",0.0487804878048781,"positive",5,9,5,4,10,7,5,7,0.714285714285714
24,208,10,13,0,0.019,1.6,0.15895,1,"Anemonastrum canadense","Heterotheca villosa",-0.0195121951219512,"random",5,9,5,6,10,5,4,6,0.666666666666667
24,233,10,14,0,0.021,1.7,0.13591,1,"Anemonastrum canadense","Liatris punctata",-0.0207317073170732,"random",5,9,5,7,10,4,3,6,0.5
24,236,10,11,0,0.016,1.3,0.21584,1,"Anemonastrum canadense","Linaria vulgaris",-0.0158536585365854,"random",5,9,5,5,10,6,5,6,0.833333333333333
24,239,10,23,5,0.034,2.8,0.97438,0.10436,"Anemonastrum canadense","Linum lewisii",0.0268292682926829,"random",5,9,5,5,10,6,5,6,0.833333333333333
24,241,10,13,4,0.019,1.6,0.9925,0.04756,"Anemonastrum canadense","Lithospermum ruderale",0.0292682926829268,"positive",5,9,5,5,7,3,3,5,0.6
24,246,10,12,6,0.018,1.5,0.99998,0.00042,"Anemonastrum canadense","Lonicera dioica",0.0548780487804878,"positive",5,9,5,6,7,2,2,5,0.4
24,258,10,30,7,0.045,3.7,0.99601,0.02502,"Anemonastrum canadense","Maianthemum stellatum",0.0402439024390244,"positive",5,9,5,5,7,3,3,5,0.6
24,261,10,10,0,0.015,1.2,0.25065,1,"Anemonastrum canadense","Medicago lupulina",-0.0146341463414634,"random",5,9,5,5,11,7,5,7,0.714285714285714
24,262,10,10,1,0.015,1.2,0.64851,0.74935,"Anemonastrum canadense","Medicago sativa",-0.0024390243902439,"random",5,9,5,5,10,6,5,6,0.833333333333333
24,264,10,9,0,0.013,1.1,0.29044,1,"Anemonastrum canadense","Melilotus albus",-0.0134146341463415,"random",5,9,5,6,11,6,4,7,0.571428571428571
24,265,10,14,1,0.021,1.7,0.45841,0.86409,"Anemonastrum canadense","Melilotus officinalis",-0.00853658536585366,"random",5,9,5,5,11,7,5,7,0.714285714285714
24,275,10,18,4,0.027,2.2,0.96329,0.14396,"Anemonastrum canadense","Monarda fistulosa",0.0219512195121951,"random",5,9,5,5,9,5,5,5,1
24,278,10,11,1,0.016,1.3,0.59878,0.78416,"Anemonastrum canadense","Musineon divaricatum",-0.00365853658536585,"random",5,9,5,4,7,4,3,6,0.5
24,285,10,13,4,0.019,1.6,0.9925,0.04756,"Anemonastrum canadense","Oenothera suffrutescens",0.0292682926829268,"positive",5,9,5,5,8,4,4,5,0.8
24,286,10,15,0,0.022,1.8,0.11592,1,"Anemonastrum canadense","Opuntia polyacantha",-0.0219512195121951,"random",5,9,5,5,8,4,4,5,0.8
24,290,10,9,3,0.013,1.1,0.98905,0.07493,"Anemonastrum canadense","Oxytropis campestris",0.0231707317073171,"random",5,9,5,5,9,5,5,5,1
24,292,10,9,1,0.013,1.1,0.69886,0.70956,"Anemonastrum canadense","Oxytropis sericea",-0.00121951219512195,"random",5,9,5,5,6,2,2,5,0.4
24,292,10,9,1,0.013,1.1,0.69886,0.70956,"Anemonastrum canadense","Oxytropis sericea",-0.00121951219512195,"random",5,9,5,5,6,2,2,5,0.4
24,310,10,15,3,0.022,1.8,0.92082,0.26414,"Anemonastrum canadense","Penstemon nitidus",0.0146341463414634,"random",5,9,5,4,7,4,3,6,0.5
24,321,10,15,1,0.022,1.8,0.41573,0.88408,"Anemonastrum canadense","Phlox hoodii",-0.00975609756097561,"random",5,9,5,3,10,8,5,8,0.625
24,342,10,17,4,0.025,2.1,0.97177,0.12012,"Anemonastrum canadense","Populus tremuloides",0.0231707317073171,"random",5,9,5,4,4,1,0,6,0
24,343,10,10,1,0.015,1.2,0.64851,0.74935,"Anemonastrum canadense","Potentilla concinna",-0.0024390243902439,"random",5,9,5,4,6,3,2,6,0.333333333333333
24,354,10,23,6,0.034,2.8,0.99586,0.02562,"Anemonastrum canadense","Prunus virginiana",0.0390243902439024,"positive",5,9,5,4,7,4,3,6,0.5
24,356,10,25,4,0.037,3,0.85587,0.35871,"Anemonastrum canadense","Pulsatilla nuttalliana",0.0121951219512195,"random",5,9,5,3,11,9,5,9,0.555555555555556
24,358,10,10,2,0.015,1.2,0.90028,0.35149,"Anemonastrum canadense","Pyrola asarifolia",0.00975609756097561,"random",5,9,5,6,9,4,4,5,0.8
24,368,10,10,0,0.015,1.2,0.25065,1,"Anemonastrum canadense","Rhus aromatica",-0.0146341463414634,"random",5,9,5,5,5,1,1,5,0.2
24,376,10,18,6,0.027,2.2,0.99934,0.00618,"Anemonastrum canadense","Rosa woodsii",0.0463414634146341,"positive",5,9,5,6,8,3,3,5,0.6
24,390,10,10,2,0.015,1.2,0.90028,0.35149,"Anemonastrum canadense","Salix interior",0.00975609756097561,"random",5,9,5,5,7,3,3,5,0.6
24,409,10,25,2,0.037,3,0.35704,0.87468,"Anemonastrum canadense","Shepherdia canadensis",-0.0121951219512195,"random",5,9,5,4,5,2,1,6,0.166666666666667
24,430,10,30,6,0.045,3.7,0.97498,0.10016,"Anemonastrum canadense","Symphoricarpos occidentalis",0.0280487804878049,"random",5,9,5,6,8,3,3,5,0.6
24,434,10,16,3,0.024,2,0.9015,0.30237,"Anemonastrum canadense","Symphyotrichum laeve",0.0121951219512195,"random",5,9,5,6,10,5,4,6,0.666666666666667
24,438,10,12,2,0.018,1.5,0.84148,0.44976,"Anemonastrum canadense","Taraxacum officinale",0.00609756097560976,"random",5,9,5,3,11,9,5,9,0.555555555555556
24,442,10,30,5,0.045,3.7,0.89984,0.27329,"Anemonastrum canadense","Thermopsis rhombifolia",0.0158536585365854,"random",5,9,5,4,7,4,3,6,0.5
24,444,10,10,1,0.015,1.2,0.64851,0.74935,"Anemonastrum canadense","Thlaspi arvense",-0.0024390243902439,"random",5,9,5,4,9,6,5,6,0.833333333333333
24,448,10,18,0,0.027,2.2,0.07081,1,"Anemonastrum canadense","Tragopogon dubius",-0.0268292682926829,"random",5,9,5,5,10,6,5,6,0.833333333333333
24,454,10,18,2,0.027,2.2,0.61909,0.69747,"Anemonastrum canadense","Trifolium pratense",-0.0024390243902439,"random",5,9,5,6,10,5,4,6,0.666666666666667
24,475,10,16,4,0.024,2,0.9788,0.0985,"Anemonastrum canadense","Vicia americana",0.024390243902439,"random",5,9,5,5,9,5,5,5,1
24,476,10,14,2,0.021,1.7,0.77285,0.54159,"Anemonastrum canadense","Vicia cracca",0.00365853658536585,"random",5,9,5,5,11,7,5,7,0.714285714285714
24,477,10,15,5,0.022,1.8,0.99806,0.0155,"Anemonastrum canadense","Viola adunca",0.0390243902439024,"positive",5,9,5,4,9,6,5,6,0.833333333333333
24,488,10,14,5,0.021,1.7,0.99877,0.01098,"Anemonastrum canadense","Zizia aptera",0.0402439024390244,"positive",5,9,5,5,7,3,3,5,0.6
25,42,5,25,2,0.019,1.5,0.83709,0.48462,"Anemone cylindrica","Arctostaphylos uva-ursi",0.00609756097560976,"random",6,7,2,5,9,5,2,5,0.4
25,49,5,24,1,0.018,1.5,0.54112,0.83207,"Anemone cylindrica","Artemisia frigida",-0.00609756097560976,"random",6,7,2,8,9,2,0,4,0
25,82,5,20,2,0.015,1.2,0.90942,0.35394,"Anemone cylindrica","Bromus inermis",0.00975609756097561,"random",6,7,2,6,10,5,2,5,0.4
25,86,5,23,2,0.017,1.4,0.86856,0.43287,"Anemone cylindrica","Campanula alaskana",0.00731707317073171,"random",6,7,2,6,10,5,2,5,0.4
25,112,5,19,0,0.014,1.2,0.25761,1,"Anemone cylindrica","Cirsium arvense",-0.0146341463414634,"random",6,7,2,6,9,4,2,4,0.5
25,123,5,19,1,0.014,1.2,0.67239,0.74239,"Anemone cylindrica","Comandra umbellata",-0.0024390243902439,"random",6,7,2,5,7,3,2,3,0.666666666666667
25,129,5,28,4,0.021,1.7,0.9964,0.04412,"Anemone cylindrica","Cornus sericea",0.0280487804878049,"positive",6,7,2,5,8,4,2,4,0.5
25,141,5,34,2,0.025,2.1,0.66083,0.69478,"Anemone cylindrica","Dasiphora fruticosa",-0.00121951219512195,"random",6,7,2,5,10,6,2,6,0.333333333333333
25,160,5,32,2,0.024,2,0.70404,0.65225,"Anemone cylindrica","Elaeagnus commutata",0,"random",6,7,2,5,9,5,2,5,0.4
25,171,5,21,2,0.016,1.3,0.89667,0.38032,"Anemone cylindrica","Eriogonum flavum",0.00853658536585366,"random",6,7,2,5,9,5,2,5,0.4
25,181,5,23,3,0.017,1.4,0.97962,0.13144,"Anemone cylindrica","Fragaria virginiana",0.0195121951219512,"random",6,7,2,5,11,7,2,7,0.285714285714286
25,183,5,22,1,0.016,1.3,0.59334,0.79984,"Anemone cylindrica","Gaillardia aristata",-0.00365853658536585,"random",6,7,2,6,10,5,2,5,0.4
25,186,5,28,4,0.021,1.7,0.9964,0.04412,"Anemone cylindrica","Galium boreale",0.0280487804878049,"positive",6,7,2,6,8,3,2,3,0.666666666666667
25,192,5,22,3,0.016,1.3,0.98295,0.11695,"Anemone cylindrica","Geum triflorum",0.0207317073170732,"random",6,7,2,4,7,4,2,4,0.5
25,239,5,23,1,0.017,1.4,0.56713,0.81652,"Anemone cylindrica","Linum lewisii",-0.0048780487804878,"random",6,7,2,5,10,6,2,6,0.333333333333333
25,258,5,30,2,0.022,1.8,0.74524,0.60709,"Anemone cylindrica","Maianthemum stellatum",0.0024390243902439,"random",6,7,2,5,7,3,2,3,0.666666666666667
25,275,5,18,4,0.013,1.1,0.99969,0.00749,"Anemone cylindrica","Monarda fistulosa",0.0353658536585366,"positive",6,7,2,5,9,5,2,5,0.4
25,342,5,17,2,0.013,1,0.94227,0.27545,"Anemone cylindrica","Populus tremuloides",0.0121951219512195,"random",6,7,2,4,4,1,0,4,0
25,354,5,23,3,0.017,1.4,0.97962,0.13144,"Anemone cylindrica","Prunus virginiana",0.0195121951219512,"random",6,7,2,4,7,4,2,4,0.5
25,356,5,25,3,0.019,1.5,0.97163,0.16291,"Anemone cylindrica","Pulsatilla nuttalliana",0.0182926829268293,"random",6,7,2,3,11,9,2,9,0.222222222222222
25,376,5,18,3,0.013,1.1,0.99251,0.06778,"Anemone cylindrica","Rosa woodsii",0.0231707317073171,"random",6,7,2,6,8,3,2,3,0.666666666666667
25,409,5,25,2,0.019,1.5,0.83709,0.48462,"Anemone cylindrica","Shepherdia canadensis",0.00609756097560976,"random",6,7,2,4,5,2,0,4,0
25,430,5,30,3,0.022,1.8,0.94255,0.25476,"Anemone cylindrica","Symphoricarpos occidentalis",0.0146341463414634,"random",6,7,2,6,8,3,2,3,0.666666666666667
25,442,5,30,3,0.022,1.8,0.94255,0.25476,"Anemone cylindrica","Thermopsis rhombifolia",0.0146341463414634,"random",6,7,2,4,7,4,2,4,0.5
25,448,5,18,1,0.013,1.1,0.69859,0.72056,"Anemone cylindrica","Tragopogon dubius",-0.00121951219512195,"random",6,7,2,5,10,6,2,6,0.333333333333333
25,454,5,18,0,0.013,1.1,0.27944,1,"Anemone cylindrica","Trifolium pratense",-0.0134146341463415,"random",6,7,2,6,10,5,2,5,0.4
26,32,14,6,2,0.012,1,0.94099,0.27065,"Anemone multifida","Antennaria rosea",0.0121951219512195,"random",5,8,4,5,10,6,4,6,0.666666666666667
26,34,14,15,3,0.031,2.6,0.76993,0.496,"Anemone multifida","Anticlea elegans",0.0048780487804878,"random",5,8,4,6,8,3,3,4,0.75
26,36,14,6,0,0.012,1,0.31258,1,"Anemone multifida","Apocynum androsaemifolium",-0.0121951219512195,"random",5,8,4,5,9,5,4,5,0.8
26,42,14,25,7,0.052,4.3,0.97761,0.0802,"Anemone multifida","Arctostaphylos uva-ursi",0.0329268292682927,"random",5,8,4,5,9,5,4,5,0.8
26,44,14,8,3,0.017,1.4,0.97411,0.13235,"Anemone multifida","Arnica cordifolia",0.0195121951219512,"random",5,8,4,3,10,8,4,8,0.5
26,45,14,14,1,0.029,2.4,0.25579,0.94395,"Anemone multifida","Artemisia absinthium",-0.0170731707317073,"random",5,8,4,7,9,3,2,5,0.4
26,47,14,8,0,0.017,1.4,0.2074,1,"Anemone multifida","Artemisia cana",-0.0170731707317073,"random",5,8,4,6,10,5,3,6,0.5
26,49,14,24,4,0.05,4.1,0.61279,0.63939,"Anemone multifida","Artemisia frigida",-0.00121951219512195,"random",5,8,4,8,9,2,1,5,0.2
26,51,14,16,2,0.033,2.7,0.4527,0.81598,"Anemone multifida","Artemisia ludoviciana",-0.00853658536585366,"random",5,8,4,7,9,3,2,5,0.4
26,54,14,6,1,0.012,1,0.72935,0.68742,"Anemone multifida","Asclepias viridiflora",0,"random",5,8,4,6,7,2,2,4,0.5
26,57,14,7,0,0.015,1.2,0.255,1,"Anemone multifida","Astragalus agrestis",-0.0146341463414634,"random",5,8,4,5,9,5,4,5,0.8
26,61,14,9,2,0.019,1.5,0.82234,0.4787,"Anemone multifida","Astragalus cicer",0.00609756097560976,"random",5,8,4,6,10,5,3,6,0.5
26,67,14,15,4,0.031,2.6,0.92389,0.23007,"Anemone multifida","Astragalus laxmannii",0.0170731707317073,"random",5,8,4,6,8,3,3,4,0.75
26,81,14,11,0,0.023,1.9,0.10948,1,"Anemone multifida","Bouteloua gracilis",-0.0231707317073171,"random",5,8,4,6,10,5,3,6,0.5
26,82,14,20,3,0.042,3.4,0.53901,0.72453,"Anemone multifida","Bromus inermis",-0.0048780487804878,"random",5,8,4,6,10,5,3,6,0.5
26,86,14,23,7,0.048,3.9,0.98783,0.05021,"Anemone multifida","Campanula alaskana",0.0378048780487805,"random",5,8,4,6,10,5,3,6,0.5
26,87,14,7,0,0.015,1.2,0.255,1,"Anemone multifida","Campanula rapunculoides",-0.0146341463414634,"random",5,8,4,6,10,5,3,6,0.5
26,89,14,8,1,0.017,1.4,0.5882,0.7926,"Anemone multifida","Caragana arborescens",-0.0048780487804878,"random",5,8,4,5,6,2,2,4,0.5
26,107,14,16,2,0.033,2.7,0.4527,0.81598,"Anemone multifida","Chamaenerion angustifolium",-0.00853658536585366,"random",5,8,4,6,9,4,3,5,0.6
26,112,14,19,2,0.04,3.2,0.315,0.89253,"Anemone multifida","Cirsium arvense",-0.0146341463414634,"random",5,8,4,6,9,4,3,5,0.6
26,117,14,8,1,0.017,1.4,0.5882,0.7926,"Anemone multifida","Cirsium undulatum",-0.0048780487804878,"random",5,8,4,6,9,4,3,5,0.6
26,118,14,8,1,0.017,1.4,0.5882,0.7926,"Anemone multifida","Cirsium vulgare",-0.0048780487804878,"random",5,8,4,7,11,5,2,7,0.285714285714286
26,121,14,8,1,0.017,1.4,0.5882,0.7926,"Anemone multifida","Clematis tangutica",-0.0048780487804878,"random",5,8,4,6,10,5,3,6,0.5
26,123,14,19,4,0.04,3.2,0.8117,0.41361,"Anemone multifida","Comandra umbellata",0.00975609756097561,"random",5,8,4,5,7,3,3,4,0.75
26,129,14,28,3,0.058,4.8,0.21719,0.92544,"Anemone multifida","Cornus sericea",-0.0219512195121951,"random",5,8,4,5,8,4,4,4,1
26,135,14,7,3,0.015,1.2,0.98555,0.09242,"Anemone multifida","Cypripedium parviflorum",0.0219512195121951,"random",5,8,4,5,7,3,3,4,0.75
26,140,14,7,1,0.015,1.2,0.65806,0.745,"Anemone multifida","Dalea purpurea",-0.0024390243902439,"random",5,8,4,6,9,4,3,5,0.6
26,141,14,34,6,0.071,5.8,0.66351,0.56731,"Anemone multifida","Dasiphora fruticosa",0.0024390243902439,"random",5,8,4,5,10,6,4,6,0.666666666666667
26,160,14,32,6,0.067,5.5,0.736,0.48528,"Anemone multifida","Elaeagnus commutata",0.00609756097560976,"random",5,8,4,5,9,5,4,5,0.8
26,171,14,21,2,0.044,3.6,0.23934,0.92705,"Anemone multifida","Eriogonum flavum",-0.0195121951219512,"random",5,8,4,5,9,5,4,5,0.8
26,181,14,23,6,0.048,3.9,0.94979,0.15202,"Anemone multifida","Fragaria virginiana",0.025609756097561,"random",5,8,4,5,11,7,4,7,0.571428571428571
26,183,14,22,5,0.046,3.8,0.87454,0.30252,"Anemone multifida","Gaillardia aristata",0.0146341463414634,"random",5,8,4,6,10,5,3,6,0.5
26,184,14,6,3,0.012,1,0.99309,0.05901,"Anemone multifida","Galearis rotundifolia",0.024390243902439,"random",5,8,4,6,7,2,2,4,0.5
26,186,14,28,7,0.058,4.8,0.9514,0.14397,"Anemone multifida","Galium boreale",0.0268292682926829,"random",5,8,4,6,8,3,3,4,0.75
26,190,14,12,3,0.025,2,0.88283,0.33368,"Anemone multifida","Geranium viscosissimum",0.0121951219512195,"random",5,8,4,5,11,7,4,7,0.571428571428571
26,192,14,22,6,0.046,3.8,0.96137,0.12546,"Anemone multifida","Geum triflorum",0.0268292682926829,"random",5,8,4,4,7,4,3,5,0.6
26,193,14,14,2,0.029,2.4,0.55718,0.74421,"Anemone multifida","Glycyrrhiza lepidota",-0.0048780487804878,"random",5,8,4,6,8,3,3,4,0.75
26,195,14,13,3,0.027,2.2,0.84881,0.38843,"Anemone multifida","Grindelia squarrosa",0.00975609756097561,"random",5,8,4,7,11,5,2,7,0.285714285714286
26,196,14,14,1,0.029,2.4,0.25579,0.94395,"Anemone multifida","Gutierrezia sarothrae",-0.0170731707317073,"random",5,8,4,6,9,4,3,5,0.6
26,199,14,11,3,0.023,1.9,0.9126,0.27955,"Anemone multifida","Hedysarum alpinum",0.0134146341463415,"random",5,8,4,5,9,5,4,5,0.8
26,200,14,16,5,0.033,2.7,0.97445,0.09909,"Anemone multifida","Hedysarum boreale",0.0280487804878049,"random",5,8,4,4,10,7,4,7,0.571428571428571
26,202,14,6,0,0.012,1,0.31258,1,"Anemone multifida","Helianthus annuus",-0.0121951219512195,"random",5,8,4,6,11,6,3,7,0.428571428571429
26,206,14,8,0,0.017,1.4,0.2074,1,"Anemone multifida","Heracleum maximum",-0.0170731707317073,"random",5,8,4,6,8,3,3,4,0.75
26,208,14,13,3,0.027,2.2,0.84881,0.38843,"Anemone multifida","Heterotheca villosa",0.00975609756097561,"random",5,8,4,6,10,5,3,6,0.5
26,214,14,6,0,0.012,1,0.31258,1,"Anemone multifida","Hordeum jubatum",-0.0121951219512195,"random",5,8,4,6,7,2,2,4,0.5
26,216,14,7,0,0.015,1.2,0.255,1,"Anemone multifida","Hymenoxys richardsonii",-0.0146341463414634,"random",5,8,4,5,7,3,3,4,0.75
26,217,14,7,0,0.015,1.2,0.255,1,"Anemone multifida","Hyoscyamus niger",-0.0146341463414634,"random",5,8,4,5,10,6,4,6,0.666666666666667
26,222,14,7,0,0.015,1.2,0.255,1,"Anemone multifida","Krascheninnikovia lanata",-0.0146341463414634,"random",5,8,4,5,9,4,4,5,0.8
26,233,14,14,2,0.029,2.4,0.55718,0.74421,"Anemone multifida","Liatris punctata",-0.0048780487804878,"random",5,8,4,7,10,4,2,6,0.333333333333333
26,236,14,11,2,0.023,1.9,0.72045,0.59982,"Anemone multifida","Linaria vulgaris",0.00121951219512195,"random",5,8,4,5,10,6,4,6,0.666666666666667
26,239,14,23,5,0.048,3.9,0.84798,0.34432,"Anemone multifida","Linum lewisii",0.0134146341463415,"random",5,8,4,5,10,6,4,6,0.666666666666667
26,240,14,6,0,0.012,1,0.31258,1,"Anemone multifida","Lithospermum incisum",-0.0121951219512195,"random",5,8,4,4,6,3,2,5,0.4
26,241,14,13,2,0.027,2.2,0.61157,0.70115,"Anemone multifida","Lithospermum ruderale",-0.0024390243902439,"random",5,8,4,5,7,3,3,4,0.75
26,246,14,12,2,0.025,2,0.66632,0.65304,"Anemone multifida","Lonicera dioica",0,"random",5,8,4,6,7,2,2,4,0.5
26,250,14,6,0,0.012,1,0.31258,1,"Anemone multifida","Lotus corniculatus",-0.0121951219512195,"random",5,8,4,5,9,5,4,5,0.8
26,253,14,7,1,0.015,1.2,0.65806,0.745,"Anemone multifida","Lygodesmia juncea",-0.0024390243902439,"random",5,8,4,6,10,5,3,6,0.5
26,258,14,30,6,0.062,5.1,0.80072,0.40252,"Anemone multifida","Maianthemum stellatum",0.0109756097560976,"random",5,8,4,5,7,3,3,4,0.75
26,261,14,10,1,0.021,1.7,0.45841,0.86409,"Anemone multifida","Medicago lupulina",-0.00853658536585366,"random",5,8,4,5,11,7,4,7,0.571428571428571
26,262,14,10,1,0.021,1.7,0.45841,0.86409,"Anemone multifida","Medicago sativa",-0.00853658536585366,"random",5,8,4,5,10,6,4,6,0.666666666666667
26,264,14,9,0,0.019,1.5,0.16816,1,"Anemone multifida","Melilotus albus",-0.0182926829268293,"random",5,8,4,6,11,6,3,7,0.428571428571429
26,265,14,14,3,0.029,2.4,0.81099,0.44282,"Anemone multifida","Melilotus officinalis",0.00731707317073171,"random",5,8,4,5,11,7,4,7,0.571428571428571
26,275,14,18,5,0.037,3.1,0.95196,0.15536,"Anemone multifida","Monarda fistulosa",0.0231707317073171,"random",5,8,4,5,9,5,4,5,0.8
26,278,14,11,2,0.023,1.9,0.72045,0.59982,"Anemone multifida","Musineon divaricatum",0.00121951219512195,"random",5,8,4,4,7,4,3,5,0.6
26,285,14,13,0,0.027,2.2,0.07032,1,"Anemone multifida","Oenothera suffrutescens",-0.0268292682926829,"random",5,8,4,5,8,4,4,4,1
26,286,14,15,1,0.031,2.6,0.2176,0.95549,"Anemone multifida","Opuntia polyacantha",-0.0195121951219512,"random",5,8,4,5,8,4,4,4,1
26,287,14,6,1,0.012,1,0.72935,0.68742,"Anemone multifida","Oreocarya glomerata",0,"random",5,8,4,5,8,4,4,4,1
26,290,14,9,4,0.019,1.5,0.9939,0.04171,"Anemone multifida","Oxytropis campestris",0.0304878048780488,"positive",5,8,4,5,9,5,4,5,0.8
26,292,14,9,0,0.019,1.5,0.16816,1,"Anemone multifida","Oxytropis sericea",-0.0182926829268293,"random",5,8,4,5,6,2,2,4,0.5
26,292,14,9,0,0.019,1.5,0.16816,1,"Anemone multifida","Oxytropis sericea",-0.0182926829268293,"random",5,8,4,5,6,2,2,4,0.5
26,293,14,6,2,0.012,1,0.94099,0.27065,"Anemone multifida","Oxytropis splendens",0.0121951219512195,"random",5,8,4,6,8,3,3,4,0.75
26,304,14,8,1,0.017,1.4,0.5882,0.7926,"Anemone multifida","Pelecyphora vivipara",-0.0048780487804878,"random",5,8,4,5,7,3,3,4,0.75
26,307,14,6,3,0.012,1,0.99309,0.05901,"Anemone multifida","Penstemon confertus",0.024390243902439,"random",5,8,4,6,8,3,3,4,0.75
26,310,14,15,0,0.031,2.6,0.04451,1,"Anemone multifida","Penstemon nitidus",-0.0317073170731707,"negative",5,8,4,4,7,4,3,5,0.6
26,315,14,6,1,0.012,1,0.72935,0.68742,"Anemone multifida","Petasites frigidus",0,"random",5,8,4,4,9,6,4,6,0.666666666666667
26,320,14,6,1,0.012,1,0.72935,0.68742,"Anemone multifida","Phleum pratense",0,"random",5,8,4,7,7,1,1,4,0.25
26,321,14,15,1,0.031,2.6,0.2176,0.95549,"Anemone multifida","Phlox hoodii",-0.0195121951219512,"random",5,8,4,3,10,8,4,8,0.5
26,323,14,6,0,0.012,1,0.31258,1,"Anemone multifida","Physaria arenosa",-0.0121951219512195,"random",5,8,4,4,7,4,3,5,0.6
26,338,14,6,4,0.012,1,0.9996,0.00691,"Anemone multifida","Polygala senega",0.0365853658536585,"positive",5,8,4,5,7,3,3,4,0.75
26,340,14,6,0,0.012,1,0.31258,1,"Anemone multifida","Populus balsamifera",-0.0121951219512195,"random",5,8,4,4,5,2,1,5,0.2
26,342,14,17,6,0.035,2.9,0.99283,0.03558,"Anemone multifida","Populus tremuloides",0.0378048780487805,"positive",5,8,4,4,4,1,0,5,0
26,343,14,10,1,0.021,1.7,0.45841,0.86409,"Anemone multifida","Potentilla concinna",-0.00853658536585366,"random",5,8,4,4,6,3,2,5,0.4
26,354,14,23,3,0.048,3.9,0.40264,0.82279,"Anemone multifida","Prunus virginiana",-0.0109756097560976,"random",5,8,4,4,7,4,3,5,0.6
26,356,14,25,4,0.052,4.3,0.56931,0.67914,"Anemone multifida","Pulsatilla nuttalliana",-0.00365853658536585,"random",5,8,4,3,11,9,4,9,0.444444444444444
26,358,14,10,4,0.021,1.7,0.98902,0.0622,"Anemone multifida","Pyrola asarifolia",0.0280487804878049,"random",5,8,4,6,9,4,3,5,0.6
26,362,14,6,1,0.012,1,0.72935,0.68742,"Anemone multifida","Ratibida columnifera",0,"random",5,8,4,6,10,5,3,6,0.5
26,368,14,10,1,0.021,1.7,0.45841,0.86409,"Anemone multifida","Rhus aromatica",-0.00853658536585366,"random",5,8,4,5,5,1,1,4,0.25
26,371,14,7,1,0.015,1.2,0.65806,0.745,"Anemone multifida","Ribes oxyacanthoides",-0.0024390243902439,"random",5,8,4,5,6,2,2,4,0.5
26,373,14,8,1,0.017,1.4,0.5882,0.7926,"Anemone multifida","Rosa acicularis",-0.0048780487804878,"random",5,8,4,5,7,3,3,4,0.75
26,374,14,8,3,0.017,1.4,0.97411,0.13235,"Anemone multifida","Rosa arkansana",0.0195121951219512,"random",5,8,4,6,9,4,3,5,0.6
26,376,14,18,0,0.037,3.1,0.02177,1,"Anemone multifida","Rosa woodsii",-0.0378048780487805,"negative",5,8,4,6,8,3,3,4,0.75
26,390,14,10,3,0.021,1.7,0.9378,0.22715,"Anemone multifida","Salix interior",0.0158536585365854,"random",5,8,4,5,7,3,3,4,0.75
26,408,14,8,0,0.017,1.4,0.2074,1,"Anemone multifida","Shepherdia argentea",-0.0170731707317073,"random",5,8,4,4,5,2,1,5,0.2
26,409,14,25,9,0.052,4.3,0.99935,0.00454,"Anemone multifida","Shepherdia canadensis",0.0573170731707317,"positive",5,8,4,4,5,2,1,5,0.2
26,412,14,7,1,0.015,1.2,0.65806,0.745,"Anemone multifida","Sisymbrium loeselii",-0.0024390243902439,"random",5,8,4,5,10,6,4,6,0.666666666666667
26,413,14,7,3,0.015,1.2,0.98555,0.09242,"Anemone multifida","Sisyrinchium montanum",0.0219512195121951,"random",5,8,4,5,8,4,4,4,1
26,417,14,8,0,0.017,1.4,0.2074,1,"Anemone multifida","Solidago missouriensis",-0.0170731707317073,"random",5,8,4,6,9,4,3,5,0.6
26,423,14,8,0,0.017,1.4,0.2074,1,"Anemone multifida","Sphaeralcea coccinea",-0.0170731707317073,"random",5,8,4,5,9,5,4,5,0.8
26,430,14,30,3,0.062,5.1,0.16184,0.9497,"Anemone multifida","Symphoricarpos occidentalis",-0.025609756097561,"random",5,8,4,6,8,3,3,4,0.75
26,434,14,16,4,0.033,2.7,0.90091,0.27373,"Anemone multifida","Symphyotrichum laeve",0.0158536585365854,"random",5,8,4,6,10,5,3,6,0.5
26,437,14,7,0,0.015,1.2,0.255,1,"Anemone multifida","Tanacetum vulgare",-0.0146341463414634,"random",5,8,4,7,10,4,2,6,0.333333333333333
26,438,14,12,1,0.025,2,0.34696,0.9121,"Anemone multifida","Taraxacum officinale",-0.0121951219512195,"random",5,8,4,3,11,9,4,9,0.444444444444444
26,442,14,30,2,0.062,5.1,0.0503,0.99053,"Anemone multifida","Thermopsis rhombifolia",-0.0378048780487805,"random",5,8,4,4,7,4,3,5,0.6
26,444,14,10,2,0.021,1.7,0.77285,0.54159,"Anemone multifida","Thlaspi arvense",0.00365853658536585,"random",5,8,4,4,9,6,4,6,0.666666666666667
26,448,14,18,3,0.037,3.1,0.63383,0.64215,"Anemone multifida","Tragopogon dubius",-0.00121951219512195,"random",5,8,4,5,10,6,4,6,0.666666666666667
26,454,14,18,3,0.037,3.1,0.63383,0.64215,"Anemone multifida","Trifolium pratense",-0.00121951219512195,"random",5,8,4,6,10,5,3,6,0.5
26,458,14,7,1,0.015,1.2,0.65806,0.745,"Anemone multifida","Tripleurospermum inodorum",-0.0024390243902439,"random",5,8,4,5,11,7,4,7,0.571428571428571
26,460,14,6,0,0.012,1,0.31258,1,"Anemone multifida","Typha latifolia",-0.0121951219512195,"random",5,8,4,6,7,2,2,4,0.5
26,475,14,16,2,0.033,2.7,0.4527,0.81598,"Anemone multifida","Vicia americana",-0.00853658536585366,"random",5,8,4,5,9,5,4,5,0.8
26,476,14,14,0,0.029,2.4,0.05605,1,"Anemone multifida","Vicia cracca",-0.0292682926829268,"random",5,8,4,5,11,7,4,7,0.571428571428571
26,477,14,15,3,0.031,2.6,0.76993,0.496,"Anemone multifida","Viola adunca",0.0048780487804878,"random",5,8,4,4,9,6,4,6,0.666666666666667
26,479,14,6,0,0.012,1,0.31258,1,"Anemone multifida","Viola nuttallii",-0.0121951219512195,"random",5,8,4,4,6,3,2,5,0.4
26,488,14,14,5,0.029,2.4,0.98823,0.05664,"Anemone multifida","Zizia aptera",0.0317073170731707,"random",5,8,4,5,7,3,3,4,0.75
27,129,3,28,0,0.012,1,0.28008,1,"Anemone parviflora","Cornus sericea",-0.0121951219512195,"random",5,9,5,5,8,4,4,5,0.8
27,141,3,34,2,0.015,1.2,0.93243,0.37164,"Anemone parviflora","Dasiphora fruticosa",0.00975609756097561,"random",5,9,5,5,10,6,5,6,0.833333333333333
27,160,3,32,0,0.014,1.2,0.22132,1,"Anemone parviflora","Elaeagnus commutata",-0.0146341463414634,"random",5,9,5,5,9,5,5,5,1
27,186,3,28,0,0.012,1,0.28008,1,"Anemone parviflora","Galium boreale",-0.0121951219512195,"random",5,9,5,6,8,3,3,5,0.6
27,258,3,30,0,0.013,1.1,0.24955,1,"Anemone parviflora","Maianthemum stellatum",-0.0134146341463415,"random",5,9,5,5,7,3,3,5,0.6
27,430,3,30,0,0.013,1.1,0.24955,1,"Anemone parviflora","Symphoricarpos occidentalis",-0.0134146341463415,"random",5,9,5,6,8,3,3,5,0.6
27,442,3,30,0,0.013,1.1,0.24955,1,"Anemone parviflora","Thermopsis rhombifolia",-0.0134146341463415,"random",5,9,5,4,7,4,3,6,0.5
30,129,3,28,1,0.012,1,0.73252,0.71992,"Antennaria anaphaloides","Cornus sericea",0,"random",6,8,3,5,8,4,3,4,0.75
30,141,3,34,3,0.015,1.2,1,0.06757,"Antennaria anaphaloides","Dasiphora fruticosa",0.0219512195121951,"random",6,8,3,5,10,6,3,6,0.5
30,160,3,32,2,0.014,1.2,0.94399,0.33604,"Antennaria anaphaloides","Elaeagnus commutata",0.00975609756097561,"random",6,8,3,5,9,5,3,5,0.6
30,186,3,28,0,0.012,1,0.28008,1,"Antennaria anaphaloides","Galium boreale",-0.0121951219512195,"random",6,8,3,6,8,3,3,3,1
30,258,3,30,2,0.013,1.1,0.95416,0.30126,"Antennaria anaphaloides","Maianthemum stellatum",0.0109756097560976,"random",6,8,3,5,7,3,2,4,0.5
30,430,3,30,1,0.013,1.1,0.69874,0.75045,"Antennaria anaphaloides","Symphoricarpos occidentalis",-0.00121951219512195,"random",6,8,3,6,8,3,3,3,1
30,442,3,30,1,0.013,1.1,0.69874,0.75045,"Antennaria anaphaloides","Thermopsis rhombifolia",-0.00121951219512195,"random",6,8,3,4,7,4,2,5,0.4
32,34,6,15,3,0.013,1.1,0.99079,0.07146,"Antennaria rosea","Anticlea elegans",0.0231707317073171,"random",5,10,6,6,8,3,3,6,0.5
32,42,6,25,4,0.022,1.8,0.99085,0.06681,"Antennaria rosea","Arctostaphylos uva-ursi",0.0268292682926829,"random",5,10,6,5,9,5,5,6,0.833333333333333
32,45,6,14,0,0.012,1,0.31258,1,"Antennaria rosea","Artemisia absinthium",-0.0121951219512195,"random",5,10,6,7,9,3,3,6,0.5
32,49,6,24,1,0.021,1.8,0.42965,0.88441,"Antennaria rosea","Artemisia frigida",-0.00975609756097561,"random",5,10,6,8,9,2,2,6,0.333333333333333
32,51,6,16,0,0.014,1.2,0.25948,1,"Antennaria rosea","Artemisia ludoviciana",-0.0146341463414634,"random",5,10,6,7,9,3,3,6,0.5
32,67,6,15,1,0.013,1.1,0.69871,0.715,"Antennaria rosea","Astragalus laxmannii",-0.00121951219512195,"random",5,10,6,6,8,3,3,6,0.5
32,82,6,20,0,0.018,1.5,0.17556,1,"Antennaria rosea","Bromus inermis",-0.0182926829268293,"random",5,10,6,6,10,5,5,6,0.833333333333333
32,86,6,23,1,0.021,1.7,0.45752,0.87132,"Antennaria rosea","Campanula alaskana",-0.00853658536585366,"random",5,10,6,6,10,5,5,6,0.833333333333333
32,107,6,16,1,0.014,1.2,0.66783,0.74052,"Antennaria rosea","Chamaenerion angustifolium",-0.0024390243902439,"random",5,10,6,6,9,4,4,6,0.666666666666667
32,112,6,19,0,0.017,1.4,0.19404,1,"Antennaria rosea","Cirsium arvense",-0.0170731707317073,"random",5,10,6,6,9,4,4,6,0.666666666666667
32,123,6,19,2,0.017,1.4,0.86632,0.42457,"Antennaria rosea","Comandra umbellata",0.00731707317073171,"random",5,10,6,5,7,3,3,6,0.5
32,129,6,28,3,0.025,2,0.90009,0.33197,"Antennaria rosea","Cornus sericea",0.0121951219512195,"random",5,10,6,5,8,4,4,6,0.666666666666667
32,141,6,34,3,0.03,2.5,0.80862,0.48695,"Antennaria rosea","Dasiphora fruticosa",0.00609756097560976,"random",5,10,6,5,10,6,6,6,1
32,160,6,32,3,0.029,2.3,0.84286,0.43478,"Antennaria rosea","Elaeagnus commutata",0.00853658536585366,"random",5,10,6,5,9,5,5,6,0.833333333333333
32,171,6,21,0,0.019,1.5,0.15857,1,"Antennaria rosea","Eriogonum flavum",-0.0182926829268293,"random",5,10,6,5,9,5,5,6,0.833333333333333
32,181,6,23,4,0.021,1.7,0.99404,0.04923,"Antennaria rosea","Fragaria virginiana",0.0280487804878049,"positive",5,10,6,5,11,7,6,7,0.857142857142857
32,183,6,22,3,0.02,1.6,0.9583,0.1922,"Antennaria rosea","Gaillardia aristata",0.0170731707317073,"random",5,10,6,6,10,5,5,6,0.833333333333333
32,186,6,28,1,0.025,2,0.32664,0.92624,"Antennaria rosea","Galium boreale",-0.0121951219512195,"random",5,10,6,6,8,3,3,6,0.5
32,192,6,22,2,0.02,1.6,0.8078,0.51389,"Antennaria rosea","Geum triflorum",0.0048780487804878,"random",5,10,6,4,7,4,3,7,0.428571428571429
32,193,6,14,1,0.012,1,0.72935,0.68742,"Antennaria rosea","Glycyrrhiza lepidota",0,"random",5,10,6,6,8,3,3,6,0.5
32,196,6,14,1,0.012,1,0.72935,0.68742,"Antennaria rosea","Gutierrezia sarothrae",0,"random",5,10,6,6,9,4,4,6,0.666666666666667
32,200,6,16,1,0.014,1.2,0.66783,0.74052,"Antennaria rosea","Hedysarum boreale",-0.0024390243902439,"random",5,10,6,4,10,7,6,7,0.857142857142857
32,233,6,14,1,0.012,1,0.72935,0.68742,"Antennaria rosea","Liatris punctata",0,"random",5,10,6,7,10,4,4,6,0.666666666666667
32,239,6,23,2,0.021,1.7,0.78635,0.54248,"Antennaria rosea","Linum lewisii",0.00365853658536585,"random",5,10,6,5,10,6,6,6,1
32,258,6,30,2,0.027,2.2,0.61712,0.71919,"Antennaria rosea","Maianthemum stellatum",-0.0024390243902439,"random",5,10,6,5,7,3,3,6,0.5
32,265,6,14,0,0.012,1,0.31258,1,"Antennaria rosea","Melilotus officinalis",-0.0121951219512195,"random",5,10,6,5,11,7,6,7,0.857142857142857
32,275,6,18,1,0.016,1.3,0.60605,0.78589,"Antennaria rosea","Monarda fistulosa",-0.00365853658536585,"random",5,10,6,5,9,5,5,6,0.833333333333333
32,286,6,15,0,0.013,1.1,0.285,1,"Antennaria rosea","Opuntia polyacantha",-0.0134146341463415,"random",5,10,6,5,8,4,4,6,0.666666666666667
32,310,6,15,1,0.013,1.1,0.69871,0.715,"Antennaria rosea","Penstemon nitidus",-0.00121951219512195,"random",5,10,6,4,7,4,3,7,0.428571428571429
32,321,6,15,1,0.013,1.1,0.69871,0.715,"Antennaria rosea","Phlox hoodii",-0.00121951219512195,"random",5,10,6,3,10,8,6,8,0.75
32,342,6,17,3,0.015,1.2,0.98468,0.10015,"Antennaria rosea","Populus tremuloides",0.0219512195121951,"random",5,10,6,4,4,1,0,7,0
32,354,6,23,1,0.021,1.7,0.45752,0.87132,"Antennaria rosea","Prunus virginiana",-0.00853658536585366,"random",5,10,6,4,7,4,3,7,0.428571428571429
32,356,6,25,1,0.022,1.8,0.40257,0.89637,"Antennaria rosea","Pulsatilla nuttalliana",-0.00975609756097561,"random",5,10,6,3,11,9,6,9,0.666666666666667
32,376,6,18,0,0.016,1.3,0.21411,1,"Antennaria rosea","Rosa woodsii",-0.0158536585365854,"random",5,10,6,6,8,3,3,6,0.5
32,409,6,25,3,0.022,1.8,0.93319,0.259,"Antennaria rosea","Shepherdia canadensis",0.0146341463414634,"random",5,10,6,4,5,2,1,7,0.142857142857143
32,430,6,30,2,0.027,2.2,0.61712,0.71919,"Antennaria rosea","Symphoricarpos occidentalis",-0.0024390243902439,"random",5,10,6,6,8,3,3,6,0.5
32,434,6,16,1,0.014,1.2,0.66783,0.74052,"Antennaria rosea","Symphyotrichum laeve",-0.0024390243902439,"random",5,10,6,6,10,5,5,6,0.833333333333333
32,442,6,30,0,0.027,2.2,0.05814,1,"Antennaria rosea","Thermopsis rhombifolia",-0.0268292682926829,"random",5,10,6,4,7,4,3,7,0.428571428571429
32,448,6,18,0,0.016,1.3,0.21411,1,"Antennaria rosea","Tragopogon dubius",-0.0158536585365854,"random",5,10,6,5,10,6,6,6,1
32,454,6,18,1,0.016,1.3,0.60605,0.78589,"Antennaria rosea","Trifolium pratense",-0.00365853658536585,"random",5,10,6,6,10,5,5,6,0.833333333333333
32,475,6,16,3,0.014,1.2,0.988,0.08518,"Antennaria rosea","Vicia americana",0.0219512195121951,"random",5,10,6,5,9,5,5,6,0.833333333333333
32,476,6,14,0,0.012,1,0.31258,1,"Antennaria rosea","Vicia cracca",-0.0121951219512195,"random",5,10,6,5,11,7,6,7,0.857142857142857
32,477,6,15,1,0.013,1.1,0.69871,0.715,"Antennaria rosea","Viola adunca",-0.00121951219512195,"random",5,10,6,4,9,6,5,7,0.714285714285714
32,488,6,14,2,0.012,1,0.94099,0.27065,"Antennaria rosea","Zizia aptera",0.0121951219512195,"random",5,10,6,5,7,3,3,6,0.5
34,36,15,6,1,0.013,1.1,0.69871,0.715,"Anticlea elegans","Apocynum androsaemifolium",-0.00121951219512195,"random",6,8,3,5,9,5,3,5,0.6
34,42,15,25,6,0.056,4.6,0.88262,0.27723,"Anticlea elegans","Arctostaphylos uva-ursi",0.0170731707317073,"random",6,8,3,5,9,5,3,5,0.6
34,44,15,8,3,0.018,1.5,0.96629,0.157,"Anticlea elegans","Arnica cordifolia",0.0182926829268293,"random",6,8,3,3,10,8,3,8,0.375
34,45,15,14,0,0.031,2.6,0.04451,1,"Anticlea elegans","Artemisia absinthium",-0.0317073170731707,"negative",6,8,3,7,9,3,2,4,0.5
34,47,15,8,0,0.018,1.5,0.183,1,"Anticlea elegans","Artemisia cana",-0.0182926829268293,"random",6,8,3,6,10,5,3,5,0.6
34,49,15,24,2,0.054,4.4,0.11479,0.97259,"Anticlea elegans","Artemisia frigida",-0.0292682926829268,"random",6,8,3,8,9,2,1,4,0.25
34,51,15,16,0,0.036,2.9,0.02692,1,"Anticlea elegans","Artemisia ludoviciana",-0.0353658536585366,"negative",6,8,3,7,9,3,2,4,0.5
34,54,15,6,0,0.013,1.1,0.285,1,"Anticlea elegans","Asclepias viridiflora",-0.0134146341463415,"random",6,8,3,6,7,2,2,3,0.666666666666667
34,57,15,7,0,0.016,1.3,0.22875,1,"Anticlea elegans","Astragalus agrestis",-0.0158536585365854,"random",6,8,3,5,9,5,3,5,0.6
34,61,15,9,0,0.02,1.6,0.1459,1,"Anticlea elegans","Astragalus cicer",-0.0195121951219512,"random",6,8,3,6,10,5,3,5,0.6
34,67,15,15,1,0.033,2.7,0.18197,0.96531,"Anticlea elegans","Astragalus laxmannii",-0.0207317073170732,"random",6,8,3,6,8,3,3,3,1
34,81,15,11,0,0.025,2,0.09177,1,"Anticlea elegans","Bouteloua gracilis",-0.024390243902439,"random",6,8,3,6,10,5,3,5,0.6
34,82,15,20,4,0.045,3.7,0.72019,0.52688,"Anticlea elegans","Bromus inermis",0.00365853658536585,"random",6,8,3,6,10,5,3,5,0.6
34,86,15,23,5,0.051,4.2,0.79708,0.41503,"Anticlea elegans","Campanula alaskana",0.00975609756097561,"random",6,8,3,6,10,5,3,5,0.6
34,87,15,7,0,0.016,1.3,0.22875,1,"Anticlea elegans","Campanula rapunculoides",-0.0158536585365854,"random",6,8,3,6,10,5,3,5,0.6
34,89,15,8,1,0.018,1.5,0.549,0.817,"Anticlea elegans","Caragana arborescens",-0.00609756097560976,"random",6,8,3,5,6,2,1,4,0.25
34,107,15,16,3,0.036,2.9,0.67397,0.60262,"Anticlea elegans","Chamaenerion angustifolium",0.00121951219512195,"random",6,8,3,6,9,4,3,4,0.75
34,112,15,19,0,0.042,3.5,0.01225,1,"Anticlea elegans","Cirsium arvense",-0.0426829268292683,"negative",6,8,3,6,9,4,3,4,0.75
34,117,15,8,0,0.018,1.5,0.183,1,"Anticlea elegans","Cirsium undulatum",-0.0182926829268293,"random",6,8,3,6,9,4,3,4,0.75
34,118,15,8,0,0.018,1.5,0.183,1,"Anticlea elegans","Cirsium vulgare",-0.0182926829268293,"random",6,8,3,7,11,5,2,6,0.333333333333333
34,121,15,8,1,0.018,1.5,0.549,0.817,"Anticlea elegans","Clematis tangutica",-0.00609756097560976,"random",6,8,3,6,10,5,3,5,0.6
34,123,15,19,5,0.042,3.5,0.9111,0.238,"Anticlea elegans","Comandra umbellata",0.0182926829268293,"random",6,8,3,5,7,3,2,4,0.5
34,129,15,28,6,0.062,5.1,0.79835,0.40265,"Anticlea elegans","Cornus sericea",0.0109756097560976,"random",6,8,3,5,8,4,3,4,0.75
34,135,15,7,2,0.016,1.3,0.88923,0.3775,"Anticlea elegans","Cypripedium parviflorum",0.00853658536585366,"random",6,8,3,5,7,3,2,4,0.5
34,140,15,7,0,0.016,1.3,0.22875,1,"Anticlea elegans","Dalea purpurea",-0.0158536585365854,"random",6,8,3,6,9,4,3,4,0.75
34,141,15,34,10,0.076,6.2,0.99335,0.02918,"Anticlea elegans","Dasiphora fruticosa",0.0463414634146341,"positive",6,8,3,5,10,6,3,6,0.5
34,160,15,32,6,0.071,5.9,0.65139,0.57639,"Anticlea elegans","Elaeagnus commutata",0.00121951219512195,"random",6,8,3,5,9,5,3,5,0.6
34,171,15,21,0,0.047,3.8,0.00708,1,"Anticlea elegans","Eriogonum flavum",-0.0463414634146341,"negative",6,8,3,5,9,5,3,5,0.6
34,181,15,23,5,0.051,4.2,0.79708,0.41503,"Anticlea elegans","Fragaria virginiana",0.00975609756097561,"random",6,8,3,5,11,7,3,7,0.428571428571429
34,183,15,22,3,0.049,4,0.37958,0.83663,"Anticlea elegans","Gaillardia aristata",-0.0121951219512195,"random",6,8,3,6,10,5,3,5,0.6
34,184,15,6,4,0.013,1.1,0.99941,0.00921,"Anticlea elegans","Galearis rotundifolia",0.0353658536585366,"positive",6,8,3,6,7,2,2,3,0.666666666666667
34,186,15,28,5,0.062,5.1,0.59735,0.63862,"Anticlea elegans","Galium boreale",-0.00121951219512195,"random",6,8,3,6,8,3,3,3,1
34,190,15,12,1,0.027,2.2,0.30505,0.92762,"Anticlea elegans","Geranium viscosissimum",-0.0146341463414634,"random",6,8,3,5,11,7,3,7,0.428571428571429
34,192,15,22,3,0.049,4,0.37958,0.83663,"Anticlea elegans","Geum triflorum",-0.0121951219512195,"random",6,8,3,4,7,4,2,5,0.4
34,193,15,14,1,0.031,2.6,0.2176,0.95549,"Anticlea elegans","Glycyrrhiza lepidota",-0.0195121951219512,"random",6,8,3,6,8,3,3,3,1
34,195,15,13,0,0.029,2.4,0.05687,1,"Anticlea elegans","Grindelia squarrosa",-0.0292682926829268,"random",6,8,3,7,11,5,2,6,0.333333333333333
34,196,15,14,1,0.031,2.6,0.2176,0.95549,"Anticlea elegans","Gutierrezia sarothrae",-0.0195121951219512,"random",6,8,3,6,9,4,3,4,0.75
34,199,15,11,5,0.025,2,0.99617,0.02523,"Anticlea elegans","Hedysarum alpinum",0.0365853658536585,"positive",6,8,3,5,9,5,3,5,0.6
34,200,15,16,5,0.036,2.9,0.96255,0.12991,"Anticlea elegans","Hedysarum boreale",0.025609756097561,"random",6,8,3,4,10,7,3,7,0.428571428571429
34,202,15,6,0,0.013,1.1,0.285,1,"Anticlea elegans","Helianthus annuus",-0.0134146341463415,"random",6,8,3,6,11,6,3,6,0.5
34,206,15,8,1,0.018,1.5,0.549,0.817,"Anticlea elegans","Heracleum maximum",-0.00609756097560976,"random",6,8,3,6,8,3,3,3,1
34,208,15,13,1,0.029,2.4,0.25852,0.94313,"Anticlea elegans","Heterotheca villosa",-0.0170731707317073,"random",6,8,3,6,10,5,3,5,0.6
34,214,15,6,0,0.013,1.1,0.285,1,"Anticlea elegans","Hordeum jubatum",-0.0134146341463415,"random",6,8,3,6,7,2,2,3,0.666666666666667
34,216,15,7,0,0.016,1.3,0.22875,1,"Anticlea elegans","Hymenoxys richardsonii",-0.0158536585365854,"random",6,8,3,5,7,3,2,4,0.5
34,217,15,7,0,0.016,1.3,0.22875,1,"Anticlea elegans","Hyoscyamus niger",-0.0158536585365854,"random",6,8,3,5,10,6,3,6,0.5
34,222,15,7,0,0.016,1.3,0.22875,1,"Anticlea elegans","Krascheninnikovia lanata",-0.0158536585365854,"random",6,8,3,5,9,4,3,5,0.6
34,233,15,14,2,0.031,2.6,0.504,0.7824,"Anticlea elegans","Liatris punctata",-0.00731707317073171,"random",6,8,3,7,10,4,2,5,0.4
34,236,15,11,0,0.025,2,0.09177,1,"Anticlea elegans","Linaria vulgaris",-0.024390243902439,"random",6,8,3,5,10,6,3,6,0.5
34,239,15,23,5,0.051,4.2,0.79708,0.41503,"Anticlea elegans","Linum lewisii",0.00975609756097561,"random",6,8,3,5,10,6,3,6,0.5
34,240,15,6,2,0.013,1.1,0.92854,0.30129,"Anticlea elegans","Lithospermum incisum",0.0109756097560976,"random",6,8,3,4,6,3,1,5,0.2
34,241,15,13,2,0.029,2.4,0.56098,0.74148,"Anticlea elegans","Lithospermum ruderale",-0.0048780487804878,"random",6,8,3,5,7,3,2,4,0.5
34,246,15,12,3,0.027,2.2,0.85418,0.38065,"Anticlea elegans","Lonicera dioica",0.00975609756097561,"random",6,8,3,6,7,2,2,3,0.666666666666667
34,250,15,6,0,0.013,1.1,0.285,1,"Anticlea elegans","Lotus corniculatus",-0.0134146341463415,"random",6,8,3,5,9,5,3,5,0.6
34,253,15,7,1,0.016,1.3,0.6225,0.77125,"Anticlea elegans","Lygodesmia juncea",-0.00365853658536585,"random",6,8,3,6,10,5,3,5,0.6
34,258,15,30,5,0.067,5.5,0.50982,0.71637,"Anticlea elegans","Maianthemum stellatum",-0.00609756097560976,"random",6,8,3,5,7,3,2,4,0.5
34,261,15,10,1,0.022,1.8,0.41573,0.88408,"Anticlea elegans","Medicago lupulina",-0.00975609756097561,"random",6,8,3,5,11,7,3,7,0.428571428571429
34,262,15,10,1,0.022,1.8,0.41573,0.88408,"Anticlea elegans","Medicago sativa",-0.00975609756097561,"random",6,8,3,5,10,6,3,6,0.5
34,264,15,9,1,0.02,1.6,0.47975,0.8541,"Anticlea elegans","Melilotus albus",-0.00731707317073171,"random",6,8,3,6,11,6,3,6,0.5
34,265,15,14,1,0.031,2.6,0.2176,0.95549,"Anticlea elegans","Melilotus officinalis",-0.0195121951219512,"random",6,8,3,5,11,7,3,7,0.428571428571429
34,275,15,18,3,0.04,3.3,0.57295,0.69592,"Anticlea elegans","Monarda fistulosa",-0.00365853658536585,"random",6,8,3,5,9,5,3,5,0.6
34,278,15,11,3,0.025,2,0.89,0.32194,"Anticlea elegans","Musineon divaricatum",0.0121951219512195,"random",6,8,3,4,7,4,2,5,0.4
34,285,15,13,2,0.029,2.4,0.56098,0.74148,"Anticlea elegans","Oenothera suffrutescens",-0.0048780487804878,"random",6,8,3,5,8,4,3,4,0.75
34,286,15,15,0,0.033,2.7,0.03469,1,"Anticlea elegans","Opuntia polyacantha",-0.0329268292682927,"negative",6,8,3,5,8,4,3,4,0.75
34,287,15,6,0,0.013,1.1,0.285,1,"Anticlea elegans","Oreocarya glomerata",-0.0134146341463415,"random",6,8,3,5,8,4,3,4,0.75
34,290,15,9,4,0.02,1.6,0.99128,0.05371,"Anticlea elegans","Oxytropis campestris",0.0292682926829268,"random",6,8,3,5,9,5,3,5,0.6
34,292,15,9,1,0.02,1.6,0.47975,0.8541,"Anticlea elegans","Oxytropis sericea",-0.00731707317073171,"random",6,8,3,5,6,2,1,4,0.25
34,292,15,9,1,0.02,1.6,0.47975,0.8541,"Anticlea elegans","Oxytropis sericea",-0.00731707317073171,"random",6,8,3,5,6,2,1,4,0.25
34,293,15,6,3,0.013,1.1,0.99079,0.07146,"Anticlea elegans","Oxytropis splendens",0.0231707317073171,"random",6,8,3,6,8,3,3,3,1
34,304,15,8,0,0.018,1.5,0.183,1,"Anticlea elegans","Pelecyphora vivipara",-0.0182926829268293,"random",6,8,3,5,7,3,2,4,0.5
34,307,15,6,0,0.013,1.1,0.285,1,"Anticlea elegans","Penstemon confertus",-0.0134146341463415,"random",6,8,3,6,8,3,3,3,1
34,310,15,15,1,0.033,2.7,0.18197,0.96531,"Anticlea elegans","Penstemon nitidus",-0.0207317073170732,"random",6,8,3,4,7,4,2,5,0.4
34,315,15,6,2,0.013,1.1,0.92854,0.30129,"Anticlea elegans","Petasites frigidus",0.0109756097560976,"random",6,8,3,4,9,6,3,6,0.5
34,320,15,6,1,0.013,1.1,0.69871,0.715,"Anticlea elegans","Phleum pratense",-0.00121951219512195,"random",6,8,3,7,7,1,1,3,0.333333333333333
34,321,15,15,2,0.033,2.7,0.44924,0.81803,"Anticlea elegans","Phlox hoodii",-0.00853658536585366,"random",6,8,3,3,10,8,3,8,0.375
34,323,15,6,2,0.013,1.1,0.92854,0.30129,"Anticlea elegans","Physaria arenosa",0.0109756097560976,"random",6,8,3,4,7,4,2,5,0.4
34,338,15,6,4,0.013,1.1,0.99941,0.00921,"Anticlea elegans","Polygala senega",0.0353658536585366,"positive",6,8,3,5,7,3,2,4,0.5
34,340,15,6,1,0.013,1.1,0.69871,0.715,"Anticlea elegans","Populus balsamifera",-0.00121951219512195,"random",6,8,3,4,5,2,0,5,0
34,342,15,17,2,0.038,3.1,0.34889,0.87517,"Anticlea elegans","Populus tremuloides",-0.0134146341463415,"random",6,8,3,4,4,1,0,5,0
34,343,15,10,1,0.022,1.8,0.41573,0.88408,"Anticlea elegans","Potentilla concinna",-0.00975609756097561,"random",6,8,3,4,6,3,1,5,0.2
34,354,15,23,4,0.051,4.2,0.58497,0.66366,"Anticlea elegans","Prunus virginiana",-0.0024390243902439,"random",6,8,3,4,7,4,2,5,0.4
34,356,15,25,5,0.056,4.6,0.72277,0.50742,"Anticlea elegans","Pulsatilla nuttalliana",0.00487804878048781,"random",6,8,3,3,11,9,3,9,0.333333333333333
34,358,15,10,3,0.022,1.8,0.92082,0.26414,"Anticlea elegans","Pyrola asarifolia",0.0146341463414634,"random",6,8,3,6,9,4,3,4,0.75
34,362,15,6,0,0.013,1.1,0.285,1,"Anticlea elegans","Ratibida columnifera",-0.0134146341463415,"random",6,8,3,6,10,5,3,5,0.6
34,368,15,10,1,0.022,1.8,0.41573,0.88408,"Anticlea elegans","Rhus aromatica",-0.00975609756097561,"random",6,8,3,5,5,1,0,4,0
34,371,15,7,0,0.016,1.3,0.22875,1,"Anticlea elegans","Ribes oxyacanthoides",-0.0158536585365854,"random",6,8,3,5,6,2,1,4,0.25
34,373,15,8,3,0.018,1.5,0.96629,0.157,"Anticlea elegans","Rosa acicularis",0.0182926829268293,"random",6,8,3,5,7,3,2,4,0.5
34,374,15,8,0,0.018,1.5,0.183,1,"Anticlea elegans","Rosa arkansana",-0.0182926829268293,"random",6,8,3,6,9,4,3,4,0.75
34,376,15,18,1,0.04,3.3,0.10243,0.984,"Anticlea elegans","Rosa woodsii",-0.0280487804878049,"random",6,8,3,6,8,3,3,3,1
34,390,15,10,3,0.022,1.8,0.92082,0.26414,"Anticlea elegans","Salix interior",0.0146341463414634,"random",6,8,3,5,7,3,2,4,0.5
34,408,15,8,0,0.018,1.5,0.183,1,"Anticlea elegans","Shepherdia argentea",-0.0182926829268293,"random",6,8,3,4,5,2,0,5,0
34,409,15,25,5,0.056,4.6,0.72277,0.50742,"Anticlea elegans","Shepherdia canadensis",0.00487804878048781,"random",6,8,3,4,5,2,0,5,0
34,412,15,7,1,0.016,1.3,0.6225,0.77125,"Anticlea elegans","Sisymbrium loeselii",-0.00365853658536585,"random",6,8,3,5,10,6,3,6,0.5
34,413,15,7,2,0.016,1.3,0.88923,0.3775,"Anticlea elegans","Sisyrinchium montanum",0.00853658536585366,"random",6,8,3,5,8,4,3,4,0.75
34,417,15,8,2,0.018,1.5,0.843,0.451,"Anticlea elegans","Solidago missouriensis",0.00609756097560976,"random",6,8,3,6,9,4,3,4,0.75
34,423,15,8,0,0.018,1.5,0.183,1,"Anticlea elegans","Sphaeralcea coccinea",-0.0182926829268293,"random",6,8,3,5,9,5,3,5,0.6
34,430,15,30,5,0.067,5.5,0.50982,0.71637,"Anticlea elegans","Symphoricarpos occidentalis",-0.00609756097560976,"random",6,8,3,6,8,3,3,3,1
34,434,15,16,3,0.036,2.9,0.67397,0.60262,"Anticlea elegans","Symphyotrichum laeve",0.00121951219512195,"random",6,8,3,6,10,5,3,5,0.6
34,437,15,7,1,0.016,1.3,0.6225,0.77125,"Anticlea elegans","Tanacetum vulgare",-0.00365853658536585,"random",6,8,3,7,10,4,2,5,0.4
34,438,15,12,0,0.027,2.2,0.07238,1,"Anticlea elegans","Taraxacum officinale",-0.0268292682926829,"random",6,8,3,3,11,9,3,9,0.333333333333333
34,442,15,30,3,0.067,5.5,0.11755,0.96651,"Anticlea elegans","Thermopsis rhombifolia",-0.0304878048780488,"random",6,8,3,4,7,4,2,5,0.4
34,444,15,10,1,0.022,1.8,0.41573,0.88408,"Anticlea elegans","Thlaspi arvense",-0.00975609756097561,"random",6,8,3,4,9,6,3,6,0.5
34,448,15,18,1,0.04,3.3,0.10243,0.984,"Anticlea elegans","Tragopogon dubius",-0.0280487804878049,"random",6,8,3,5,10,6,3,6,0.5
34,454,15,18,2,0.04,3.3,0.30408,0.89757,"Anticlea elegans","Trifolium pratense",-0.0158536585365854,"random",6,8,3,6,10,5,3,5,0.6
34,458,15,7,1,0.016,1.3,0.6225,0.77125,"Anticlea elegans","Tripleurospermum inodorum",-0.00365853658536585,"random",6,8,3,5,11,7,3,7,0.428571428571429
34,460,15,6,0,0.013,1.1,0.285,1,"Anticlea elegans","Typha latifolia",-0.0134146341463415,"random",6,8,3,6,7,2,2,3,0.666666666666667
34,475,15,16,3,0.036,2.9,0.67397,0.60262,"Anticlea elegans","Vicia americana",0.00121951219512195,"random",6,8,3,5,9,5,3,5,0.6
34,476,15,14,0,0.031,2.6,0.04451,1,"Anticlea elegans","Vicia cracca",-0.0317073170731707,"negative",6,8,3,5,11,7,3,7,0.428571428571429
34,477,15,15,4,0.033,2.7,0.89899,0.277,"Anticlea elegans","Viola adunca",0.0158536585365854,"random",6,8,3,4,9,6,3,6,0.5
34,479,15,6,1,0.013,1.1,0.69871,0.715,"Anticlea elegans","Viola nuttallii",-0.00121951219512195,"random",6,8,3,4,6,3,1,5,0.2
34,488,15,14,6,0.031,2.6,0.99714,0.01771,"Anticlea elegans","Zizia aptera",0.0414634146341463,"positive",6,8,3,5,7,3,2,4,0.5
36,42,6,25,1,0.022,1.8,0.40257,0.89637,"Apocynum androsaemifolium","Arctostaphylos uva-ursi",-0.00975609756097561,"random",5,9,5,5,9,5,5,5,1
36,45,6,14,0,0.012,1,0.31258,1,"Apocynum androsaemifolium","Artemisia absinthium",-0.0121951219512195,"random",5,9,5,7,9,3,3,5,0.6
36,49,6,24,2,0.021,1.8,0.76406,0.57035,"Apocynum androsaemifolium","Artemisia frigida",0.0024390243902439,"random",5,9,5,8,9,2,2,5,0.4
36,51,6,16,3,0.014,1.2,0.988,0.08518,"Apocynum androsaemifolium","Artemisia ludoviciana",0.0219512195121951,"random",5,9,5,7,9,3,3,5,0.6
36,67,6,15,1,0.013,1.1,0.69871,0.715,"Apocynum androsaemifolium","Astragalus laxmannii",-0.00121951219512195,"random",5,9,5,6,8,3,3,5,0.6
36,82,6,20,2,0.018,1.5,0.84785,0.45484,"Apocynum androsaemifolium","Bromus inermis",0.00609756097560976,"random",5,9,5,6,10,5,4,6,0.666666666666667
36,86,6,23,3,0.021,1.7,0.95077,0.21365,"Apocynum androsaemifolium","Campanula alaskana",0.0158536585365854,"random",5,9,5,6,10,5,4,6,0.666666666666667
36,107,6,16,0,0.014,1.2,0.25948,1,"Apocynum androsaemifolium","Chamaenerion angustifolium",-0.0146341463414634,"random",5,9,5,6,9,4,4,5,0.8
36,112,6,19,1,0.017,1.4,0.57543,0.80596,"Apocynum androsaemifolium","Cirsium arvense",-0.0048780487804878,"random",5,9,5,6,9,4,4,5,0.8
36,123,6,19,2,0.017,1.4,0.86632,0.42457,"Apocynum androsaemifolium","Comandra umbellata",0.00731707317073171,"random",5,9,5,5,7,3,3,5,0.6
36,129,6,28,4,0.025,2,0.98377,0.09991,"Apocynum androsaemifolium","Cornus sericea",0.024390243902439,"random",5,9,5,5,8,4,4,5,0.8
36,141,6,34,4,0.03,2.5,0.95802,0.19138,"Apocynum androsaemifolium","Dasiphora fruticosa",0.0182926829268293,"random",5,9,5,5,10,6,5,6,0.833333333333333
36,160,6,32,4,0.029,2.3,0.96866,0.15714,"Apocynum androsaemifolium","Elaeagnus commutata",0.0207317073170732,"random",5,9,5,5,9,5,5,5,1
36,171,6,21,1,0.019,1.5,0.51535,0.84143,"Apocynum androsaemifolium","Eriogonum flavum",-0.00609756097560976,"random",5,9,5,5,9,5,5,5,1
36,181,6,23,3,0.021,1.7,0.95077,0.21365,"Apocynum androsaemifolium","Fragaria virginiana",0.0158536585365854,"random",5,9,5,5,11,7,5,7,0.714285714285714
36,183,6,22,4,0.02,1.6,0.99527,0.0417,"Apocynum androsaemifolium","Gaillardia aristata",0.0292682926829268,"positive",5,9,5,6,10,5,4,6,0.666666666666667
36,186,6,28,2,0.025,2,0.66803,0.67336,"Apocynum androsaemifolium","Galium boreale",0,"random",5,9,5,6,8,3,3,5,0.6
36,192,6,22,2,0.02,1.6,0.8078,0.51389,"Apocynum androsaemifolium","Geum triflorum",0.0048780487804878,"random",5,9,5,4,7,4,3,6,0.5
36,193,6,14,2,0.012,1,0.94099,0.27065,"Apocynum androsaemifolium","Glycyrrhiza lepidota",0.0121951219512195,"random",5,9,5,6,8,3,3,5,0.6
36,196,6,14,2,0.012,1,0.94099,0.27065,"Apocynum androsaemifolium","Gutierrezia sarothrae",0.0121951219512195,"random",5,9,5,6,9,4,4,5,0.8
36,200,6,16,2,0.014,1.2,0.91482,0.33217,"Apocynum androsaemifolium","Hedysarum boreale",0.00975609756097561,"random",5,9,5,4,10,7,5,7,0.714285714285714
36,233,6,14,1,0.012,1,0.72935,0.68742,"Apocynum androsaemifolium","Liatris punctata",0,"random",5,9,5,7,10,4,3,6,0.5
36,239,6,23,2,0.021,1.7,0.78635,0.54248,"Apocynum androsaemifolium","Linum lewisii",0.00365853658536585,"random",5,9,5,5,10,6,5,6,0.833333333333333
36,258,6,30,4,0.027,2.2,0.97714,0.12664,"Apocynum androsaemifolium","Maianthemum stellatum",0.0219512195121951,"random",5,9,5,5,7,3,3,5,0.6
36,265,6,14,0,0.012,1,0.31258,1,"Apocynum androsaemifolium","Melilotus officinalis",-0.0121951219512195,"random",5,9,5,5,11,7,5,7,0.714285714285714
36,275,6,18,4,0.016,1.3,0.99838,0.01924,"Apocynum androsaemifolium","Monarda fistulosa",0.0329268292682927,"positive",5,9,5,5,9,5,5,5,1
36,286,6,15,0,0.013,1.1,0.285,1,"Apocynum androsaemifolium","Opuntia polyacantha",-0.0134146341463415,"random",5,9,5,5,8,4,4,5,0.8
36,310,6,15,2,0.013,1.1,0.92854,0.30129,"Apocynum androsaemifolium","Penstemon nitidus",0.0109756097560976,"random",5,9,5,4,7,4,3,6,0.5
36,321,6,15,2,0.013,1.1,0.92854,0.30129,"Apocynum androsaemifolium","Phlox hoodii",0.0109756097560976,"random",5,9,5,3,10,8,5,8,0.625
36,342,6,17,0,0.015,1.2,0.23589,1,"Apocynum androsaemifolium","Populus tremuloides",-0.0146341463414634,"random",5,9,5,4,4,1,0,6,0
36,354,6,23,2,0.021,1.7,0.78635,0.54248,"Apocynum androsaemifolium","Prunus virginiana",0.00365853658536585,"random",5,9,5,4,7,4,3,6,0.5
36,356,6,25,5,0.022,1.8,0.99949,0.00915,"Apocynum androsaemifolium","Pulsatilla nuttalliana",0.0390243902439024,"positive",5,9,5,3,11,9,5,9,0.555555555555556
36,376,6,18,1,0.016,1.3,0.60605,0.78589,"Apocynum androsaemifolium","Rosa woodsii",-0.00365853658536585,"random",5,9,5,6,8,3,3,5,0.6
36,409,6,25,1,0.022,1.8,0.40257,0.89637,"Apocynum androsaemifolium","Shepherdia canadensis",-0.00975609756097561,"random",5,9,5,4,5,2,1,6,0.166666666666667
36,430,6,30,3,0.027,2.2,0.87336,0.38288,"Apocynum androsaemifolium","Symphoricarpos occidentalis",0.00975609756097561,"random",5,9,5,6,8,3,3,5,0.6
36,434,6,16,1,0.014,1.2,0.66783,0.74052,"Apocynum androsaemifolium","Symphyotrichum laeve",-0.0024390243902439,"random",5,9,5,6,10,5,4,6,0.666666666666667
36,442,6,30,3,0.027,2.2,0.87336,0.38288,"Apocynum androsaemifolium","Thermopsis rhombifolia",0.00975609756097561,"random",5,9,5,4,7,4,3,6,0.5
36,448,6,18,2,0.016,1.3,0.88367,0.39395,"Apocynum androsaemifolium","Tragopogon dubius",0.00853658536585366,"random",5,9,5,5,10,6,5,6,0.833333333333333
36,454,6,18,0,0.016,1.3,0.21411,1,"Apocynum androsaemifolium","Trifolium pratense",-0.0158536585365854,"random",5,9,5,6,10,5,4,6,0.666666666666667
36,475,6,16,1,0.014,1.2,0.66783,0.74052,"Apocynum androsaemifolium","Vicia americana",-0.0024390243902439,"random",5,9,5,5,9,5,5,5,1
36,476,6,14,0,0.012,1,0.31258,1,"Apocynum androsaemifolium","Vicia cracca",-0.0121951219512195,"random",5,9,5,5,11,7,5,7,0.714285714285714
36,477,6,15,2,0.013,1.1,0.92854,0.30129,"Apocynum androsaemifolium","Viola adunca",0.0109756097560976,"random",5,9,5,4,9,6,5,6,0.833333333333333
36,488,6,14,1,0.012,1,0.72935,0.68742,"Apocynum androsaemifolium","Zizia aptera",0,"random",5,9,5,5,7,3,3,5,0.6
38,129,3,28,1,0.012,1,0.73252,0.71992,"Aquilegia flavescens","Cornus sericea",0,"random",5,9,5,5,8,4,4,5,0.8
38,141,3,34,1,0.015,1.2,0.62836,0.8047,"Aquilegia flavescens","Dasiphora fruticosa",-0.0024390243902439,"random",5,9,5,5,10,6,5,6,0.833333333333333
38,160,3,32,0,0.014,1.2,0.22132,1,"Aquilegia flavescens","Elaeagnus commutata",-0.0146341463414634,"random",5,9,5,5,9,5,5,5,1
38,186,3,28,1,0.012,1,0.73252,0.71992,"Aquilegia flavescens","Galium boreale",0,"random",5,9,5,6,8,3,3,5,0.6
38,258,3,30,1,0.013,1.1,0.69874,0.75045,"Aquilegia flavescens","Maianthemum stellatum",-0.00121951219512195,"random",5,9,5,5,7,3,3,5,0.6
38,430,3,30,1,0.013,1.1,0.69874,0.75045,"Aquilegia flavescens","Symphoricarpos occidentalis",-0.00121951219512195,"random",5,9,5,6,8,3,3,5,0.6
38,442,3,30,0,0.013,1.1,0.24955,1,"Aquilegia flavescens","Thermopsis rhombifolia",-0.0134146341463415,"random",5,9,5,4,7,4,3,6,0.5
39,129,3,28,2,0.012,1,0.96301,0.26748,"Arctium minus","Cornus sericea",0.0121951219512195,"random",6,9,4,5,8,4,3,5,0.6
39,141,3,34,2,0.015,1.2,0.93243,0.37164,"Arctium minus","Dasiphora fruticosa",0.00975609756097561,"random",6,9,4,5,10,6,4,6,0.666666666666667
39,160,3,32,2,0.014,1.2,0.94399,0.33604,"Arctium minus","Elaeagnus commutata",0.00975609756097561,"random",6,9,4,5,9,5,4,5,0.8
39,186,3,28,1,0.012,1,0.73252,0.71992,"Arctium minus","Galium boreale",0,"random",6,9,4,6,8,3,3,4,0.75
39,258,3,30,1,0.013,1.1,0.69874,0.75045,"Arctium minus","Maianthemum stellatum",-0.00121951219512195,"random",6,9,4,5,7,3,2,5,0.4
39,430,3,30,2,0.013,1.1,0.95416,0.30126,"Arctium minus","Symphoricarpos occidentalis",0.0109756097560976,"random",6,9,4,6,8,3,3,4,0.75
39,442,3,30,2,0.013,1.1,0.95416,0.30126,"Arctium minus","Thermopsis rhombifolia",0.0109756097560976,"random",6,9,4,4,7,4,2,6,0.333333333333333
42,43,25,4,2,0.015,1.2,0.91781,0.35593,"Arctostaphylos uva-ursi","Argentina anserina",0.00975609756097561,"random",5,9,5,5,9,5,5,5,1
42,44,25,8,4,0.03,2.4,0.94765,0.19255,"Arctostaphylos uva-ursi","Arnica cordifolia",0.0195121951219512,"random",5,9,5,3,10,8,5,8,0.625
42,45,25,14,4,0.052,4.3,0.56931,0.67914,"Arctostaphylos uva-ursi","Artemisia absinthium",-0.00365853658536585,"random",5,9,5,7,9,3,3,5,0.6
42,46,25,5,2,0.019,1.5,0.83709,0.48462,"Arctostaphylos uva-ursi","Artemisia campestris",0.00609756097560976,"random",5,9,5,7,10,4,3,6,0.5
42,47,25,8,0,0.03,2.4,0.04636,1,"Arctostaphylos uva-ursi","Artemisia cana",-0.0292682926829268,"negative",5,9,5,6,10,5,4,6,0.666666666666667
42,49,25,24,6,0.089,7.3,0.3381,0.83051,"Arctostaphylos uva-ursi","Artemisia frigida",-0.0158536585365854,"random",5,9,5,8,9,2,2,5,0.4
42,50,25,5,0,0.019,1.5,0.15346,1,"Arctostaphylos uva-ursi","Artemisia longifolia",-0.0182926829268293,"random",5,9,5,7,9,3,3,5,0.6
42,51,25,16,5,0.059,4.9,0.65405,0.58082,"Arctostaphylos uva-ursi","Artemisia ludoviciana",0.00121951219512195,"random",5,9,5,7,9,3,3,5,0.6
42,54,25,6,0,0.022,1.8,0.10363,1,"Arctostaphylos uva-ursi","Asclepias viridiflora",-0.0219512195121951,"random",5,9,5,6,7,2,2,5,0.4
42,57,25,7,2,0.026,2.1,0.63858,0.69183,"Arctostaphylos uva-ursi","Astragalus agrestis",-0.00121951219512195,"random",5,9,5,5,9,5,5,5,1
42,58,25,5,2,0.019,1.5,0.83709,0.48462,"Arctostaphylos uva-ursi","Astragalus alpinus",0.00609756097560976,"random",5,9,5,5,8,4,4,5,0.8
42,60,25,4,0,0.015,1.2,0.22584,1,"Arctostaphylos uva-ursi","Astragalus canadensis",-0.0146341463414634,"random",5,9,5,6,9,4,4,5,0.8
42,61,25,9,3,0.033,2.7,0.72712,0.55768,"Arctostaphylos uva-ursi","Astragalus cicer",0.00365853658536585,"random",5,9,5,6,10,5,4,6,0.666666666666667
42,67,25,15,4,0.056,4.6,0.49258,0.74159,"Arctostaphylos uva-ursi","Astragalus laxmannii",-0.0073170731707317,"random",5,9,5,6,8,3,3,5,0.6
42,76,25,5,2,0.019,1.5,0.83709,0.48462,"Arctostaphylos uva-ursi","Betula occidentalis",0.00609756097560976,"random",5,9,5,5,6,2,2,5,0.4
42,81,25,11,2,0.041,3.4,0.28302,0.90972,"Arctostaphylos uva-ursi","Bouteloua gracilis",-0.0170731707317073,"random",5,9,5,6,10,5,4,6,0.666666666666667
42,82,25,20,11,0.074,6.1,0.99837,0.00809,"Arctostaphylos uva-ursi","Bromus inermis",0.0597560975609756,"positive",5,9,5,6,10,5,4,6,0.666666666666667
42,86,25,23,10,0.086,7,0.96694,0.09341,"Arctostaphylos uva-ursi","Campanula alaskana",0.0365853658536585,"random",5,9,5,6,10,5,4,6,0.666666666666667
42,87,25,7,3,0.026,2.1,0.87755,0.36142,"Arctostaphylos uva-ursi","Campanula rapunculoides",0.0109756097560976,"random",5,9,5,6,10,5,4,6,0.666666666666667
42,89,25,8,2,0.03,2.4,0.53725,0.76819,"Arctostaphylos uva-ursi","Caragana arborescens",-0.0048780487804878,"random",5,9,5,5,6,2,2,5,0.4
42,102,25,4,2,0.015,1.2,0.91781,0.35593,"Arctostaphylos uva-ursi","Castilleja hispida",0.00975609756097561,"random",5,9,5,5,8,4,4,5,0.8
42,103,25,5,3,0.019,1.5,0.97163,0.16291,"Arctostaphylos uva-ursi","Castilleja miniata",0.0182926829268293,"random",5,9,5,5,10,6,5,6,0.833333333333333
42,106,25,5,2,0.019,1.5,0.83709,0.48462,"Arctostaphylos uva-ursi","Cerastium arvense",0.00609756097560976,"random",5,9,5,5,8,4,4,5,0.8
42,107,25,16,2,0.059,4.9,0.06991,0.9854,"Arctostaphylos uva-ursi","Chamaenerion angustifolium",-0.0353658536585366,"random",5,9,5,6,9,4,4,5,0.8
42,110,25,5,1,0.019,1.5,0.51538,0.84654,"Arctostaphylos uva-ursi","Chenopodium album",-0.00609756097560976,"random",5,9,5,7,9,3,3,5,0.6
42,112,25,19,7,0.071,5.8,0.83453,0.33796,"Arctostaphylos uva-ursi","Cirsium arvense",0.0146341463414634,"random",5,9,5,6,9,4,4,5,0.8
42,115,25,4,1,0.015,1.2,0.64407,0.77416,"Arctostaphylos uva-ursi","Cirsium hookerianum",-0.0024390243902439,"random",5,9,5,6,9,4,4,5,0.8
42,117,25,8,2,0.03,2.4,0.53725,0.76819,"Arctostaphylos uva-ursi","Cirsium undulatum",-0.0048780487804878,"random",5,9,5,6,9,4,4,5,0.8
42,118,25,8,4,0.03,2.4,0.94765,0.19255,"Arctostaphylos uva-ursi","Cirsium vulgare",0.0195121951219512,"random",5,9,5,7,11,5,3,7,0.428571428571429
42,120,25,5,2,0.019,1.5,0.83709,0.48462,"Arctostaphylos uva-ursi","Clematis occidentalis",0.00609756097560976,"random",5,9,5,5,10,6,5,6,0.833333333333333
42,121,25,8,3,0.03,2.4,0.80745,0.46275,"Arctostaphylos uva-ursi","Clematis tangutica",0.00731707317073171,"random",5,9,5,6,10,5,4,6,0.666666666666667
42,123,25,19,6,0.071,5.8,0.66204,0.55794,"Arctostaphylos uva-ursi","Comandra umbellata",0.0024390243902439,"random",5,9,5,5,7,3,3,5,0.6
42,128,25,4,1,0.015,1.2,0.64407,0.77416,"Arctostaphylos uva-ursi","Cornus canadensis",-0.0024390243902439,"random",5,9,5,5,8,4,4,5,0.8
42,129,25,28,9,0.104,8.5,0.68958,0.5031,"Arctostaphylos uva-ursi","Cornus sericea",0.00609756097560976,"random",5,9,5,5,8,4,4,5,0.8
42,131,25,5,4,0.019,1.5,0.99805,0.02837,"Arctostaphylos uva-ursi","Cotoneaster acutifolius",0.0304878048780488,"positive",5,9,5,5,7,3,3,5,0.6
42,135,25,7,5,0.026,2.1,0.99722,0.02509,"Arctostaphylos uva-ursi","Cypripedium parviflorum",0.0353658536585366,"positive",5,9,5,5,7,3,3,5,0.6
42,139,25,4,1,0.015,1.2,0.64407,0.77416,"Arctostaphylos uva-ursi","Dalea candida",-0.0024390243902439,"random",5,9,5,6,8,3,3,5,0.6
42,140,25,7,3,0.026,2.1,0.87755,0.36142,"Arctostaphylos uva-ursi","Dalea purpurea",0.0109756097560976,"random",5,9,5,6,9,4,4,5,0.8
42,141,25,34,14,0.126,10.4,0.97765,0.06395,"Arctostaphylos uva-ursi","Dasiphora fruticosa",0.0439024390243902,"random",5,9,5,5,10,6,5,6,0.833333333333333
42,142,25,5,0,0.019,1.5,0.15346,1,"Arctostaphylos uva-ursi","Delphinium bicolor",-0.0182926829268293,"random",5,9,5,5,7,3,3,5,0.6
42,156,25,4,0,0.015,1.2,0.22584,1,"Arctostaphylos uva-ursi","Drymocallis arguta",-0.0146341463414634,"random",5,9,5,6,8,3,3,5,0.6
42,160,25,32,17,0.119,9.8,0.99993,0.00047,"Arctostaphylos uva-ursi","Elaeagnus commutata",0.0878048780487805,"positive",5,9,5,5,9,5,5,5,1
42,167,25,4,2,0.015,1.2,0.91781,0.35593,"Arctostaphylos uva-ursi","Erigeron caespitosus",0.00975609756097561,"random",5,9,5,6,9,4,4,5,0.8
42,171,25,21,3,0.078,6.4,0.05113,0.98781,"Arctostaphylos uva-ursi","Eriogonum flavum",-0.0414634146341463,"random",5,9,5,5,9,5,5,5,1
42,172,25,4,3,0.015,1.2,0.99277,0.08219,"Arctostaphylos uva-ursi","Eriogonum umbellatum",0.0219512195121951,"random",5,9,5,6,9,4,4,5,0.8
42,178,25,5,1,0.019,1.5,0.51538,0.84654,"Arctostaphylos uva-ursi","Euphorbia virgata",-0.00609756097560976,"random",5,9,5,5,9,5,5,5,1
42,179,25,5,5,0.019,1.5,1,0.00195,"Arctostaphylos uva-ursi","Eurybia conspicua",0.0426829268292683,"positive",5,9,5,7,10,4,3,6,0.5
42,180,25,4,1,0.015,1.2,0.64407,0.77416,"Arctostaphylos uva-ursi","Eurybia sibirica",-0.0024390243902439,"random",5,9,5,6,10,5,4,6,0.666666666666667
42,181,25,23,12,0.086,7,0.99796,0.00928,"Arctostaphylos uva-ursi","Fragaria virginiana",0.0609756097560976,"positive",5,9,5,5,11,7,5,7,0.714285714285714
42,183,25,22,7,0.082,6.7,0.67068,0.53794,"Arctostaphylos uva-ursi","Gaillardia aristata",0.00365853658536585,"random",5,9,5,6,10,5,4,6,0.666666666666667
42,184,25,6,3,0.022,1.8,0.93319,0.259,"Arctostaphylos uva-ursi","Galearis rotundifolia",0.0146341463414634,"random",5,9,5,6,7,2,2,5,0.4
42,186,25,28,12,0.104,8.5,0.97651,0.06807,"Arctostaphylos uva-ursi","Galium boreale",0.0426829268292683,"random",5,9,5,6,8,3,3,5,0.6
42,190,25,12,3,0.045,3.7,0.47034,0.77942,"Arctostaphylos uva-ursi","Geranium viscosissimum",-0.00853658536585366,"random",5,9,5,5,11,7,5,7,0.714285714285714
42,192,25,22,9,0.082,6.7,0.93283,0.16558,"Arctostaphylos uva-ursi","Geum triflorum",0.0280487804878049,"random",5,9,5,4,7,4,3,6,0.5
42,193,25,14,3,0.052,4.3,0.32086,0.87216,"Arctostaphylos uva-ursi","Glycyrrhiza lepidota",-0.0158536585365854,"random",5,9,5,6,8,3,3,5,0.6
42,195,25,13,3,0.048,4,0.39184,0.8308,"Arctostaphylos uva-ursi","Grindelia squarrosa",-0.0121951219512195,"random",5,9,5,7,11,5,3,7,0.428571428571429
42,196,25,14,2,0.052,4.3,0.12784,0.96866,"Arctostaphylos uva-ursi","Gutierrezia sarothrae",-0.0280487804878049,"random",5,9,5,6,9,4,4,5,0.8
42,199,25,11,8,0.041,3.4,0.99975,0.00251,"Arctostaphylos uva-ursi","Hedysarum alpinum",0.0560975609756098,"positive",5,9,5,5,9,5,5,5,1
42,200,25,16,7,0.059,4.9,0.9409,0.16272,"Arctostaphylos uva-ursi","Hedysarum boreale",0.025609756097561,"random",5,9,5,4,10,7,5,7,0.714285714285714
42,202,25,6,1,0.022,1.8,0.40257,0.89637,"Arctostaphylos uva-ursi","Helianthus annuus",-0.00975609756097561,"random",5,9,5,6,11,6,4,7,0.571428571428571
42,204,25,4,1,0.015,1.2,0.64407,0.77416,"Arctostaphylos uva-ursi","Helianthus pauciflorus",-0.0024390243902439,"random",5,9,5,7,9,3,3,5,0.6
42,206,25,8,1,0.03,2.4,0.23181,0.95364,"Arctostaphylos uva-ursi","Heracleum maximum",-0.0170731707317073,"random",5,9,5,6,8,3,3,5,0.6
42,207,25,5,0,0.019,1.5,0.15346,1,"Arctostaphylos uva-ursi","Hesperostipa comata",-0.0182926829268293,"random",5,9,5,6,6,1,1,5,0.2
42,208,25,13,5,0.048,4,0.84375,0.35305,"Arctostaphylos uva-ursi","Heterotheca villosa",0.0121951219512195,"random",5,9,5,6,10,5,4,6,0.666666666666667
42,209,25,4,2,0.015,1.2,0.91781,0.35593,"Arctostaphylos uva-ursi","Heuchera cylindrica",0.00975609756097561,"random",5,9,5,6,9,4,4,5,0.8
42,210,25,4,3,0.015,1.2,0.99277,0.08219,"Arctostaphylos uva-ursi","Heuchera richardsonii",0.0219512195121951,"random",5,9,5,6,7,2,2,5,0.4
42,214,25,6,2,0.022,1.8,0.741,0.59743,"Arctostaphylos uva-ursi","Hordeum jubatum",0.0024390243902439,"random",5,9,5,6,7,2,2,5,0.4
42,216,25,7,0,0.026,2.1,0.06954,1,"Arctostaphylos uva-ursi","Hymenoxys richardsonii",-0.025609756097561,"random",5,9,5,5,7,3,3,5,0.6
42,217,25,7,1,0.026,2.1,0.30817,0.93046,"Arctostaphylos uva-ursi","Hyoscyamus niger",-0.0134146341463415,"random",5,9,5,5,10,6,5,6,0.833333333333333
42,221,25,4,1,0.015,1.2,0.64407,0.77416,"Arctostaphylos uva-ursi","Koeleria macrantha",-0.0024390243902439,"random",5,9,5,6,7,2,2,5,0.4
42,222,25,7,0,0.026,2.1,0.06954,1,"Arctostaphylos uva-ursi","Krascheninnikovia lanata",-0.025609756097561,"random",5,9,5,5,9,4,5,5,1
42,226,25,4,2,0.015,1.2,0.91781,0.35593,"Arctostaphylos uva-ursi","Lathyrus ochroleucus",0.00975609756097561,"random",5,9,5,5,7,3,3,5,0.6
42,227,25,4,0,0.015,1.2,0.22584,1,"Arctostaphylos uva-ursi","Lepidium densiflorum",-0.0146341463414634,"random",5,9,5,6,7,2,2,5,0.4
42,231,25,5,1,0.019,1.5,0.51538,0.84654,"Arctostaphylos uva-ursi","Leucanthemum vulgare",-0.00609756097560976,"random",5,9,5,6,10,5,4,6,0.666666666666667
42,233,25,14,1,0.052,4.3,0.03134,0.9965,"Arctostaphylos uva-ursi","Liatris punctata",-0.0402439024390244,"negative",5,9,5,7,10,4,3,6,0.5
42,234,25,5,3,0.019,1.5,0.97163,0.16291,"Arctostaphylos uva-ursi","Lilium philadelphicum",0.0182926829268293,"random",5,9,5,5,9,5,5,5,1
42,235,25,4,1,0.015,1.2,0.64407,0.77416,"Arctostaphylos uva-ursi","Linaria dalmatica",-0.0024390243902439,"random",5,9,5,5,10,6,5,6,0.833333333333333
42,236,25,11,5,0.041,3.4,0.93098,0.20671,"Arctostaphylos uva-ursi","Linaria vulgaris",0.0195121951219512,"random",5,9,5,5,10,6,5,6,0.833333333333333
42,239,25,23,9,0.086,7,0.90659,0.21198,"Arctostaphylos uva-ursi","Linum lewisii",0.024390243902439,"random",5,9,5,5,10,6,5,6,0.833333333333333
42,240,25,6,2,0.022,1.8,0.741,0.59743,"Arctostaphylos uva-ursi","Lithospermum incisum",0.0024390243902439,"random",5,9,5,4,6,3,2,6,0.333333333333333
42,241,25,13,3,0.048,4,0.39184,0.8308,"Arctostaphylos uva-ursi","Lithospermum ruderale",-0.0121951219512195,"random",5,9,5,5,7,3,3,5,0.6
42,246,25,12,8,0.045,3.7,0.99921,0.00594,"Arctostaphylos uva-ursi","Lonicera dioica",0.0524390243902439,"positive",5,9,5,6,7,2,2,5,0.4
42,248,25,4,2,0.015,1.2,0.91781,0.35593,"Arctostaphylos uva-ursi","Lonicera tatarica",0.00975609756097561,"random",5,9,5,4,7,4,3,6,0.5
42,250,25,6,1,0.022,1.8,0.40257,0.89637,"Arctostaphylos uva-ursi","Lotus corniculatus",-0.00975609756097561,"random",5,9,5,5,9,5,5,5,1
42,253,25,7,2,0.026,2.1,0.63858,0.69183,"Arctostaphylos uva-ursi","Lygodesmia juncea",-0.00121951219512195,"random",5,9,5,6,10,5,4,6,0.666666666666667
42,256,25,4,2,0.015,1.2,0.91781,0.35593,"Arctostaphylos uva-ursi","Mahonia repens",0.00975609756097561,"random",5,9,5,6,6,1,1,5,0.2
42,257,25,4,1,0.015,1.2,0.64407,0.77416,"Arctostaphylos uva-ursi","Maianthemum racemosum",-0.0024390243902439,"random",5,9,5,5,7,3,3,5,0.6
42,258,25,30,11,0.112,9.1,0.87898,0.24881,"Arctostaphylos uva-ursi","Maianthemum stellatum",0.0231707317073171,"random",5,9,5,5,7,3,3,5,0.6
42,261,25,10,5,0.037,3,0.95986,0.14413,"Arctostaphylos uva-ursi","Medicago lupulina",0.024390243902439,"random",5,9,5,5,11,7,5,7,0.714285714285714
42,262,25,10,4,0.037,3,0.85587,0.35871,"Arctostaphylos uva-ursi","Medicago sativa",0.0121951219512195,"random",5,9,5,5,10,6,5,6,0.833333333333333
42,264,25,9,2,0.033,2.7,0.44232,0.82834,"Arctostaphylos uva-ursi","Melilotus albus",-0.00853658536585366,"random",5,9,5,6,11,6,4,7,0.571428571428571
42,265,25,14,6,0.052,4.3,0.9198,0.21329,"Arctostaphylos uva-ursi","Melilotus officinalis",0.0207317073170732,"random",5,9,5,5,11,7,5,7,0.714285714285714
42,275,25,18,11,0.067,5.5,0.99964,0.00238,"Arctostaphylos uva-ursi","Monarda fistulosa",0.0670731707317073,"positive",5,9,5,5,9,5,5,5,1
42,278,25,11,2,0.041,3.4,0.28302,0.90972,"Arctostaphylos uva-ursi","Musineon divaricatum",-0.0170731707317073,"random",5,9,5,4,7,4,3,6,0.5
42,285,25,13,1,0.048,4,0.04512,0.99451,"Arctostaphylos uva-ursi","Oenothera suffrutescens",-0.0365853658536585,"negative",5,9,5,5,8,4,4,5,0.8
42,286,25,15,0,0.056,4.6,0.00221,1,"Arctostaphylos uva-ursi","Opuntia polyacantha",-0.0560975609756098,"negative",5,9,5,5,8,4,4,5,0.8
42,287,25,6,0,0.022,1.8,0.10363,1,"Arctostaphylos uva-ursi","Oreocarya glomerata",-0.0219512195121951,"random",5,9,5,5,8,4,4,5,0.8
42,290,25,9,7,0.033,2.7,0.99978,0.00284,"Arctostaphylos uva-ursi","Oxytropis campestris",0.0524390243902439,"positive",5,9,5,5,9,5,5,5,1
42,292,25,9,3,0.033,2.7,0.72712,0.55768,"Arctostaphylos uva-ursi","Oxytropis sericea",0.00365853658536585,"random",5,9,5,5,6,2,2,5,0.4
42,292,25,9,3,0.033,2.7,0.72712,0.55768,"Arctostaphylos uva-ursi","Oxytropis sericea",0.00365853658536585,"random",5,9,5,5,6,2,2,5,0.4
42,293,25,6,5,0.022,1.8,0.99949,0.00915,"Arctostaphylos uva-ursi","Oxytropis splendens",0.0390243902439024,"positive",5,9,5,6,8,3,3,5,0.6
42,295,25,5,1,0.019,1.5,0.51538,0.84654,"Arctostaphylos uva-ursi","Packera cana",-0.00609756097560976,"random",5,9,5,5,8,4,4,5,0.8
42,300,25,4,0,0.015,1.2,0.22584,1,"Arctostaphylos uva-ursi","Pedicularis bracteosa",-0.0146341463414634,"random",5,9,5,6,8,3,3,5,0.6
42,303,25,4,0,0.015,1.2,0.22584,1,"Arctostaphylos uva-ursi","Pediomelum esculentum",-0.0146341463414634,"random",5,9,5,6,7,2,2,5,0.4
42,304,25,8,0,0.03,2.4,0.04636,1,"Arctostaphylos uva-ursi","Pelecyphora vivipara",-0.0292682926829268,"negative",5,9,5,5,7,3,3,5,0.6
42,306,25,4,0,0.015,1.2,0.22584,1,"Arctostaphylos uva-ursi","Penstemon albidus",-0.0146341463414634,"random",5,9,5,5,7,3,3,5,0.6
42,307,25,6,3,0.022,1.8,0.93319,0.259,"Arctostaphylos uva-ursi","Penstemon confertus",0.0146341463414634,"random",5,9,5,6,8,3,3,5,0.6
42,310,25,15,1,0.056,4.6,0.02151,0.99779,"Arctostaphylos uva-ursi","Penstemon nitidus",-0.0439024390243902,"negative",5,9,5,4,7,4,3,6,0.5
42,315,25,6,4,0.022,1.8,0.99085,0.06681,"Arctostaphylos uva-ursi","Petasites frigidus",0.0268292682926829,"random",5,9,5,4,9,6,5,6,0.833333333333333
42,318,25,4,2,0.015,1.2,0.91781,0.35593,"Arctostaphylos uva-ursi","Phalaris arundinacea",0.00975609756097561,"random",5,9,5,5,10,6,5,6,0.833333333333333
42,320,25,6,3,0.022,1.8,0.93319,0.259,"Arctostaphylos uva-ursi","Phleum pratense",0.0146341463414634,"random",5,9,5,7,7,1,1,5,0.2
42,321,25,15,2,0.056,4.6,0.0952,0.97849,"Arctostaphylos uva-ursi","Phlox hoodii",-0.0317073170731707,"random",5,9,5,3,10,8,5,8,0.625
42,323,25,6,1,0.022,1.8,0.40257,0.89637,"Arctostaphylos uva-ursi","Physaria arenosa",-0.00975609756097561,"random",5,9,5,4,7,4,3,6,0.5
42,327,25,5,2,0.019,1.5,0.83709,0.48462,"Arctostaphylos uva-ursi","Plantago major",0.00609756097560976,"random",5,9,5,6,8,3,3,5,0.6
42,328,25,5,0,0.019,1.5,0.15346,1,"Arctostaphylos uva-ursi","Plantago patagonica",-0.0182926829268293,"random",5,9,5,6,8,3,3,5,0.6
42,337,25,5,4,0.019,1.5,0.99805,0.02837,"Arctostaphylos uva-ursi","Polemonium pulcherrimum",0.0304878048780488,"positive",5,9,5,4,9,6,5,6,0.833333333333333
42,338,25,6,6,0.022,1.8,1,0.00051,"Arctostaphylos uva-ursi","Polygala senega",0.051219512195122,"positive",5,9,5,5,7,3,3,5,0.6
42,340,25,6,3,0.022,1.8,0.93319,0.259,"Arctostaphylos uva-ursi","Populus balsamifera",0.0146341463414634,"random",5,9,5,4,5,2,1,6,0.166666666666667
42,342,25,17,11,0.063,5.2,0.99985,0.00115,"Arctostaphylos uva-ursi","Populus tremuloides",0.0707317073170732,"positive",5,9,5,4,4,1,0,6,0
42,343,25,10,4,0.037,3,0.85587,0.35871,"Arctostaphylos uva-ursi","Potentilla concinna",0.0121951219512195,"random",5,9,5,4,6,3,2,6,0.333333333333333
42,351,25,4,2,0.015,1.2,0.91781,0.35593,"Arctostaphylos uva-ursi","Prosartes trachycarpa",0.00975609756097561,"random",5,9,5,4,6,3,2,6,0.333333333333333
42,354,25,23,10,0.086,7,0.96694,0.09341,"Arctostaphylos uva-ursi","Prunus virginiana",0.0365853658536585,"random",5,9,5,4,7,4,3,6,0.5
42,356,25,25,8,0.093,7.6,0.67986,0.51987,"Arctostaphylos uva-ursi","Pulsatilla nuttalliana",0.00487804878048781,"random",5,9,5,3,11,9,5,9,0.555555555555556
42,358,25,10,4,0.037,3,0.85587,0.35871,"Arctostaphylos uva-ursi","Pyrola asarifolia",0.0121951219512195,"random",5,9,5,6,9,4,4,5,0.8
42,359,25,4,1,0.015,1.2,0.64407,0.77416,"Arctostaphylos uva-ursi","Ranunculus acris",-0.0024390243902439,"random",5,9,5,5,10,6,5,6,0.833333333333333
42,362,25,6,1,0.022,1.8,0.40257,0.89637,"Arctostaphylos uva-ursi","Ratibida columnifera",-0.00975609756097561,"random",5,9,5,6,10,5,4,6,0.666666666666667
42,368,25,10,1,0.037,3,0.12532,0.97981,"Arctostaphylos uva-ursi","Rhus aromatica",-0.024390243902439,"random",5,9,5,5,5,1,1,5,0.2
42,371,25,7,4,0.026,2.1,0.97491,0.12245,"Arctostaphylos uva-ursi","Ribes oxyacanthoides",0.0231707317073171,"random",5,9,5,5,6,2,2,5,0.4
42,373,25,8,3,0.03,2.4,0.80745,0.46275,"Arctostaphylos uva-ursi","Rosa acicularis",0.00731707317073171,"random",5,9,5,5,7,3,3,5,0.6
42,374,25,8,2,0.03,2.4,0.53725,0.76819,"Arctostaphylos uva-ursi","Rosa arkansana",-0.0048780487804878,"random",5,9,5,6,9,4,4,5,0.8
42,376,25,18,6,0.067,5.5,0.72559,0.48847,"Arctostaphylos uva-ursi","Rosa woodsii",0.00609756097560976,"random",5,9,5,6,8,3,3,5,0.6
42,377,25,4,1,0.015,1.2,0.64407,0.77416,"Arctostaphylos uva-ursi","Rubus idaeus",-0.0024390243902439,"random",5,9,5,6,7,2,2,5,0.4
42,383,25,4,2,0.015,1.2,0.91781,0.35593,"Arctostaphylos uva-ursi","Salix bebbiana",0.00975609756097561,"random",5,9,5,5,8,4,4,5,0.8
42,389,25,5,1,0.019,1.5,0.51538,0.84654,"Arctostaphylos uva-ursi","Salix glauca",-0.00609756097560976,"random",5,9,5,6,7,2,2,5,0.4
42,390,25,10,4,0.037,3,0.85587,0.35871,"Arctostaphylos uva-ursi","Salix interior",0.0121951219512195,"random",5,9,5,5,7,3,3,5,0.6
42,393,25,4,0,0.015,1.2,0.22584,1,"Arctostaphylos uva-ursi","Salsola tragus",-0.0146341463414634,"random",5,9,5,7,10,4,3,6,0.5
42,408,25,8,3,0.03,2.4,0.80745,0.46275,"Arctostaphylos uva-ursi","Shepherdia argentea",0.00731707317073171,"random",5,9,5,4,5,2,1,6,0.166666666666667
42,409,25,25,18,0.093,7.6,1,0,"Arctostaphylos uva-ursi","Shepherdia canadensis",0.126829268292683,"positive",5,9,5,4,5,2,1,6,0.166666666666667
42,412,25,7,2,0.026,2.1,0.63858,0.69183,"Arctostaphylos uva-ursi","Sisymbrium loeselii",-0.00121951219512195,"random",5,9,5,5,10,6,5,6,0.833333333333333
42,413,25,7,5,0.026,2.1,0.99722,0.02509,"Arctostaphylos uva-ursi","Sisyrinchium montanum",0.0353658536585366,"positive",5,9,5,5,8,4,4,5,0.8
42,417,25,8,2,0.03,2.4,0.53725,0.76819,"Arctostaphylos uva-ursi","Solidago missouriensis",-0.0048780487804878,"random",5,9,5,6,9,4,4,5,0.8
42,423,25,8,0,0.03,2.4,0.04636,1,"Arctostaphylos uva-ursi","Sphaeralcea coccinea",-0.0292682926829268,"negative",5,9,5,5,9,5,5,5,1
42,430,25,30,9,0.112,9.1,0.57314,0.62293,"Arctostaphylos uva-ursi","Symphoricarpos occidentalis",-0.00121951219512195,"random",5,9,5,6,8,3,3,5,0.6
42,434,25,16,9,0.059,4.9,0.99666,0.01628,"Arctostaphylos uva-ursi","Symphyotrichum laeve",0.05,"positive",5,9,5,6,10,5,4,6,0.666666666666667
42,437,25,7,3,0.026,2.1,0.87755,0.36142,"Arctostaphylos uva-ursi","Tanacetum vulgare",0.0109756097560976,"random",5,9,5,7,10,4,3,6,0.5
42,438,25,12,5,0.045,3.7,0.89219,0.27736,"Arctostaphylos uva-ursi","Taraxacum officinale",0.0158536585365854,"random",5,9,5,3,11,9,5,9,0.555555555555556
42,442,25,30,11,0.112,9.1,0.87898,0.24881,"Arctostaphylos uva-ursi","Thermopsis rhombifolia",0.0231707317073171,"random",5,9,5,4,7,4,3,6,0.5
42,444,25,10,3,0.037,3,0.64129,0.64296,"Arctostaphylos uva-ursi","Thlaspi arvense",0,"random",5,9,5,4,9,6,5,6,0.833333333333333
42,448,25,18,7,0.067,5.5,0.87716,0.27441,"Arctostaphylos uva-ursi","Tragopogon dubius",0.0182926829268293,"random",5,9,5,5,10,6,5,6,0.833333333333333
42,450,25,5,2,0.019,1.5,0.83709,0.48462,"Arctostaphylos uva-ursi","Triantha glutinosa",0.00609756097560976,"random",5,9,5,6,8,3,3,5,0.6
42,453,25,4,1,0.015,1.2,0.64407,0.77416,"Arctostaphylos uva-ursi","Trifolium hybridum",-0.0024390243902439,"random",5,9,5,6,10,5,4,6,0.666666666666667
42,454,25,18,7,0.067,5.5,0.87716,0.27441,"Arctostaphylos uva-ursi","Trifolium pratense",0.0182926829268293,"random",5,9,5,6,10,5,4,6,0.666666666666667
42,455,25,5,2,0.019,1.5,0.83709,0.48462,"Arctostaphylos uva-ursi","Trifolium repens",0.00609756097560976,"random",5,9,5,5,10,6,5,6,0.833333333333333
42,458,25,7,3,0.026,2.1,0.87755,0.36142,"Arctostaphylos uva-ursi","Tripleurospermum inodorum",0.0109756097560976,"random",5,9,5,5,11,7,5,7,0.714285714285714
42,460,25,6,0,0.022,1.8,0.10363,1,"Arctostaphylos uva-ursi","Typha latifolia",-0.0219512195121951,"random",5,9,5,6,7,2,2,5,0.4
42,475,25,16,6,0.059,4.9,0.83728,0.34595,"Arctostaphylos uva-ursi","Vicia americana",0.0134146341463415,"random",5,9,5,5,9,5,5,5,1
42,476,25,14,6,0.052,4.3,0.9198,0.21329,"Arctostaphylos uva-ursi","Vicia cracca",0.0207317073170732,"random",5,9,5,5,11,7,5,7,0.714285714285714
42,477,25,15,10,0.056,4.6,0.99981,0.00157,"Arctostaphylos uva-ursi","Viola adunca",0.0658536585365854,"positive",5,9,5,4,9,6,5,6,0.833333333333333
42,479,25,6,0,0.022,1.8,0.10363,1,"Arctostaphylos uva-ursi","Viola nuttallii",-0.0219512195121951,"random",5,9,5,4,6,3,2,6,0.333333333333333
42,488,25,14,8,0.052,4.3,0.99546,0.02239,"Arctostaphylos uva-ursi","Zizia aptera",0.0451219512195122,"positive",5,9,5,5,7,3,3,5,0.6
43,49,4,24,1,0.014,1.2,0.66597,0.75743,"Argentina anserina","Artemisia frigida",-0.0024390243902439,"random",5,9,5,8,9,2,2,5,0.4
43,86,4,23,3,0.014,1.1,0.99494,0.0648,"Argentina anserina","Campanula alaskana",0.0231707317073171,"random",5,9,5,6,10,5,4,6,0.666666666666667
43,129,4,28,2,0.017,1.4,0.88715,0.42211,"Argentina anserina","Cornus sericea",0.00731707317073171,"random",5,9,5,5,8,4,4,5,0.8
43,141,4,34,2,0.02,1.7,0.80926,0.55253,"Argentina anserina","Dasiphora fruticosa",0.00365853658536585,"random",5,9,5,5,10,6,5,6,0.833333333333333
43,160,4,32,3,0.019,1.6,0.97944,0.16235,"Argentina anserina","Elaeagnus commutata",0.0170731707317073,"random",5,9,5,5,9,5,5,5,1
43,171,4,21,0,0.012,1,0.29836,1,"Argentina anserina","Eriogonum flavum",-0.0121951219512195,"random",5,9,5,5,9,5,5,5,1
43,181,4,23,1,0.014,1.1,0.6877,0.73979,"Argentina anserina","Fragaria virginiana",-0.00121951219512195,"random",5,9,5,5,11,7,5,7,0.714285714285714
43,183,4,22,2,0.013,1.1,0.94299,0.29078,"Argentina anserina","Gaillardia aristata",0.0109756097560976,"random",5,9,5,6,10,5,4,6,0.666666666666667
43,186,4,28,2,0.017,1.4,0.88715,0.42211,"Argentina anserina","Galium boreale",0.00731707317073171,"random",5,9,5,6,8,3,3,5,0.6
43,192,4,22,0,0.013,1.1,0.2788,1,"Argentina anserina","Geum triflorum",-0.0134146341463415,"random",5,9,5,4,7,4,3,6,0.5
43,239,4,23,3,0.014,1.1,0.99494,0.0648,"Argentina anserina","Linum lewisii",0.0231707317073171,"random",5,9,5,5,10,6,5,6,0.833333333333333
43,258,4,30,3,0.018,1.5,0.98433,0.13637,"Argentina anserina","Maianthemum stellatum",0.0182926829268293,"random",5,9,5,5,7,3,3,5,0.6
43,354,4,23,0,0.014,1.1,0.26021,1,"Argentina anserina","Prunus virginiana",-0.0134146341463415,"random",5,9,5,4,7,4,3,6,0.5
43,356,4,25,1,0.015,1.2,0.64407,0.77416,"Argentina anserina","Pulsatilla nuttalliana",-0.0024390243902439,"random",5,9,5,3,11,9,5,9,0.555555555555556
43,409,4,25,1,0.015,1.2,0.64407,0.77416,"Argentina anserina","Shepherdia canadensis",-0.0024390243902439,"random",5,9,5,4,5,2,1,6,0.166666666666667
43,430,4,30,3,0.018,1.5,0.98433,0.13637,"Argentina anserina","Symphoricarpos occidentalis",0.0182926829268293,"random",5,9,5,6,8,3,3,5,0.6
43,442,4,30,1,0.018,1.5,0.53384,0.84522,"Argentina anserina","Thermopsis rhombifolia",-0.00609756097560976,"random",5,9,5,4,7,4,3,6,0.5
44,45,8,14,0,0.017,1.4,0.2074,1,"Arnica cordifolia","Artemisia absinthium",-0.0170731707317073,"random",3,10,8,7,9,3,3,8,0.375
44,49,8,24,0,0.029,2.3,0.05378,1,"Arnica cordifolia","Artemisia frigida",-0.0280487804878049,"random",3,10,8,8,9,2,2,8,0.25
44,51,8,16,0,0.019,1.6,0.16115,1,"Arnica cordifolia","Artemisia ludoviciana",-0.0195121951219512,"random",3,10,8,7,9,3,3,8,0.375
44,67,8,15,0,0.018,1.5,0.183,1,"Arnica cordifolia","Astragalus laxmannii",-0.0182926829268293,"random",3,10,8,6,8,3,3,8,0.375
44,81,8,11,0,0.013,1.1,0.2985,1,"Arnica cordifolia","Bouteloua gracilis",-0.0134146341463415,"random",3,10,8,6,10,5,5,8,0.625
44,82,8,20,1,0.024,2,0.37083,0.90514,"Arnica cordifolia","Bromus inermis",-0.0121951219512195,"random",3,10,8,6,10,5,5,8,0.625
44,86,8,23,0,0.027,2.2,0.06222,1,"Arnica cordifolia","Campanula alaskana",-0.0268292682926829,"random",3,10,8,6,10,5,5,8,0.625
44,107,8,16,3,0.019,1.6,0.95709,0.18333,"Arnica cordifolia","Chamaenerion angustifolium",0.0170731707317073,"random",3,10,8,6,9,4,4,8,0.5
44,112,8,19,0,0.023,1.9,0.10866,1,"Arnica cordifolia","Cirsium arvense",-0.0231707317073171,"random",3,10,8,6,9,4,4,8,0.5
44,123,8,19,0,0.023,1.9,0.10866,1,"Arnica cordifolia","Comandra umbellata",-0.0231707317073171,"random",3,10,8,5,7,3,3,8,0.375
44,129,8,28,1,0.033,2.7,0.16832,0.97081,"Arnica cordifolia","Cornus sericea",-0.0207317073170732,"random",3,10,8,5,8,4,4,8,0.5
44,141,8,34,2,0.04,3.3,0.27398,0.91917,"Arnica cordifolia","Dasiphora fruticosa",-0.0158536585365854,"random",3,10,8,5,10,6,6,8,0.75
44,160,8,32,0,0.038,3.1,0.01506,1,"Arnica cordifolia","Elaeagnus commutata",-0.0378048780487805,"negative",3,10,8,5,9,5,5,8,0.625
44,171,8,21,1,0.025,2,0.33967,0.91738,"Arnica cordifolia","Eriogonum flavum",-0.0121951219512195,"random",3,10,8,5,9,5,5,8,0.625
44,181,8,23,6,0.027,2.2,0.99958,0.00527,"Arnica cordifolia","Fragaria virginiana",0.0463414634146341,"positive",3,10,8,5,11,7,6,9,0.666666666666667
44,183,8,22,0,0.026,2.1,0.07179,1,"Arnica cordifolia","Gaillardia aristata",-0.025609756097561,"random",3,10,8,6,10,5,5,8,0.625
44,186,8,28,0,0.033,2.7,0.02919,1,"Arnica cordifolia","Galium boreale",-0.0329268292682927,"negative",3,10,8,6,8,3,3,8,0.375
44,190,8,12,1,0.014,1.2,0.66848,0.73513,"Arnica cordifolia","Geranium viscosissimum",-0.0024390243902439,"random",3,10,8,5,11,7,6,9,0.666666666666667
44,192,8,22,3,0.026,2.1,0.87063,0.36535,"Arnica cordifolia","Geum triflorum",0.0109756097560976,"random",3,10,8,4,7,4,4,8,0.5
44,193,8,14,0,0.017,1.4,0.2074,1,"Arnica cordifolia","Glycyrrhiza lepidota",-0.0170731707317073,"random",3,10,8,6,8,3,3,8,0.375
44,195,8,13,0,0.015,1.3,0.2346,1,"Arnica cordifolia","Grindelia squarrosa",-0.0158536585365854,"random",3,10,8,7,11,5,4,9,0.444444444444444
44,196,8,14,0,0.017,1.4,0.2074,1,"Arnica cordifolia","Gutierrezia sarothrae",-0.0170731707317073,"random",3,10,8,6,9,4,4,8,0.5
44,199,8,11,0,0.013,1.1,0.2985,1,"Arnica cordifolia","Hedysarum alpinum",-0.0134146341463415,"random",3,10,8,5,9,5,5,8,0.625
44,200,8,16,0,0.019,1.6,0.16115,1,"Arnica cordifolia","Hedysarum boreale",-0.0195121951219512,"random",3,10,8,4,10,7,7,8,0.875
44,208,8,13,1,0.015,1.3,0.62812,0.7654,"Arnica cordifolia","Heterotheca villosa",-0.00365853658536585,"random",3,10,8,6,10,5,5,8,0.625
44,233,8,14,0,0.017,1.4,0.2074,1,"Arnica cordifolia","Liatris punctata",-0.0170731707317073,"random",3,10,8,7,10,4,4,8,0.5
44,236,8,11,0,0.013,1.1,0.2985,1,"Arnica cordifolia","Linaria vulgaris",-0.0134146341463415,"random",3,10,8,5,10,6,6,8,0.75
44,239,8,23,0,0.027,2.2,0.06222,1,"Arnica cordifolia","Linum lewisii",-0.0268292682926829,"random",3,10,8,5,10,6,6,8,0.75
44,241,8,13,0,0.015,1.3,0.2346,1,"Arnica cordifolia","Lithospermum ruderale",-0.0158536585365854,"random",3,10,8,5,7,3,3,8,0.375
44,246,8,12,0,0.014,1.2,0.26487,1,"Arnica cordifolia","Lonicera dioica",-0.0146341463414634,"random",3,10,8,6,7,2,2,8,0.25
44,258,8,30,1,0.036,2.9,0.13372,0.97889,"Arnica cordifolia","Maianthemum stellatum",-0.0231707317073171,"random",3,10,8,5,7,3,3,8,0.375
44,265,8,14,0,0.017,1.4,0.2074,1,"Arnica cordifolia","Melilotus officinalis",-0.0170731707317073,"random",3,10,8,5,11,7,6,9,0.666666666666667
44,275,8,18,1,0.021,1.8,0.43792,0.87581,"Arnica cordifolia","Monarda fistulosa",-0.00975609756097561,"random",3,10,8,5,9,5,5,8,0.625
44,278,8,11,0,0.013,1.1,0.2985,1,"Arnica cordifolia","Musineon divaricatum",-0.0134146341463415,"random",3,10,8,4,7,4,4,8,0.5
44,285,8,13,0,0.015,1.3,0.2346,1,"Arnica cordifolia","Oenothera suffrutescens",-0.0158536585365854,"random",3,10,8,5,8,4,4,8,0.5
44,286,8,15,0,0.018,1.5,0.183,1,"Arnica cordifolia","Opuntia polyacantha",-0.0182926829268293,"random",3,10,8,5,8,4,4,8,0.5
44,310,8,15,0,0.018,1.5,0.183,1,"Arnica cordifolia","Penstemon nitidus",-0.0182926829268293,"random",3,10,8,4,7,4,4,8,0.5
44,321,8,15,0,0.018,1.5,0.183,1,"Arnica cordifolia","Phlox hoodii",-0.0182926829268293,"random",3,10,8,3,10,8,8,8,1
44,342,8,17,3,0.02,1.7,0.94645,0.21114,"Arnica cordifolia","Populus tremuloides",0.0158536585365854,"random",3,10,8,4,4,1,1,8,0.125
44,354,8,23,2,0.027,2.2,0.6022,0.71763,"Arnica cordifolia","Prunus virginiana",-0.0024390243902439,"random",3,10,8,4,7,4,4,8,0.5
44,356,8,25,4,0.03,2.4,0.94765,0.19255,"Arnica cordifolia","Pulsatilla nuttalliana",0.0195121951219512,"random",3,10,8,3,11,9,8,9,0.888888888888889
44,376,8,18,0,0.021,1.8,0.12419,1,"Arnica cordifolia","Rosa woodsii",-0.0219512195121951,"random",3,10,8,6,8,3,3,8,0.375
44,409,8,25,6,0.03,2.4,0.9992,0.00873,"Arnica cordifolia","Shepherdia canadensis",0.0439024390243902,"positive",3,10,8,4,5,2,2,8,0.25
44,430,8,30,0,0.036,2.9,0.02111,1,"Arnica cordifolia","Symphoricarpos occidentalis",-0.0353658536585366,"negative",3,10,8,6,8,3,3,8,0.375
44,434,8,16,0,0.019,1.6,0.16115,1,"Arnica cordifolia","Symphyotrichum laeve",-0.0195121951219512,"random",3,10,8,6,10,5,5,8,0.625
44,438,8,12,0,0.014,1.2,0.26487,1,"Arnica cordifolia","Taraxacum officinale",-0.0146341463414634,"random",3,10,8,3,11,9,8,9,0.888888888888889
44,442,8,30,0,0.036,2.9,0.02111,1,"Arnica cordifolia","Thermopsis rhombifolia",-0.0353658536585366,"negative",3,10,8,4,7,4,4,8,0.5
44,448,8,18,0,0.021,1.8,0.12419,1,"Arnica cordifolia","Tragopogon dubius",-0.0219512195121951,"random",3,10,8,5,10,6,6,8,0.75
44,454,8,18,2,0.021,1.8,0.75976,0.56208,"Arnica cordifolia","Trifolium pratense",0.0024390243902439,"random",3,10,8,6,10,5,5,8,0.625
44,475,8,16,2,0.019,1.6,0.81667,0.48924,"Arnica cordifolia","Vicia americana",0.0048780487804878,"random",3,10,8,5,9,5,5,8,0.625
44,476,8,14,0,0.017,1.4,0.2074,1,"Arnica cordifolia","Vicia cracca",-0.0170731707317073,"random",3,10,8,5,11,7,6,9,0.666666666666667
44,477,8,15,1,0.018,1.5,0.549,0.817,"Arnica cordifolia","Viola adunca",-0.00609756097560976,"random",3,10,8,4,9,6,6,8,0.75
44,488,8,14,1,0.017,1.4,0.5882,0.7926,"Arnica cordifolia","Zizia aptera",-0.0048780487804878,"random",3,10,8,5,7,3,3,8,0.375
45,47,14,8,0,0.017,1.4,0.2074,1,"Artemisia absinthium","Artemisia cana",-0.0170731707317073,"random",7,9,3,6,10,5,3,5,0.6
45,49,14,24,3,0.05,4.1,0.36061,0.84899,"Artemisia absinthium","Artemisia frigida",-0.0134146341463415,"random",7,9,3,8,9,2,2,3,0.666666666666667
45,51,14,16,3,0.033,2.7,0.72627,0.5473,"Artemisia absinthium","Artemisia ludoviciana",0.00365853658536585,"random",7,9,3,7,9,3,3,3,1
45,54,14,6,0,0.012,1,0.31258,1,"Artemisia absinthium","Asclepias viridiflora",-0.0121951219512195,"random",7,9,3,6,7,2,1,4,0.25
45,57,14,7,2,0.015,1.2,0.90758,0.34194,"Artemisia absinthium","Astragalus agrestis",0.00975609756097561,"random",7,9,3,5,9,5,3,5,0.6
45,61,14,9,4,0.019,1.5,0.9939,0.04171,"Artemisia absinthium","Astragalus cicer",0.0304878048780488,"positive",7,9,3,6,10,5,3,5,0.6
45,67,14,15,1,0.031,2.6,0.2176,0.95549,"Artemisia absinthium","Astragalus laxmannii",-0.0195121951219512,"random",7,9,3,6,8,3,2,4,0.5
45,81,14,11,3,0.023,1.9,0.9126,0.27955,"Artemisia absinthium","Bouteloua gracilis",0.0134146341463415,"random",7,9,3,6,10,5,3,5,0.6
45,82,14,20,5,0.042,3.4,0.91899,0.22406,"Artemisia absinthium","Bromus inermis",0.0195121951219512,"random",7,9,3,6,10,5,3,5,0.6
45,86,14,23,4,0.048,3.9,0.65568,0.59736,"Artemisia absinthium","Campanula alaskana",0.00121951219512195,"random",7,9,3,6,10,5,3,5,0.6
45,87,14,7,5,0.015,1.2,0.99995,0.00125,"Artemisia absinthium","Campanula rapunculoides",0.0463414634146341,"positive",7,9,3,6,10,5,3,5,0.6
45,89,14,8,3,0.017,1.4,0.97411,0.13235,"Artemisia absinthium","Caragana arborescens",0.0195121951219512,"random",7,9,3,5,6,2,0,5,0
45,107,14,16,4,0.033,2.7,0.90091,0.27373,"Artemisia absinthium","Chamaenerion angustifolium",0.0158536585365854,"random",7,9,3,6,9,4,3,4,0.75
45,112,14,19,11,0.04,3.2,1,0,"Artemisia absinthium","Cirsium arvense",0.0951219512195122,"positive",7,9,3,6,9,4,3,4,0.75
45,117,14,8,1,0.017,1.4,0.5882,0.7926,"Artemisia absinthium","Cirsium undulatum",-0.0048780487804878,"random",7,9,3,6,9,4,3,4,0.75
45,118,14,8,3,0.017,1.4,0.97411,0.13235,"Artemisia absinthium","Cirsium vulgare",0.0195121951219512,"random",7,9,3,7,11,5,3,5,0.6
45,121,14,8,3,0.017,1.4,0.97411,0.13235,"Artemisia absinthium","Clematis tangutica",0.0195121951219512,"random",7,9,3,6,10,5,3,5,0.6
45,123,14,19,0,0.04,3.2,0.017,1,"Artemisia absinthium","Comandra umbellata",-0.0390243902439024,"negative",7,9,3,5,7,3,1,5,0.2
45,129,14,28,6,0.058,4.8,0.85603,0.32225,"Artemisia absinthium","Cornus sericea",0.0146341463414634,"random",7,9,3,5,8,4,2,5,0.4
45,135,14,7,0,0.015,1.2,0.255,1,"Artemisia absinthium","Cypripedium parviflorum",-0.0146341463414634,"random",7,9,3,5,7,3,1,5,0.2
45,140,14,7,4,0.015,1.2,0.99875,0.01445,"Artemisia absinthium","Dalea purpurea",0.0341463414634146,"positive",7,9,3,6,9,4,3,4,0.75
45,141,14,34,5,0.071,5.8,0.43269,0.77956,"Artemisia absinthium","Dasiphora fruticosa",-0.00975609756097561,"random",7,9,3,5,10,6,3,6,0.5
45,160,14,32,9,0.067,5.5,0.99196,0.03507,"Artemisia absinthium","Elaeagnus commutata",0.0426829268292683,"positive",7,9,3,5,9,5,3,5,0.6
45,171,14,21,2,0.044,3.6,0.23934,0.92705,"Artemisia absinthium","Eriogonum flavum",-0.0195121951219512,"random",7,9,3,5,9,5,3,5,0.6
45,181,14,23,2,0.048,3.9,0.17721,0.95161,"Artemisia absinthium","Fragaria virginiana",-0.0231707317073171,"random",7,9,3,5,11,7,3,7,0.428571428571429
45,183,14,22,6,0.046,3.8,0.96137,0.12546,"Artemisia absinthium","Gaillardia aristata",0.0268292682926829,"random",7,9,3,6,10,5,3,5,0.6
45,184,14,6,0,0.012,1,0.31258,1,"Artemisia absinthium","Galearis rotundifolia",-0.0121951219512195,"random",7,9,3,6,7,2,1,4,0.25
45,186,14,28,2,0.058,4.8,0.07456,0.98441,"Artemisia absinthium","Galium boreale",-0.0341463414634146,"random",7,9,3,6,8,3,2,4,0.5
45,190,14,12,1,0.025,2,0.34696,0.9121,"Artemisia absinthium","Geranium viscosissimum",-0.0121951219512195,"random",7,9,3,5,11,7,3,7,0.428571428571429
45,192,14,22,0,0.046,3.8,0.00789,1,"Artemisia absinthium","Geum triflorum",-0.0463414634146341,"negative",7,9,3,4,7,4,1,6,0.166666666666667
45,193,14,14,6,0.029,2.4,0.99833,0.01177,"Artemisia absinthium","Glycyrrhiza lepidota",0.0439024390243902,"positive",7,9,3,6,8,3,2,4,0.5
45,195,14,13,3,0.027,2.2,0.84881,0.38843,"Artemisia absinthium","Grindelia squarrosa",0.00975609756097561,"random",7,9,3,7,11,5,3,5,0.6
45,196,14,14,1,0.029,2.4,0.25579,0.94395,"Artemisia absinthium","Gutierrezia sarothrae",-0.0170731707317073,"random",7,9,3,6,9,4,3,4,0.75
45,199,14,11,1,0.023,1.9,0.40018,0.89052,"Artemisia absinthium","Hedysarum alpinum",-0.0109756097560976,"random",7,9,3,5,9,5,3,5,0.6
45,200,14,16,0,0.033,2.7,0.03521,1,"Artemisia absinthium","Hedysarum boreale",-0.0329268292682927,"negative",7,9,3,4,10,7,3,7,0.428571428571429
45,202,14,6,1,0.012,1,0.72935,0.68742,"Artemisia absinthium","Helianthus annuus",0,"random",7,9,3,6,11,6,3,6,0.5
45,206,14,8,0,0.017,1.4,0.2074,1,"Artemisia absinthium","Heracleum maximum",-0.0170731707317073,"random",7,9,3,6,8,3,2,4,0.5
45,208,14,13,2,0.027,2.2,0.61157,0.70115,"Artemisia absinthium","Heterotheca villosa",-0.0024390243902439,"random",7,9,3,6,10,5,3,5,0.6
45,214,14,6,3,0.012,1,0.99309,0.05901,"Artemisia absinthium","Hordeum jubatum",0.024390243902439,"random",7,9,3,6,7,2,1,4,0.25
45,216,14,7,1,0.015,1.2,0.65806,0.745,"Artemisia absinthium","Hymenoxys richardsonii",-0.0024390243902439,"random",7,9,3,5,7,3,1,5,0.2
45,217,14,7,5,0.015,1.2,0.99995,0.00125,"Artemisia absinthium","Hyoscyamus niger",0.0463414634146341,"positive",7,9,3,5,10,6,3,6,0.5
45,222,14,7,0,0.015,1.2,0.255,1,"Artemisia absinthium","Krascheninnikovia lanata",-0.0146341463414634,"random",7,9,3,5,9,4,3,5,0.6
45,233,14,14,1,0.029,2.4,0.25579,0.94395,"Artemisia absinthium","Liatris punctata",-0.0170731707317073,"random",7,9,3,7,10,4,3,4,0.75
45,236,14,11,8,0.023,1.9,1,1e-05,"Artemisia absinthium","Linaria vulgaris",0.074390243902439,"positive",7,9,3,5,10,6,3,6,0.5
45,239,14,23,9,0.048,3.9,0.99974,0.00212,"Artemisia absinthium","Linum lewisii",0.0621951219512195,"positive",7,9,3,5,10,6,3,6,0.5
45,240,14,6,0,0.012,1,0.31258,1,"Artemisia absinthium","Lithospermum incisum",-0.0121951219512195,"random",7,9,3,4,6,3,0,6,0
45,241,14,13,0,0.027,2.2,0.07032,1,"Artemisia absinthium","Lithospermum ruderale",-0.0268292682926829,"random",7,9,3,5,7,3,1,5,0.2
45,246,14,12,0,0.025,2,0.0879,1,"Artemisia absinthium","Lonicera dioica",-0.024390243902439,"random",7,9,3,6,7,2,1,4,0.25
45,250,14,6,5,0.012,1,0.99999,4e-04,"Artemisia absinthium","Lotus corniculatus",0.0487804878048781,"positive",7,9,3,5,9,5,3,5,0.6
45,253,14,7,0,0.015,1.2,0.255,1,"Artemisia absinthium","Lygodesmia juncea",-0.0146341463414634,"random",7,9,3,6,10,5,3,5,0.6
45,258,14,30,2,0.062,5.1,0.0503,0.99053,"Artemisia absinthium","Maianthemum stellatum",-0.0378048780487805,"random",7,9,3,5,7,3,1,5,0.2
45,261,14,10,4,0.021,1.7,0.98902,0.0622,"Artemisia absinthium","Medicago lupulina",0.0280487804878049,"random",7,9,3,5,11,7,3,7,0.428571428571429
45,262,14,10,6,0.021,1.7,0.99992,0.00123,"Artemisia absinthium","Medicago sativa",0.0524390243902439,"positive",7,9,3,5,10,6,3,6,0.5
45,264,14,9,3,0.019,1.5,0.95829,0.17766,"Artemisia absinthium","Melilotus albus",0.0182926829268293,"random",7,9,3,6,11,6,3,6,0.5
45,265,14,14,5,0.029,2.4,0.98823,0.05664,"Artemisia absinthium","Melilotus officinalis",0.0317073170731707,"random",7,9,3,5,11,7,3,7,0.428571428571429
45,275,14,18,3,0.037,3.1,0.63383,0.64215,"Artemisia absinthium","Monarda fistulosa",-0.00121951219512195,"random",7,9,3,5,9,5,3,5,0.6
45,278,14,11,0,0.023,1.9,0.10948,1,"Artemisia absinthium","Musineon divaricatum",-0.0231707317073171,"random",7,9,3,4,7,4,1,6,0.166666666666667
45,285,14,13,1,0.027,2.2,0.29885,0.92968,"Artemisia absinthium","Oenothera suffrutescens",-0.0146341463414634,"random",7,9,3,5,8,4,2,5,0.4
45,286,14,15,1,0.031,2.6,0.2176,0.95549,"Artemisia absinthium","Opuntia polyacantha",-0.0195121951219512,"random",7,9,3,5,8,4,2,5,0.4
45,287,14,6,0,0.012,1,0.31258,1,"Artemisia absinthium","Oreocarya glomerata",-0.0121951219512195,"random",7,9,3,5,8,4,2,5,0.4
45,290,14,9,1,0.019,1.5,0.5213,0.83184,"Artemisia absinthium","Oxytropis campestris",-0.00609756097560976,"random",7,9,3,5,9,5,3,5,0.6
45,292,14,9,1,0.019,1.5,0.5213,0.83184,"Artemisia absinthium","Oxytropis sericea",-0.00609756097560976,"random",7,9,3,5,6,2,0,5,0
45,292,14,9,1,0.019,1.5,0.5213,0.83184,"Artemisia absinthium","Oxytropis sericea",-0.00609756097560976,"random",7,9,3,5,6,2,0,5,0
45,293,14,6,1,0.012,1,0.72935,0.68742,"Artemisia absinthium","Oxytropis splendens",0,"random",7,9,3,6,8,3,2,4,0.5
45,304,14,8,0,0.017,1.4,0.2074,1,"Artemisia absinthium","Pelecyphora vivipara",-0.0170731707317073,"random",7,9,3,5,7,3,1,5,0.2
45,307,14,6,0,0.012,1,0.31258,1,"Artemisia absinthium","Penstemon confertus",-0.0121951219512195,"random",7,9,3,6,8,3,2,4,0.5
45,310,14,15,2,0.031,2.6,0.504,0.7824,"Artemisia absinthium","Penstemon nitidus",-0.00731707317073171,"random",7,9,3,4,7,4,1,6,0.166666666666667
45,315,14,6,1,0.012,1,0.72935,0.68742,"Artemisia absinthium","Petasites frigidus",0,"random",7,9,3,4,9,6,3,6,0.5
45,320,14,6,2,0.012,1,0.94099,0.27065,"Artemisia absinthium","Phleum pratense",0.0121951219512195,"random",7,9,3,7,7,1,1,3,0.333333333333333
45,321,14,15,1,0.031,2.6,0.2176,0.95549,"Artemisia absinthium","Phlox hoodii",-0.0195121951219512,"random",7,9,3,3,10,8,3,8,0.375
45,323,14,6,0,0.012,1,0.31258,1,"Artemisia absinthium","Physaria arenosa",-0.0121951219512195,"random",7,9,3,4,7,4,1,6,0.166666666666667
45,338,14,6,0,0.012,1,0.31258,1,"Artemisia absinthium","Polygala senega",-0.0121951219512195,"random",7,9,3,5,7,3,1,5,0.2
45,340,14,6,3,0.012,1,0.99309,0.05901,"Artemisia absinthium","Populus balsamifera",0.024390243902439,"random",7,9,3,4,5,2,0,6,0
45,342,14,17,2,0.035,2.9,0.40385,0.84529,"Artemisia absinthium","Populus tremuloides",-0.0109756097560976,"random",7,9,3,4,4,1,0,6,0
45,343,14,10,2,0.021,1.7,0.77285,0.54159,"Artemisia absinthium","Potentilla concinna",0.00365853658536585,"random",7,9,3,4,6,3,0,6,0
45,354,14,23,5,0.048,3.9,0.84798,0.34432,"Artemisia absinthium","Prunus virginiana",0.0134146341463415,"random",7,9,3,4,7,4,1,6,0.166666666666667
45,356,14,25,1,0.052,4.3,0.03134,0.9965,"Artemisia absinthium","Pulsatilla nuttalliana",-0.0402439024390244,"negative",7,9,3,3,11,9,3,9,0.333333333333333
45,358,14,10,0,0.021,1.7,0.13591,1,"Artemisia absinthium","Pyrola asarifolia",-0.0207317073170732,"random",7,9,3,6,9,4,3,4,0.75
45,362,14,6,2,0.012,1,0.94099,0.27065,"Artemisia absinthium","Ratibida columnifera",0.0121951219512195,"random",7,9,3,6,10,5,3,5,0.6
45,368,14,10,1,0.021,1.7,0.45841,0.86409,"Artemisia absinthium","Rhus aromatica",-0.00853658536585366,"random",7,9,3,5,5,1,0,5,0
45,371,14,7,1,0.015,1.2,0.65806,0.745,"Artemisia absinthium","Ribes oxyacanthoides",-0.0024390243902439,"random",7,9,3,5,6,2,0,5,0
45,373,14,8,1,0.017,1.4,0.5882,0.7926,"Artemisia absinthium","Rosa acicularis",-0.0048780487804878,"random",7,9,3,5,7,3,1,5,0.2
45,374,14,8,2,0.017,1.4,0.86765,0.4118,"Artemisia absinthium","Rosa arkansana",0.00731707317073171,"random",7,9,3,6,9,4,3,4,0.75
45,376,14,18,5,0.037,3.1,0.95196,0.15536,"Artemisia absinthium","Rosa woodsii",0.0231707317073171,"random",7,9,3,6,8,3,2,4,0.5
45,390,14,10,4,0.021,1.7,0.98902,0.0622,"Artemisia absinthium","Salix interior",0.0280487804878049,"random",7,9,3,5,7,3,1,5,0.2
45,408,14,8,3,0.017,1.4,0.97411,0.13235,"Artemisia absinthium","Shepherdia argentea",0.0195121951219512,"random",7,9,3,4,5,2,0,6,0
45,409,14,25,4,0.052,4.3,0.56931,0.67914,"Artemisia absinthium","Shepherdia canadensis",-0.00365853658536585,"random",7,9,3,4,5,2,0,6,0
45,412,14,7,6,0.015,1.2,1,5e-05,"Artemisia absinthium","Sisymbrium loeselii",0.0585365853658537,"positive",7,9,3,5,10,6,3,6,0.5
45,413,14,7,0,0.015,1.2,0.255,1,"Artemisia absinthium","Sisyrinchium montanum",-0.0146341463414634,"random",7,9,3,5,8,4,2,5,0.4
45,417,14,8,1,0.017,1.4,0.5882,0.7926,"Artemisia absinthium","Solidago missouriensis",-0.0048780487804878,"random",7,9,3,6,9,4,3,4,0.75
45,423,14,8,1,0.017,1.4,0.5882,0.7926,"Artemisia absinthium","Sphaeralcea coccinea",-0.0048780487804878,"random",7,9,3,5,9,5,3,5,0.6
45,430,14,30,6,0.062,5.1,0.80072,0.40252,"Artemisia absinthium","Symphoricarpos occidentalis",0.0109756097560976,"random",7,9,3,6,8,3,2,4,0.5
45,434,14,16,4,0.033,2.7,0.90091,0.27373,"Artemisia absinthium","Symphyotrichum laeve",0.0158536585365854,"random",7,9,3,6,10,5,3,5,0.6
45,437,14,7,6,0.015,1.2,1,5e-05,"Artemisia absinthium","Tanacetum vulgare",0.0585365853658537,"positive",7,9,3,7,10,4,3,4,0.75
45,438,14,12,3,0.025,2,0.88283,0.33368,"Artemisia absinthium","Taraxacum officinale",0.0121951219512195,"random",7,9,3,3,11,9,3,9,0.333333333333333
45,442,14,30,3,0.062,5.1,0.16184,0.9497,"Artemisia absinthium","Thermopsis rhombifolia",-0.025609756097561,"random",7,9,3,4,7,4,1,6,0.166666666666667
45,444,14,10,3,0.021,1.7,0.9378,0.22715,"Artemisia absinthium","Thlaspi arvense",0.0158536585365854,"random",7,9,3,4,9,6,3,6,0.5
45,448,14,18,7,0.037,3.1,0.99833,0.01067,"Artemisia absinthium","Tragopogon dubius",0.0475609756097561,"positive",7,9,3,5,10,6,3,6,0.5
45,454,14,18,3,0.037,3.1,0.63383,0.64215,"Artemisia absinthium","Trifolium pratense",-0.00121951219512195,"random",7,9,3,6,10,5,3,5,0.6
45,458,14,7,5,0.015,1.2,0.99995,0.00125,"Artemisia absinthium","Tripleurospermum inodorum",0.0463414634146341,"positive",7,9,3,5,11,7,3,7,0.428571428571429
45,460,14,6,3,0.012,1,0.99309,0.05901,"Artemisia absinthium","Typha latifolia",0.024390243902439,"random",7,9,3,6,7,2,1,4,0.25
45,475,14,16,2,0.033,2.7,0.4527,0.81598,"Artemisia absinthium","Vicia americana",-0.00853658536585366,"random",7,9,3,5,9,5,3,5,0.6
45,476,14,14,10,0.029,2.4,1,0,"Artemisia absinthium","Vicia cracca",0.0926829268292683,"positive",7,9,3,5,11,7,3,7,0.428571428571429
45,477,14,15,0,0.031,2.6,0.04451,1,"Artemisia absinthium","Viola adunca",-0.0317073170731707,"negative",7,9,3,4,9,6,3,6,0.5
45,479,14,6,0,0.012,1,0.31258,1,"Artemisia absinthium","Viola nuttallii",-0.0121951219512195,"random",7,9,3,4,6,3,0,6,0
45,488,14,14,0,0.029,2.4,0.05605,1,"Artemisia absinthium","Zizia aptera",-0.0292682926829268,"random",7,9,3,5,7,3,1,5,0.2
46,49,5,24,5,0.018,1.5,1,0.00156,"Artemisia campestris","Artemisia frigida",0.0426829268292683,"positive",7,10,4,8,9,2,2,4,0.5
46,82,5,20,0,0.015,1.2,0.23716,1,"Artemisia campestris","Bromus inermis",-0.0146341463414634,"random",7,10,4,6,10,5,4,5,0.8
46,86,5,23,3,0.017,1.4,0.97962,0.13144,"Artemisia campestris","Campanula alaskana",0.0195121951219512,"random",7,10,4,6,10,5,4,5,0.8
46,112,5,19,1,0.014,1.2,0.67239,0.74239,"Artemisia campestris","Cirsium arvense",-0.0024390243902439,"random",7,10,4,6,9,4,3,5,0.6
46,123,5,19,2,0.014,1.2,0.92127,0.32761,"Artemisia campestris","Comandra umbellata",0.00975609756097561,"random",7,10,4,5,7,3,1,6,0.166666666666667
46,129,5,28,1,0.021,1.7,0.44044,0.88409,"Artemisia campestris","Cornus sericea",-0.00853658536585366,"random",7,10,4,5,8,4,2,6,0.333333333333333
46,141,5,34,2,0.025,2.1,0.66083,0.69478,"Artemisia campestris","Dasiphora fruticosa",-0.00121951219512195,"random",7,10,4,5,10,6,4,6,0.666666666666667
46,160,5,32,2,0.024,2,0.70404,0.65225,"Artemisia campestris","Elaeagnus commutata",0,"random",7,10,4,5,9,5,3,6,0.5
46,171,5,21,4,0.016,1.3,0.99925,0.01413,"Artemisia campestris","Eriogonum flavum",0.0329268292682927,"positive",7,10,4,5,9,5,3,6,0.5
46,181,5,23,1,0.017,1.4,0.56713,0.81652,"Artemisia campestris","Fragaria virginiana",-0.0048780487804878,"random",7,10,4,5,11,7,4,7,0.571428571428571
46,183,5,22,2,0.016,1.3,0.88305,0.40666,"Artemisia campestris","Gaillardia aristata",0.00853658536585366,"random",7,10,4,6,10,5,4,5,0.8
46,186,5,28,2,0.021,1.7,0.78406,0.55956,"Artemisia campestris","Galium boreale",0.00365853658536585,"random",7,10,4,6,8,3,2,5,0.4
46,192,5,22,3,0.016,1.3,0.98295,0.11695,"Artemisia campestris","Geum triflorum",0.0207317073170732,"random",7,10,4,4,7,4,1,7,0.142857142857143
46,239,5,23,1,0.017,1.4,0.56713,0.81652,"Artemisia campestris","Linum lewisii",-0.0048780487804878,"random",7,10,4,5,10,6,4,6,0.666666666666667
46,258,5,30,3,0.022,1.8,0.94255,0.25476,"Artemisia campestris","Maianthemum stellatum",0.0146341463414634,"random",7,10,4,5,7,3,1,6,0.166666666666667
46,275,5,18,2,0.013,1.1,0.93222,0.30141,"Artemisia campestris","Monarda fistulosa",0.0109756097560976,"random",7,10,4,5,9,5,3,6,0.5
46,342,5,17,2,0.013,1,0.94227,0.27545,"Artemisia campestris","Populus tremuloides",0.0121951219512195,"random",7,10,4,4,4,1,0,7,0
46,354,5,23,3,0.017,1.4,0.97962,0.13144,"Artemisia campestris","Prunus virginiana",0.0195121951219512,"random",7,10,4,4,7,4,1,7,0.142857142857143
46,356,5,25,2,0.019,1.5,0.83709,0.48462,"Artemisia campestris","Pulsatilla nuttalliana",0.00609756097560976,"random",7,10,4,3,11,9,4,9,0.444444444444444
46,376,5,18,3,0.013,1.1,0.99251,0.06778,"Artemisia campestris","Rosa woodsii",0.0231707317073171,"random",7,10,4,6,8,3,2,5,0.4
46,409,5,25,2,0.019,1.5,0.83709,0.48462,"Artemisia campestris","Shepherdia canadensis",0.00609756097560976,"random",7,10,4,4,5,2,0,7,0
46,430,5,30,2,0.022,1.8,0.74524,0.60709,"Artemisia campestris","Symphoricarpos occidentalis",0.0024390243902439,"random",7,10,4,6,8,3,2,5,0.4
46,442,5,30,4,0.022,1.8,0.99478,0.05745,"Artemisia campestris","Thermopsis rhombifolia",0.0268292682926829,"random",7,10,4,4,7,4,1,7,0.142857142857143
46,448,5,18,3,0.013,1.1,0.99251,0.06778,"Artemisia campestris","Tragopogon dubius",0.0231707317073171,"random",7,10,4,5,10,6,4,6,0.666666666666667
46,454,5,18,1,0.013,1.1,0.69859,0.72056,"Artemisia campestris","Trifolium pratense",-0.00121951219512195,"random",7,10,4,6,10,5,4,5,0.8
47,49,8,24,6,0.029,2.3,0.99942,0.00683,"Artemisia cana","Artemisia frigida",0.0451219512195122,"positive",6,10,5,8,9,2,2,5,0.4
47,51,8,16,2,0.019,1.6,0.81667,0.48924,"Artemisia cana","Artemisia ludoviciana",0.0048780487804878,"random",6,10,5,7,9,3,3,5,0.6
47,67,8,15,3,0.018,1.5,0.96629,0.157,"Artemisia cana","Astragalus laxmannii",0.0182926829268293,"random",6,10,5,6,8,3,3,5,0.6
47,81,8,11,3,0.013,1.1,0.99023,0.07004,"Artemisia cana","Bouteloua gracilis",0.0231707317073171,"random",6,10,5,6,10,5,5,5,1
47,82,8,20,2,0.024,2,0.69855,0.62917,"Artemisia cana","Bromus inermis",0,"random",6,10,5,6,10,5,5,5,1
47,86,8,23,2,0.027,2.2,0.6022,0.71763,"Artemisia cana","Campanula alaskana",-0.0024390243902439,"random",6,10,5,6,10,5,5,5,1
47,107,8,16,0,0.019,1.6,0.16115,1,"Artemisia cana","Chamaenerion angustifolium",-0.0195121951219512,"random",6,10,5,6,9,4,4,5,0.8
47,112,8,19,0,0.023,1.9,0.10866,1,"Artemisia cana","Cirsium arvense",-0.0231707317073171,"random",6,10,5,6,9,4,4,5,0.8
47,123,8,19,2,0.023,1.9,0.72959,0.5964,"Artemisia cana","Comandra umbellata",0.00121951219512195,"random",6,10,5,5,7,3,2,6,0.333333333333333
47,129,8,28,0,0.033,2.7,0.02919,1,"Artemisia cana","Cornus sericea",-0.0329268292682927,"negative",6,10,5,5,8,4,3,6,0.5
47,141,8,34,1,0.04,3.3,0.08083,0.98941,"Artemisia cana","Dasiphora fruticosa",-0.0280487804878049,"random",6,10,5,5,10,6,5,6,0.833333333333333
47,160,8,32,0,0.038,3.1,0.01506,1,"Artemisia cana","Elaeagnus commutata",-0.0378048780487805,"negative",6,10,5,5,9,5,4,6,0.666666666666667
47,171,8,21,7,0.025,2,0.99999,2e-04,"Artemisia cana","Eriogonum flavum",0.0609756097560976,"positive",6,10,5,5,9,5,4,6,0.666666666666667
47,181,8,23,0,0.027,2.2,0.06222,1,"Artemisia cana","Fragaria virginiana",-0.0268292682926829,"random",6,10,5,5,11,7,5,7,0.714285714285714
47,183,8,22,1,0.026,2.1,0.31018,0.92821,"Artemisia cana","Gaillardia aristata",-0.0134146341463415,"random",6,10,5,6,10,5,5,5,1
47,186,8,28,0,0.033,2.7,0.02919,1,"Artemisia cana","Galium boreale",-0.0329268292682927,"negative",6,10,5,6,8,3,3,5,0.6
47,190,8,12,0,0.014,1.2,0.26487,1,"Artemisia cana","Geranium viscosissimum",-0.0146341463414634,"random",6,10,5,5,11,7,5,7,0.714285714285714
47,192,8,22,2,0.026,2.1,0.63465,0.68982,"Artemisia cana","Geum triflorum",-0.00121951219512195,"random",6,10,5,4,7,4,2,7,0.285714285714286
47,193,8,14,0,0.017,1.4,0.2074,1,"Artemisia cana","Glycyrrhiza lepidota",-0.0170731707317073,"random",6,10,5,6,8,3,3,5,0.6
47,195,8,13,4,0.015,1.3,0.99799,0.01935,"Artemisia cana","Grindelia squarrosa",0.0329268292682927,"positive",6,10,5,7,11,5,4,6,0.666666666666667
47,196,8,14,5,0.017,1.4,0.9998,0.00301,"Artemisia cana","Gutierrezia sarothrae",0.0439024390243902,"positive",6,10,5,6,9,4,4,5,0.8
47,199,8,11,0,0.013,1.1,0.2985,1,"Artemisia cana","Hedysarum alpinum",-0.0134146341463415,"random",6,10,5,5,9,5,4,6,0.666666666666667
47,200,8,16,0,0.019,1.6,0.16115,1,"Artemisia cana","Hedysarum boreale",-0.0195121951219512,"random",6,10,5,4,10,7,5,7,0.714285714285714
47,208,8,13,4,0.015,1.3,0.99799,0.01935,"Artemisia cana","Heterotheca villosa",0.0329268292682927,"positive",6,10,5,6,10,5,5,5,1
47,233,8,14,3,0.017,1.4,0.97411,0.13235,"Artemisia cana","Liatris punctata",0.0195121951219512,"random",6,10,5,7,10,4,4,5,0.8
47,236,8,11,0,0.013,1.1,0.2985,1,"Artemisia cana","Linaria vulgaris",-0.0134146341463415,"random",6,10,5,5,10,6,5,6,0.833333333333333
47,239,8,23,1,0.027,2.2,0.28237,0.93778,"Artemisia cana","Linum lewisii",-0.0146341463414634,"random",6,10,5,5,10,6,5,6,0.833333333333333
47,241,8,13,0,0.015,1.3,0.2346,1,"Artemisia cana","Lithospermum ruderale",-0.0158536585365854,"random",6,10,5,5,7,3,2,6,0.333333333333333
47,246,8,12,0,0.014,1.2,0.26487,1,"Artemisia cana","Lonicera dioica",-0.0146341463414634,"random",6,10,5,6,7,2,2,5,0.4
47,258,8,30,0,0.036,2.9,0.02111,1,"Artemisia cana","Maianthemum stellatum",-0.0353658536585366,"negative",6,10,5,5,7,3,2,6,0.333333333333333
47,265,8,14,2,0.017,1.4,0.86765,0.4118,"Artemisia cana","Melilotus officinalis",0.00731707317073171,"random",6,10,5,5,11,7,5,7,0.714285714285714
47,275,8,18,0,0.021,1.8,0.12419,1,"Artemisia cana","Monarda fistulosa",-0.0219512195121951,"random",6,10,5,5,9,5,4,6,0.666666666666667
47,278,8,11,1,0.013,1.1,0.70895,0.7015,"Artemisia cana","Musineon divaricatum",-0.00121951219512195,"random",6,10,5,4,7,4,2,7,0.285714285714286
47,285,8,13,2,0.015,1.3,0.89047,0.37188,"Artemisia cana","Oenothera suffrutescens",0.00853658536585366,"random",6,10,5,5,8,4,3,6,0.5
47,286,8,15,7,0.018,1.5,1,1e-05,"Artemisia cana","Opuntia polyacantha",0.0670731707317073,"positive",6,10,5,5,8,4,3,6,0.5
47,310,8,15,4,0.018,1.5,0.99564,0.03371,"Artemisia cana","Penstemon nitidus",0.0304878048780488,"positive",6,10,5,4,7,4,2,7,0.285714285714286
47,321,8,15,5,0.018,1.5,0.99968,0.00436,"Artemisia cana","Phlox hoodii",0.0426829268292683,"positive",6,10,5,3,10,8,5,8,0.625
47,342,8,17,0,0.02,1.7,0.14162,1,"Artemisia cana","Populus tremuloides",-0.0207317073170732,"random",6,10,5,4,4,1,0,7,0
47,354,8,23,2,0.027,2.2,0.6022,0.71763,"Artemisia cana","Prunus virginiana",-0.0024390243902439,"random",6,10,5,4,7,4,2,7,0.285714285714286
47,356,8,25,3,0.03,2.4,0.80745,0.46275,"Artemisia cana","Pulsatilla nuttalliana",0.00731707317073171,"random",6,10,5,3,11,9,5,9,0.555555555555556
47,376,8,18,1,0.021,1.8,0.43792,0.87581,"Artemisia cana","Rosa woodsii",-0.00975609756097561,"random",6,10,5,6,8,3,3,5,0.6
47,409,8,25,0,0.03,2.4,0.04636,1,"Artemisia cana","Shepherdia canadensis",-0.0292682926829268,"negative",6,10,5,4,5,2,0,7,0
47,430,8,30,3,0.036,2.9,0.67825,0.6178,"Artemisia cana","Symphoricarpos occidentalis",0.00121951219512195,"random",6,10,5,6,8,3,3,5,0.6
47,434,8,16,0,0.019,1.6,0.16115,1,"Artemisia cana","Symphyotrichum laeve",-0.0195121951219512,"random",6,10,5,6,10,5,5,5,1
47,438,8,12,0,0.014,1.2,0.26487,1,"Artemisia cana","Taraxacum officinale",-0.0146341463414634,"random",6,10,5,3,11,9,5,9,0.555555555555556
47,442,8,30,4,0.036,2.9,0.88641,0.32175,"Artemisia cana","Thermopsis rhombifolia",0.0134146341463415,"random",6,10,5,4,7,4,2,7,0.285714285714286
47,448,8,18,2,0.021,1.8,0.75976,0.56208,"Artemisia cana","Tragopogon dubius",0.0024390243902439,"random",6,10,5,5,10,6,5,6,0.833333333333333
47,454,8,18,0,0.021,1.8,0.12419,1,"Artemisia cana","Trifolium pratense",-0.0219512195121951,"random",6,10,5,6,10,5,5,5,1
47,475,8,16,1,0.019,1.6,0.51076,0.83885,"Artemisia cana","Vicia americana",-0.00731707317073171,"random",6,10,5,5,9,5,4,6,0.666666666666667
47,476,8,14,0,0.017,1.4,0.2074,1,"Artemisia cana","Vicia cracca",-0.0170731707317073,"random",6,10,5,5,11,7,5,7,0.714285714285714
47,477,8,15,0,0.018,1.5,0.183,1,"Artemisia cana","Viola adunca",-0.0182926829268293,"random",6,10,5,4,9,6,4,7,0.571428571428571
47,488,8,14,0,0.017,1.4,0.2074,1,"Artemisia cana","Zizia aptera",-0.0170731707317073,"random",6,10,5,5,7,3,2,6,0.333333333333333
49,50,24,5,4,0.018,1.5,0.99844,0.02415,"Artemisia frigida","Artemisia longifolia",0.0304878048780488,"positive",8,9,2,7,9,3,2,3,0.666666666666667
49,51,24,16,6,0.057,4.7,0.8663,0.30197,"Artemisia frigida","Artemisia ludoviciana",0.0158536585365854,"random",8,9,2,7,9,3,2,3,0.666666666666667
49,54,24,6,4,0.021,1.8,0.99258,0.05759,"Artemisia frigida","Asclepias viridiflora",0.0268292682926829,"random",8,9,2,6,7,2,0,4,0
49,57,24,7,3,0.025,2,0.89313,0.33274,"Artemisia frigida","Astragalus agrestis",0.0121951219512195,"random",8,9,2,5,9,5,2,5,0.4
49,58,24,5,0,0.018,1.5,0.16793,1,"Artemisia frigida","Astragalus alpinus",-0.0182926829268293,"random",8,9,2,5,8,4,1,5,0.2
49,60,24,4,0,0.014,1.2,0.24257,1,"Artemisia frigida","Astragalus canadensis",-0.0146341463414634,"random",8,9,2,6,9,4,2,4,0.5
49,61,24,9,2,0.032,2.6,0.4765,0.80668,"Artemisia frigida","Astragalus cicer",-0.00731707317073171,"random",8,9,2,6,10,5,2,5,0.4
49,67,24,15,9,0.054,4.4,0.99898,0.00633,"Artemisia frigida","Astragalus laxmannii",0.0560975609756098,"positive",8,9,2,6,8,3,1,4,0.25
49,76,24,5,1,0.018,1.5,0.54112,0.83207,"Artemisia frigida","Betula occidentalis",-0.00609756097560976,"random",8,9,2,5,6,2,0,5,0
49,81,24,11,5,0.039,3.2,0.94369,0.17918,"Artemisia frigida","Bouteloua gracilis",0.0219512195121951,"random",8,9,2,6,10,5,2,5,0.4
49,82,24,20,8,0.071,5.9,0.93032,0.17532,"Artemisia frigida","Bromus inermis",0.025609756097561,"random",8,9,2,6,10,5,2,5,0.4
49,86,24,23,10,0.082,6.7,0.97741,0.06927,"Artemisia frigida","Campanula alaskana",0.0402439024390244,"random",8,9,2,6,10,5,2,5,0.4
49,87,24,7,1,0.025,2,0.3346,0.92091,"Artemisia frigida","Campanula rapunculoides",-0.0121951219512195,"random",8,9,2,6,10,5,2,5,0.4
49,89,24,8,3,0.029,2.3,0.82989,0.43032,"Artemisia frigida","Caragana arborescens",0.00853658536585366,"random",8,9,2,5,6,2,0,5,0
49,102,24,4,0,0.014,1.2,0.24257,1,"Artemisia frigida","Castilleja hispida",-0.0146341463414634,"random",8,9,2,5,8,4,1,5,0.2
49,103,24,5,0,0.018,1.5,0.16793,1,"Artemisia frigida","Castilleja miniata",-0.0182926829268293,"random",8,9,2,5,10,6,2,6,0.333333333333333
49,106,24,5,3,0.018,1.5,0.97585,0.14676,"Artemisia frigida","Cerastium arvense",0.0182926829268293,"random",8,9,2,5,8,4,1,5,0.2
49,107,24,16,0,0.057,4.7,0.00192,1,"Artemisia frigida","Chamaenerion angustifolium",-0.0573170731707317,"negative",8,9,2,6,9,4,2,4,0.5
49,110,24,5,2,0.018,1.5,0.85324,0.45888,"Artemisia frigida","Chenopodium album",0.00609756097560976,"random",8,9,2,7,9,3,2,3,0.666666666666667
49,112,24,19,5,0.068,5.6,0.49485,0.72387,"Artemisia frigida","Cirsium arvense",-0.0073170731707317,"random",8,9,2,6,9,4,2,4,0.5
49,115,24,4,0,0.014,1.2,0.24257,1,"Artemisia frigida","Cirsium hookerianum",-0.0146341463414634,"random",8,9,2,6,9,4,2,4,0.5
49,117,24,8,6,0.029,2.3,0.99942,0.00683,"Artemisia frigida","Cirsium undulatum",0.0451219512195122,"positive",8,9,2,6,9,4,2,4,0.5
49,118,24,8,1,0.029,2.3,0.25625,0.94622,"Artemisia frigida","Cirsium vulgare",-0.0158536585365854,"random",8,9,2,7,11,5,2,5,0.4
49,120,24,5,0,0.018,1.5,0.16793,1,"Artemisia frigida","Clematis occidentalis",-0.0182926829268293,"random",8,9,2,5,10,6,2,6,0.333333333333333
49,121,24,8,2,0.029,2.3,0.56968,0.74375,"Artemisia frigida","Clematis tangutica",-0.00365853658536585,"random",8,9,2,6,10,5,2,5,0.4
49,123,24,19,11,0.068,5.6,0.99953,0.0029,"Artemisia frigida","Comandra umbellata",0.0658536585365854,"positive",8,9,2,5,7,3,0,5,0
49,128,24,4,0,0.014,1.2,0.24257,1,"Artemisia frigida","Cornus canadensis",-0.0146341463414634,"random",8,9,2,5,8,4,1,5,0.2
49,129,24,28,6,0.1,8.2,0.19383,0.9182,"Artemisia frigida","Cornus sericea",-0.0268292682926829,"random",8,9,2,5,8,4,1,5,0.2
49,131,24,5,0,0.018,1.5,0.16793,1,"Artemisia frigida","Cotoneaster acutifolius",-0.0182926829268293,"random",8,9,2,5,7,3,0,5,0
49,135,24,7,4,0.025,2,0.97937,0.10687,"Artemisia frigida","Cypripedium parviflorum",0.024390243902439,"random",8,9,2,5,7,3,0,5,0
49,139,24,4,3,0.014,1.2,0.99392,0.07319,"Artemisia frigida","Dalea candida",0.0219512195121951,"random",8,9,2,6,8,3,1,4,0.25
49,140,24,7,3,0.025,2,0.89313,0.33274,"Artemisia frigida","Dalea purpurea",0.0121951219512195,"random",8,9,2,6,9,4,2,4,0.5
49,141,24,34,8,0.121,10,0.23851,0.88709,"Artemisia frigida","Dasiphora fruticosa",-0.024390243902439,"random",8,9,2,5,10,6,2,6,0.333333333333333
49,142,24,5,2,0.018,1.5,0.85324,0.45888,"Artemisia frigida","Delphinium bicolor",0.00609756097560976,"random",8,9,2,5,7,3,0,5,0
49,156,24,4,1,0.014,1.2,0.66597,0.75743,"Artemisia frigida","Drymocallis arguta",-0.0024390243902439,"random",8,9,2,6,8,3,1,4,0.25
49,160,24,32,7,0.114,9.4,0.17703,0.92465,"Artemisia frigida","Elaeagnus commutata",-0.0292682926829268,"random",8,9,2,5,9,5,2,5,0.4
49,167,24,4,4,0.014,1.2,1,0.00608,"Artemisia frigida","Erigeron caespitosus",0.0341463414634146,"positive",8,9,2,6,9,4,2,4,0.5
49,171,24,21,14,0.075,6.1,1,4e-05,"Artemisia frigida","Eriogonum flavum",0.0963414634146341,"positive",8,9,2,5,9,5,2,5,0.4
49,172,24,4,0,0.014,1.2,0.24257,1,"Artemisia frigida","Eriogonum umbellatum",-0.0146341463414634,"random",8,9,2,6,9,4,2,4,0.5
49,178,24,5,0,0.018,1.5,0.16793,1,"Artemisia frigida","Euphorbia virgata",-0.0182926829268293,"random",8,9,2,5,9,5,2,5,0.4
49,179,24,5,0,0.018,1.5,0.16793,1,"Artemisia frigida","Eurybia conspicua",-0.0182926829268293,"random",8,9,2,7,10,4,2,4,0.5
49,180,24,4,0,0.014,1.2,0.24257,1,"Artemisia frigida","Eurybia sibirica",-0.0146341463414634,"random",8,9,2,6,10,5,2,5,0.4
49,181,24,23,3,0.082,6.7,0.03624,0.99196,"Artemisia frigida","Fragaria virginiana",-0.0451219512195122,"negative",8,9,2,5,11,7,2,7,0.285714285714286
49,183,24,22,9,0.079,6.4,0.95102,0.13015,"Artemisia frigida","Gaillardia aristata",0.0317073170731707,"random",8,9,2,6,10,5,2,5,0.4
49,184,24,6,0,0.021,1.8,0.11559,1,"Artemisia frigida","Galearis rotundifolia",-0.0219512195121951,"random",8,9,2,6,7,2,0,4,0
49,186,24,28,11,0.1,8.2,0.95332,0.11968,"Artemisia frigida","Galium boreale",0.0341463414634146,"random",8,9,2,6,8,3,1,4,0.25
49,190,24,12,4,0.043,3.5,0.75655,0.48929,"Artemisia frigida","Geranium viscosissimum",0.00609756097560976,"random",8,9,2,5,11,7,2,7,0.285714285714286
49,192,24,22,8,0.079,6.4,0.86985,0.27693,"Artemisia frigida","Geum triflorum",0.0195121951219512,"random",8,9,2,4,7,4,0,6,0
49,193,24,14,5,0.05,4.1,0.81865,0.38721,"Artemisia frigida","Glycyrrhiza lepidota",0.0109756097560976,"random",8,9,2,6,8,3,1,4,0.25
49,195,24,13,6,0.046,3.8,0.95965,0.13106,"Artemisia frigida","Grindelia squarrosa",0.0268292682926829,"random",8,9,2,7,11,5,2,5,0.4
49,196,24,14,10,0.05,4.1,0.99996,0.00042,"Artemisia frigida","Gutierrezia sarothrae",0.0719512195121951,"positive",8,9,2,6,9,4,2,4,0.5
49,199,24,11,5,0.039,3.2,0.94369,0.17918,"Artemisia frigida","Hedysarum alpinum",0.0219512195121951,"random",8,9,2,5,9,5,2,5,0.4
49,200,24,16,8,0.057,4.7,0.98838,0.0454,"Artemisia frigida","Hedysarum boreale",0.0402439024390244,"positive",8,9,2,4,10,7,2,7,0.285714285714286
49,202,24,6,4,0.021,1.8,0.99258,0.05759,"Artemisia frigida","Helianthus annuus",0.0268292682926829,"random",8,9,2,6,11,6,2,6,0.333333333333333
49,204,24,4,2,0.014,1.2,0.92681,0.33403,"Artemisia frigida","Helianthus pauciflorus",0.00975609756097561,"random",8,9,2,7,9,3,2,3,0.666666666666667
49,206,24,8,1,0.029,2.3,0.25625,0.94622,"Artemisia frigida","Heracleum maximum",-0.0158536585365854,"random",8,9,2,6,8,3,1,4,0.25
49,207,24,5,3,0.018,1.5,0.97585,0.14676,"Artemisia frigida","Hesperostipa comata",0.0182926829268293,"random",8,9,2,6,6,1,0,4,0
49,208,24,13,8,0.046,3.8,0.99861,0.00894,"Artemisia frigida","Heterotheca villosa",0.051219512195122,"positive",8,9,2,6,10,5,2,5,0.4
49,209,24,4,1,0.014,1.2,0.66597,0.75743,"Artemisia frigida","Heuchera cylindrica",-0.0024390243902439,"random",8,9,2,6,9,4,2,4,0.5
49,210,24,4,2,0.014,1.2,0.92681,0.33403,"Artemisia frigida","Heuchera richardsonii",0.00975609756097561,"random",8,9,2,6,7,2,0,4,0
49,214,24,6,2,0.021,1.8,0.76406,0.57035,"Artemisia frigida","Hordeum jubatum",0.0024390243902439,"random",8,9,2,6,7,2,0,4,0
49,216,24,7,6,0.025,2,0.99991,0.00214,"Artemisia frigida","Hymenoxys richardsonii",0.0487804878048781,"positive",8,9,2,5,7,3,0,5,0
49,217,24,7,2,0.025,2,0.66726,0.6654,"Artemisia frigida","Hyoscyamus niger",0,"random",8,9,2,5,10,6,2,6,0.333333333333333
49,221,24,4,3,0.014,1.2,0.99392,0.07319,"Artemisia frigida","Koeleria macrantha",0.0219512195121951,"random",8,9,2,6,7,2,0,4,0
49,222,24,7,5,0.025,2,0.99786,0.02063,"Artemisia frigida","Krascheninnikovia lanata",0.0365853658536585,"positive",8,9,2,5,9,4,2,5,0.4
49,226,24,4,0,0.014,1.2,0.24257,1,"Artemisia frigida","Lathyrus ochroleucus",-0.0146341463414634,"random",8,9,2,5,7,3,0,5,0
49,227,24,4,2,0.014,1.2,0.92681,0.33403,"Artemisia frigida","Lepidium densiflorum",0.00975609756097561,"random",8,9,2,6,7,2,0,4,0
49,231,24,5,0,0.018,1.5,0.16793,1,"Artemisia frigida","Leucanthemum vulgare",-0.0182926829268293,"random",8,9,2,6,10,5,2,5,0.4
49,233,24,14,8,0.05,4.1,0.99686,0.01668,"Artemisia frigida","Liatris punctata",0.0475609756097561,"positive",8,9,2,7,10,4,2,4,0.5
49,234,24,5,1,0.018,1.5,0.54112,0.83207,"Artemisia frigida","Lilium philadelphicum",-0.00609756097560976,"random",8,9,2,5,9,5,2,5,0.4
49,235,24,4,1,0.014,1.2,0.66597,0.75743,"Artemisia frigida","Linaria dalmatica",-0.0024390243902439,"random",8,9,2,5,10,6,2,6,0.333333333333333
49,236,24,11,2,0.039,3.2,0.31559,0.89431,"Artemisia frigida","Linaria vulgaris",-0.0146341463414634,"random",8,9,2,5,10,6,2,6,0.333333333333333
49,239,24,23,7,0.082,6.7,0.66567,0.54305,"Artemisia frigida","Linum lewisii",0.00365853658536585,"random",8,9,2,5,10,6,2,6,0.333333333333333
49,240,24,6,4,0.021,1.8,0.99258,0.05759,"Artemisia frigida","Lithospermum incisum",0.0268292682926829,"random",8,9,2,4,6,3,0,6,0
49,241,24,13,3,0.046,3.8,0.43266,0.80408,"Artemisia frigida","Lithospermum ruderale",-0.00975609756097561,"random",8,9,2,5,7,3,0,5,0
49,246,24,12,0,0.043,3.5,0.01076,1,"Artemisia frigida","Lonicera dioica",-0.0426829268292683,"negative",8,9,2,6,7,2,0,4,0
49,248,24,4,0,0.014,1.2,0.24257,1,"Artemisia frigida","Lonicera tatarica",-0.0146341463414634,"random",8,9,2,4,7,4,0,6,0
49,250,24,6,1,0.021,1.8,0.42965,0.88441,"Artemisia frigida","Lotus corniculatus",-0.00975609756097561,"random",8,9,2,5,9,5,2,5,0.4
49,253,24,7,5,0.025,2,0.99786,0.02063,"Artemisia frigida","Lygodesmia juncea",0.0365853658536585,"positive",8,9,2,6,10,5,2,5,0.4
49,256,24,4,0,0.014,1.2,0.24257,1,"Artemisia frigida","Mahonia repens",-0.0146341463414634,"random",8,9,2,6,6,1,0,4,0
49,257,24,4,0,0.014,1.2,0.24257,1,"Artemisia frigida","Maianthemum racemosum",-0.0146341463414634,"random",8,9,2,5,7,3,0,5,0
49,258,24,30,11,0.107,8.8,0.91384,0.19258,"Artemisia frigida","Maianthemum stellatum",0.0268292682926829,"random",8,9,2,5,7,3,0,5,0
49,261,24,10,0,0.036,2.9,0.02439,1,"Artemisia frigida","Medicago lupulina",-0.0353658536585366,"negative",8,9,2,5,11,7,2,7,0.285714285714286
49,262,24,10,1,0.036,2.9,0.14386,0.97561,"Artemisia frigida","Medicago sativa",-0.0231707317073171,"random",8,9,2,5,10,6,2,6,0.333333333333333
49,264,24,9,2,0.032,2.6,0.4765,0.80668,"Artemisia frigida","Melilotus albus",-0.00731707317073171,"random",8,9,2,6,11,6,2,6,0.333333333333333
49,265,24,14,3,0.05,4.1,0.36061,0.84899,"Artemisia frigida","Melilotus officinalis",-0.0134146341463415,"random",8,9,2,5,11,7,2,7,0.285714285714286
49,275,24,18,8,0.064,5.3,0.96829,0.09729,"Artemisia frigida","Monarda fistulosa",0.0329268292682927,"random",8,9,2,5,9,5,2,5,0.4
49,278,24,11,9,0.039,3.2,0.99999,0.00016,"Artemisia frigida","Musineon divaricatum",0.0707317073170732,"positive",8,9,2,4,7,4,0,6,0
49,285,24,13,6,0.046,3.8,0.95965,0.13106,"Artemisia frigida","Oenothera suffrutescens",0.0268292682926829,"random",8,9,2,5,8,4,1,5,0.2
49,286,24,15,11,0.054,4.4,0.99999,0.00012,"Artemisia frigida","Opuntia polyacantha",0.0804878048780488,"positive",8,9,2,5,8,4,1,5,0.2
49,287,24,6,4,0.021,1.8,0.99258,0.05759,"Artemisia frigida","Oreocarya glomerata",0.0268292682926829,"random",8,9,2,5,8,4,1,5,0.2
49,290,24,9,0,0.032,2.6,0.03634,1,"Artemisia frigida","Oxytropis campestris",-0.0317073170731707,"negative",8,9,2,5,9,5,2,5,0.4
49,292,24,9,5,0.032,2.6,0.98373,0.07781,"Artemisia frigida","Oxytropis sericea",0.0292682926829268,"random",8,9,2,5,6,2,0,5,0
49,292,24,9,5,0.032,2.6,0.98373,0.07781,"Artemisia frigida","Oxytropis sericea",0.0292682926829268,"random",8,9,2,5,6,2,0,5,0
49,293,24,6,1,0.021,1.8,0.42965,0.88441,"Artemisia frigida","Oxytropis splendens",-0.00975609756097561,"random",8,9,2,6,8,3,1,4,0.25
49,295,24,5,3,0.018,1.5,0.97585,0.14676,"Artemisia frigida","Packera cana",0.0182926829268293,"random",8,9,2,5,8,4,1,5,0.2
49,300,24,4,0,0.014,1.2,0.24257,1,"Artemisia frigida","Pedicularis bracteosa",-0.0146341463414634,"random",8,9,2,6,8,3,1,4,0.25
49,303,24,4,2,0.014,1.2,0.92681,0.33403,"Artemisia frigida","Pediomelum esculentum",0.00975609756097561,"random",8,9,2,6,7,2,0,4,0
49,304,24,8,6,0.029,2.3,0.99942,0.00683,"Artemisia frigida","Pelecyphora vivipara",0.0451219512195122,"positive",8,9,2,5,7,3,0,5,0
49,306,24,4,1,0.014,1.2,0.66597,0.75743,"Artemisia frigida","Penstemon albidus",-0.0024390243902439,"random",8,9,2,5,7,3,0,5,0
49,307,24,6,0,0.021,1.8,0.11559,1,"Artemisia frigida","Penstemon confertus",-0.0219512195121951,"random",8,9,2,6,8,3,1,4,0.25
49,310,24,15,12,0.054,4.4,1,1e-05,"Artemisia frigida","Penstemon nitidus",0.0926829268292683,"positive",8,9,2,4,7,4,0,6,0
49,315,24,6,0,0.021,1.8,0.11559,1,"Artemisia frigida","Petasites frigidus",-0.0219512195121951,"random",8,9,2,4,9,6,2,6,0.333333333333333
49,318,24,4,0,0.014,1.2,0.24257,1,"Artemisia frigida","Phalaris arundinacea",-0.0146341463414634,"random",8,9,2,5,10,6,2,6,0.333333333333333
49,320,24,6,3,0.021,1.8,0.94241,0.23594,"Artemisia frigida","Phleum pratense",0.0146341463414634,"random",8,9,2,7,7,1,0,3,0
49,321,24,15,11,0.054,4.4,0.99999,0.00012,"Artemisia frigida","Phlox hoodii",0.0804878048780488,"positive",8,9,2,3,10,8,2,8,0.25
49,323,24,6,4,0.021,1.8,0.99258,0.05759,"Artemisia frigida","Physaria arenosa",0.0268292682926829,"random",8,9,2,4,7,4,0,6,0
49,327,24,5,0,0.018,1.5,0.16793,1,"Artemisia frigida","Plantago major",-0.0182926829268293,"random",8,9,2,6,8,3,1,4,0.25
49,328,24,5,3,0.018,1.5,0.97585,0.14676,"Artemisia frigida","Plantago patagonica",0.0182926829268293,"random",8,9,2,6,8,3,1,4,0.25
49,337,24,5,0,0.018,1.5,0.16793,1,"Artemisia frigida","Polemonium pulcherrimum",-0.0182926829268293,"random",8,9,2,4,9,6,2,6,0.333333333333333
49,338,24,6,1,0.021,1.8,0.42965,0.88441,"Artemisia frigida","Polygala senega",-0.00975609756097561,"random",8,9,2,5,7,3,0,5,0
49,340,24,6,2,0.021,1.8,0.76406,0.57035,"Artemisia frigida","Populus balsamifera",0.0024390243902439,"random",8,9,2,4,5,2,0,6,0
49,342,24,17,4,0.061,5,0.39736,0.80957,"Artemisia frigida","Populus tremuloides",-0.0121951219512195,"random",8,9,2,4,4,1,0,6,0
49,343,24,10,8,0.036,2.9,0.99996,6e-04,"Artemisia frigida","Potentilla concinna",0.0621951219512195,"positive",8,9,2,4,6,3,0,6,0
49,351,24,4,0,0.014,1.2,0.24257,1,"Artemisia frigida","Prosartes trachycarpa",-0.0146341463414634,"random",8,9,2,4,6,3,0,6,0
49,354,24,23,7,0.082,6.7,0.66567,0.54305,"Artemisia frigida","Prunus virginiana",0.00365853658536585,"random",8,9,2,4,7,4,0,6,0
49,356,24,25,12,0.089,7.3,0.99636,0.01492,"Artemisia frigida","Pulsatilla nuttalliana",0.0573170731707317,"positive",8,9,2,3,11,9,2,9,0.222222222222222
49,358,24,10,1,0.036,2.9,0.14386,0.97561,"Artemisia frigida","Pyrola asarifolia",-0.0231707317073171,"random",8,9,2,6,9,4,2,4,0.5
49,359,24,4,0,0.014,1.2,0.24257,1,"Artemisia frigida","Ranunculus acris",-0.0146341463414634,"random",8,9,2,5,10,6,2,6,0.333333333333333
49,362,24,6,0,0.021,1.8,0.11559,1,"Artemisia frigida","Ratibida columnifera",-0.0219512195121951,"random",8,9,2,6,10,5,2,5,0.4
49,368,24,10,7,0.036,2.9,0.9994,0.0056,"Artemisia frigida","Rhus aromatica",0.05,"positive",8,9,2,5,5,1,0,5,0
49,371,24,7,2,0.025,2,0.66726,0.6654,"Artemisia frigida","Ribes oxyacanthoides",0,"random",8,9,2,5,6,2,0,5,0
49,373,24,8,1,0.029,2.3,0.25625,0.94622,"Artemisia frigida","Rosa acicularis",-0.0158536585365854,"random",8,9,2,5,7,3,0,5,0
49,374,24,8,6,0.029,2.3,0.99942,0.00683,"Artemisia frigida","Rosa arkansana",0.0451219512195122,"positive",8,9,2,6,9,4,2,4,0.5
49,376,24,18,7,0.064,5.3,0.90271,0.23197,"Artemisia frigida","Rosa woodsii",0.0207317073170732,"random",8,9,2,6,8,3,1,4,0.25
49,377,24,4,0,0.014,1.2,0.24257,1,"Artemisia frigida","Rubus idaeus",-0.0146341463414634,"random",8,9,2,6,7,2,0,4,0
49,383,24,4,0,0.014,1.2,0.24257,1,"Artemisia frigida","Salix bebbiana",-0.0146341463414634,"random",8,9,2,5,8,4,1,5,0.2
49,389,24,5,0,0.018,1.5,0.16793,1,"Artemisia frigida","Salix glauca",-0.0182926829268293,"random",8,9,2,6,7,2,0,4,0
49,390,24,10,1,0.036,2.9,0.14386,0.97561,"Artemisia frigida","Salix interior",-0.0231707317073171,"random",8,9,2,5,7,3,0,5,0
49,393,24,4,3,0.014,1.2,0.99392,0.07319,"Artemisia frigida","Salsola tragus",0.0219512195121951,"random",8,9,2,7,10,4,2,4,0.5
49,408,24,8,3,0.029,2.3,0.82989,0.43032,"Artemisia frigida","Shepherdia argentea",0.00853658536585366,"random",8,9,2,4,5,2,0,6,0
49,409,24,25,6,0.089,7.3,0.3381,0.83051,"Artemisia frigida","Shepherdia canadensis",-0.0158536585365854,"random",8,9,2,4,5,2,0,6,0
49,412,24,7,1,0.025,2,0.3346,0.92091,"Artemisia frigida","Sisymbrium loeselii",-0.0121951219512195,"random",8,9,2,5,10,6,2,6,0.333333333333333
49,413,24,7,1,0.025,2,0.3346,0.92091,"Artemisia frigida","Sisyrinchium montanum",-0.0121951219512195,"random",8,9,2,5,8,4,1,5,0.2
49,417,24,8,4,0.029,2.3,0.95638,0.17011,"Artemisia frigida","Solidago missouriensis",0.0207317073170732,"random",8,9,2,6,9,4,2,4,0.5
49,423,24,8,6,0.029,2.3,0.99942,0.00683,"Artemisia frigida","Sphaeralcea coccinea",0.0451219512195122,"positive",8,9,2,5,9,5,2,5,0.4
49,430,24,30,12,0.107,8.8,0.96861,0.08616,"Artemisia frigida","Symphoricarpos occidentalis",0.0390243902439024,"random",8,9,2,6,8,3,1,4,0.25
49,434,24,16,7,0.057,4.7,0.9546,0.1337,"Artemisia frigida","Symphyotrichum laeve",0.0280487804878049,"random",8,9,2,6,10,5,2,5,0.4
49,437,24,7,0,0.025,2,0.07909,1,"Artemisia frigida","Tanacetum vulgare",-0.024390243902439,"random",8,9,2,7,10,4,2,4,0.5
49,438,24,12,3,0.043,3.5,0.51071,0.74945,"Artemisia frigida","Taraxacum officinale",-0.00609756097560976,"random",8,9,2,3,11,9,2,9,0.222222222222222
49,442,24,30,15,0.107,8.8,0.99961,0.00214,"Artemisia frigida","Thermopsis rhombifolia",0.075609756097561,"positive",8,9,2,4,7,4,0,6,0
49,444,24,10,2,0.036,2.9,0.39115,0.85614,"Artemisia frigida","Thlaspi arvense",-0.0109756097560976,"random",8,9,2,4,9,6,2,6,0.333333333333333
49,448,24,18,6,0.064,5.3,0.76803,0.4371,"Artemisia frigida","Tragopogon dubius",0.00853658536585366,"random",8,9,2,5,10,6,2,6,0.333333333333333
49,450,24,5,0,0.018,1.5,0.16793,1,"Artemisia frigida","Triantha glutinosa",-0.0182926829268293,"random",8,9,2,6,8,3,1,4,0.25
49,453,24,4,0,0.014,1.2,0.24257,1,"Artemisia frigida","Trifolium hybridum",-0.0146341463414634,"random",8,9,2,6,10,5,2,5,0.4
49,454,24,18,1,0.064,5.3,0.00887,0.99923,"Artemisia frigida","Trifolium pratense",-0.0524390243902439,"negative",8,9,2,6,10,5,2,5,0.4
49,455,24,5,0,0.018,1.5,0.16793,1,"Artemisia frigida","Trifolium repens",-0.0182926829268293,"random",8,9,2,5,10,6,2,6,0.333333333333333
49,458,24,7,1,0.025,2,0.3346,0.92091,"Artemisia frigida","Tripleurospermum inodorum",-0.0121951219512195,"random",8,9,2,5,11,7,2,7,0.285714285714286
49,460,24,6,2,0.021,1.8,0.76406,0.57035,"Artemisia frigida","Typha latifolia",0.0024390243902439,"random",8,9,2,6,7,2,0,4,0
49,475,24,16,6,0.057,4.7,0.8663,0.30197,"Artemisia frigida","Vicia americana",0.0158536585365854,"random",8,9,2,5,9,5,2,5,0.4
49,476,24,14,1,0.05,4.1,0.03906,0.99539,"Artemisia frigida","Vicia cracca",-0.0378048780487805,"negative",8,9,2,5,11,7,2,7,0.285714285714286
49,477,24,15,5,0.054,4.4,0.76113,0.46138,"Artemisia frigida","Viola adunca",0.0073170731707317,"random",8,9,2,4,9,6,2,6,0.333333333333333
49,479,24,6,5,0.021,1.8,0.99962,0.00742,"Artemisia frigida","Viola nuttallii",0.0390243902439024,"positive",8,9,2,4,6,3,0,6,0
49,488,24,14,4,0.05,4.1,0.61279,0.63939,"Artemisia frigida","Zizia aptera",-0.00121951219512195,"random",8,9,2,5,7,3,0,5,0
50,82,5,20,1,0.015,1.2,0.64606,0.76284,"Artemisia longifolia","Bromus inermis",-0.0024390243902439,"random",7,9,3,6,10,5,3,5,0.6
50,86,5,23,0,0.017,1.4,0.18348,1,"Artemisia longifolia","Campanula alaskana",-0.0170731707317073,"random",7,9,3,6,10,5,3,5,0.6
50,112,5,19,0,0.014,1.2,0.25761,1,"Artemisia longifolia","Cirsium arvense",-0.0146341463414634,"random",7,9,3,6,9,4,3,4,0.75
50,123,5,19,2,0.014,1.2,0.92127,0.32761,"Artemisia longifolia","Comandra umbellata",0.00975609756097561,"random",7,9,3,5,7,3,1,5,0.2
50,129,5,28,0,0.021,1.7,0.11591,1,"Artemisia longifolia","Cornus sericea",-0.0207317073170732,"random",7,9,3,5,8,4,2,5,0.4
50,141,5,34,1,0.025,2.1,0.30522,0.93724,"Artemisia longifolia","Dasiphora fruticosa",-0.0134146341463415,"random",7,9,3,5,10,6,3,6,0.5
50,160,5,32,0,0.024,2,0.07765,1,"Artemisia longifolia","Elaeagnus commutata",-0.024390243902439,"random",7,9,3,5,9,5,3,5,0.6
50,171,5,21,4,0.016,1.3,0.99925,0.01413,"Artemisia longifolia","Eriogonum flavum",0.0329268292682927,"positive",7,9,3,5,9,5,3,5,0.6
50,181,5,23,0,0.017,1.4,0.18348,1,"Artemisia longifolia","Fragaria virginiana",-0.0170731707317073,"random",7,9,3,5,11,7,3,7,0.428571428571429
50,183,5,22,1,0.016,1.3,0.59334,0.79984,"Artemisia longifolia","Gaillardia aristata",-0.00365853658536585,"random",7,9,3,6,10,5,3,5,0.6
50,186,5,28,0,0.021,1.7,0.11591,1,"Artemisia longifolia","Galium boreale",-0.0207317073170732,"random",7,9,3,6,8,3,2,4,0.5
50,192,5,22,2,0.016,1.3,0.88305,0.40666,"Artemisia longifolia","Geum triflorum",0.00853658536585366,"random",7,9,3,4,7,4,1,6,0.166666666666667
50,239,5,23,0,0.017,1.4,0.18348,1,"Artemisia longifolia","Linum lewisii",-0.0170731707317073,"random",7,9,3,5,10,6,3,6,0.5
50,258,5,30,0,0.022,1.8,0.09525,1,"Artemisia longifolia","Maianthemum stellatum",-0.0219512195121951,"random",7,9,3,5,7,3,1,5,0.2
50,275,5,18,0,0.013,1.1,0.27944,1,"Artemisia longifolia","Monarda fistulosa",-0.0134146341463415,"random",7,9,3,5,9,5,3,5,0.6
50,342,5,17,0,0.013,1,0.30272,1,"Artemisia longifolia","Populus tremuloides",-0.0121951219512195,"random",7,9,3,4,4,1,0,6,0
50,354,5,23,2,0.017,1.4,0.86856,0.43287,"Artemisia longifolia","Prunus virginiana",0.00731707317073171,"random",7,9,3,4,7,4,1,6,0.166666666666667
50,356,5,25,2,0.019,1.5,0.83709,0.48462,"Artemisia longifolia","Pulsatilla nuttalliana",0.00609756097560976,"random",7,9,3,3,11,9,3,9,0.333333333333333
50,376,5,18,1,0.013,1.1,0.69859,0.72056,"Artemisia longifolia","Rosa woodsii",-0.00121951219512195,"random",7,9,3,6,8,3,2,4,0.5
50,409,5,25,0,0.019,1.5,0.15346,1,"Artemisia longifolia","Shepherdia canadensis",-0.0182926829268293,"random",7,9,3,4,5,2,0,6,0
50,430,5,30,1,0.022,1.8,0.39291,0.90475,"Artemisia longifolia","Symphoricarpos occidentalis",-0.00975609756097561,"random",7,9,3,6,8,3,2,4,0.5
50,442,5,30,2,0.022,1.8,0.74524,0.60709,"Artemisia longifolia","Thermopsis rhombifolia",0.0024390243902439,"random",7,9,3,4,7,4,1,6,0.166666666666667
50,448,5,18,1,0.013,1.1,0.69859,0.72056,"Artemisia longifolia","Tragopogon dubius",-0.00121951219512195,"random",7,9,3,5,10,6,3,6,0.5
50,454,5,18,0,0.013,1.1,0.27944,1,"Artemisia longifolia","Trifolium pratense",-0.0134146341463415,"random",7,9,3,6,10,5,3,5,0.6
51,54,16,6,0,0.014,1.2,0.25948,1,"Artemisia ludoviciana","Asclepias viridiflora",-0.0146341463414634,"random",7,9,3,6,7,2,1,4,0.25
51,57,16,7,5,0.017,1.4,0.99986,0.00261,"Artemisia ludoviciana","Astragalus agrestis",0.0439024390243902,"positive",7,9,3,5,9,5,3,5,0.6
51,61,16,9,3,0.021,1.8,0.93242,0.24121,"Artemisia ludoviciana","Astragalus cicer",0.0146341463414634,"random",7,9,3,6,10,5,3,5,0.6
51,67,16,15,2,0.036,2.9,0.39738,0.84881,"Artemisia ludoviciana","Astragalus laxmannii",-0.0109756097560976,"random",7,9,3,6,8,3,2,4,0.5
51,81,16,11,4,0.026,2.1,0.96591,0.13531,"Artemisia ludoviciana","Bouteloua gracilis",0.0231707317073171,"random",7,9,3,6,10,5,3,5,0.6
51,82,16,20,7,0.048,3.9,0.98752,0.05016,"Artemisia ludoviciana","Bromus inermis",0.0378048780487805,"random",7,9,3,6,10,5,3,5,0.6
51,86,16,23,4,0.055,4.5,0.51447,0.72304,"Artemisia ludoviciana","Campanula alaskana",-0.00609756097560976,"random",7,9,3,6,10,5,3,5,0.6
51,87,16,7,2,0.017,1.4,0.86932,0.41276,"Artemisia ludoviciana","Campanula rapunculoides",0.00731707317073171,"random",7,9,3,6,10,5,3,5,0.6
51,89,16,8,0,0.019,1.6,0.16115,1,"Artemisia ludoviciana","Caragana arborescens",-0.0195121951219512,"random",7,9,3,5,6,2,0,5,0
51,107,16,16,2,0.038,3.1,0.34594,0.87663,"Artemisia ludoviciana","Chamaenerion angustifolium",-0.0134146341463415,"random",7,9,3,6,9,4,3,4,0.75
51,112,16,19,5,0.045,3.7,0.87995,0.29161,"Artemisia ludoviciana","Cirsium arvense",0.0158536585365854,"random",7,9,3,6,9,4,3,4,0.75
51,117,16,8,3,0.019,1.6,0.95709,0.18333,"Artemisia ludoviciana","Cirsium undulatum",0.0170731707317073,"random",7,9,3,6,9,4,3,4,0.75
51,118,16,8,3,0.019,1.6,0.95709,0.18333,"Artemisia ludoviciana","Cirsium vulgare",0.0170731707317073,"random",7,9,3,7,11,5,3,5,0.6
51,121,16,8,1,0.019,1.6,0.51076,0.83885,"Artemisia ludoviciana","Clematis tangutica",-0.00731707317073171,"random",7,9,3,6,10,5,3,5,0.6
51,123,16,19,2,0.045,3.7,0.21755,0.93562,"Artemisia ludoviciana","Comandra umbellata",-0.0207317073170732,"random",7,9,3,5,7,3,1,5,0.2
51,129,16,28,7,0.067,5.5,0.88321,0.26765,"Artemisia ludoviciana","Cornus sericea",0.0182926829268293,"random",7,9,3,5,8,4,2,5,0.4
51,135,16,7,1,0.017,1.4,0.58724,0.79515,"Artemisia ludoviciana","Cypripedium parviflorum",-0.0048780487804878,"random",7,9,3,5,7,3,1,5,0.2
51,140,16,7,1,0.017,1.4,0.58724,0.79515,"Artemisia ludoviciana","Dalea purpurea",-0.0048780487804878,"random",7,9,3,6,9,4,3,4,0.75
51,141,16,34,7,0.081,6.6,0.69005,0.52611,"Artemisia ludoviciana","Dasiphora fruticosa",0.00487804878048781,"random",7,9,3,5,10,6,3,6,0.5
51,160,16,32,7,0.076,6.2,0.76504,0.437,"Artemisia ludoviciana","Elaeagnus commutata",0.00975609756097561,"random",7,9,3,5,9,5,3,5,0.6
51,171,16,21,5,0.05,4.1,0.81649,0.38734,"Artemisia ludoviciana","Eriogonum flavum",0.0109756097560976,"random",7,9,3,5,9,5,3,5,0.6
51,181,16,23,4,0.055,4.5,0.51447,0.72304,"Artemisia ludoviciana","Fragaria virginiana",-0.00609756097560976,"random",7,9,3,5,11,7,3,7,0.428571428571429
51,183,16,22,5,0.052,4.3,0.77974,0.43648,"Artemisia ludoviciana","Gaillardia aristata",0.00853658536585366,"random",7,9,3,6,10,5,3,5,0.6
51,184,16,6,0,0.014,1.2,0.25948,1,"Artemisia ludoviciana","Galearis rotundifolia",-0.0146341463414634,"random",7,9,3,6,7,2,1,4,0.25
51,186,16,28,10,0.067,5.5,0.99812,0.01,"Artemisia ludoviciana","Galium boreale",0.0548780487804878,"positive",7,9,3,6,8,3,2,4,0.5
51,190,16,12,5,0.029,2.3,0.98987,0.05119,"Artemisia ludoviciana","Geranium viscosissimum",0.0329268292682927,"random",7,9,3,5,11,7,3,7,0.428571428571429
51,192,16,22,5,0.052,4.3,0.77974,0.43648,"Artemisia ludoviciana","Geum triflorum",0.00853658536585366,"random",7,9,3,4,7,4,1,6,0.166666666666667
51,193,16,14,6,0.033,2.7,0.99537,0.02555,"Artemisia ludoviciana","Glycyrrhiza lepidota",0.0402439024390244,"positive",7,9,3,6,8,3,2,4,0.5
51,195,16,13,4,0.031,2.5,0.92718,0.22383,"Artemisia ludoviciana","Grindelia squarrosa",0.0182926829268293,"random",7,9,3,7,11,5,3,5,0.6
51,196,16,14,6,0.033,2.7,0.99537,0.02555,"Artemisia ludoviciana","Gutierrezia sarothrae",0.0402439024390244,"positive",7,9,3,6,9,4,3,4,0.75
51,199,16,11,5,0.026,2.1,0.99426,0.03409,"Artemisia ludoviciana","Hedysarum alpinum",0.0353658536585366,"positive",7,9,3,5,9,5,3,5,0.6
51,200,16,16,4,0.038,3.1,0.83497,0.3797,"Artemisia ludoviciana","Hedysarum boreale",0.0109756097560976,"random",7,9,3,4,10,7,3,7,0.428571428571429
51,202,16,6,0,0.014,1.2,0.25948,1,"Artemisia ludoviciana","Helianthus annuus",-0.0146341463414634,"random",7,9,3,6,11,6,3,6,0.5
51,206,16,8,1,0.019,1.6,0.51076,0.83885,"Artemisia ludoviciana","Heracleum maximum",-0.00731707317073171,"random",7,9,3,6,8,3,2,4,0.5
51,208,16,13,2,0.031,2.5,0.51132,0.7776,"Artemisia ludoviciana","Heterotheca villosa",-0.00609756097560976,"random",7,9,3,6,10,5,3,5,0.6
51,214,16,6,0,0.014,1.2,0.25948,1,"Artemisia ludoviciana","Hordeum jubatum",-0.0146341463414634,"random",7,9,3,6,7,2,1,4,0.25
51,216,16,7,0,0.017,1.4,0.20485,1,"Artemisia ludoviciana","Hymenoxys richardsonii",-0.0170731707317073,"random",7,9,3,5,7,3,1,5,0.2
51,217,16,7,4,0.017,1.4,0.99739,0.02451,"Artemisia ludoviciana","Hyoscyamus niger",0.0317073170731707,"positive",7,9,3,5,10,6,3,6,0.5
51,222,16,7,3,0.017,1.4,0.97549,0.13068,"Artemisia ludoviciana","Krascheninnikovia lanata",0.0195121951219512,"random",7,9,3,5,9,4,3,5,0.6
51,233,16,14,3,0.033,2.7,0.72627,0.5473,"Artemisia ludoviciana","Liatris punctata",0.00365853658536585,"random",7,9,3,7,10,4,3,4,0.75
51,236,16,11,2,0.026,2.1,0.63499,0.68222,"Artemisia ludoviciana","Linaria vulgaris",-0.00121951219512195,"random",7,9,3,5,10,6,3,6,0.5
51,239,16,23,7,0.055,4.5,0.96586,0.10795,"Artemisia ludoviciana","Linum lewisii",0.0304878048780488,"random",7,9,3,5,10,6,3,6,0.5
51,240,16,6,2,0.014,1.2,0.91482,0.33217,"Artemisia ludoviciana","Lithospermum incisum",0.00975609756097561,"random",7,9,3,4,6,3,0,6,0
51,241,16,13,5,0.031,2.5,0.98341,0.07282,"Artemisia ludoviciana","Lithospermum ruderale",0.0304878048780488,"random",7,9,3,5,7,3,1,5,0.2
51,246,16,12,3,0.029,2.3,0.82263,0.42756,"Artemisia ludoviciana","Lonicera dioica",0.00853658536585366,"random",7,9,3,6,7,2,1,4,0.25
51,250,16,6,1,0.014,1.2,0.66783,0.74052,"Artemisia ludoviciana","Lotus corniculatus",-0.0024390243902439,"random",7,9,3,5,9,5,3,5,0.6
51,253,16,7,1,0.017,1.4,0.58724,0.79515,"Artemisia ludoviciana","Lygodesmia juncea",-0.0048780487804878,"random",7,9,3,6,10,5,3,5,0.6
51,258,16,30,5,0.071,5.9,0.42542,0.78082,"Artemisia ludoviciana","Maianthemum stellatum",-0.0109756097560976,"random",7,9,3,5,7,3,1,5,0.2
51,261,16,10,2,0.024,2,0.69763,0.62454,"Artemisia ludoviciana","Medicago lupulina",0,"random",7,9,3,5,11,7,3,7,0.428571428571429
51,262,16,10,4,0.024,2,0.9788,0.0985,"Artemisia ludoviciana","Medicago sativa",0.024390243902439,"random",7,9,3,5,10,6,3,6,0.5
51,264,16,9,1,0.021,1.8,0.43989,0.87369,"Artemisia ludoviciana","Melilotus albus",-0.00975609756097561,"random",7,9,3,6,11,6,3,6,0.5
51,265,16,14,4,0.033,2.7,0.90091,0.27373,"Artemisia ludoviciana","Melilotus officinalis",0.0158536585365854,"random",7,9,3,5,11,7,3,7,0.428571428571429
51,275,16,18,9,0.043,3.5,0.99992,0.00081,"Artemisia ludoviciana","Monarda fistulosa",0.0670731707317073,"positive",7,9,3,5,9,5,3,5,0.6
51,278,16,11,3,0.026,2.1,0.86469,0.36501,"Artemisia ludoviciana","Musineon divaricatum",0.0109756097560976,"random",7,9,3,4,7,4,1,6,0.166666666666667
51,285,16,13,4,0.031,2.5,0.92718,0.22383,"Artemisia ludoviciana","Oenothera suffrutescens",0.0182926829268293,"random",7,9,3,5,8,4,2,5,0.4
51,286,16,15,2,0.036,2.9,0.39738,0.84881,"Artemisia ludoviciana","Opuntia polyacantha",-0.0109756097560976,"random",7,9,3,5,8,4,2,5,0.4
51,287,16,6,0,0.014,1.2,0.25948,1,"Artemisia ludoviciana","Oreocarya glomerata",-0.0146341463414634,"random",7,9,3,5,8,4,2,5,0.4
51,290,16,9,0,0.021,1.8,0.12631,1,"Artemisia ludoviciana","Oxytropis campestris",-0.0219512195121951,"random",7,9,3,5,9,5,3,5,0.6
51,292,16,9,3,0.021,1.8,0.93242,0.24121,"Artemisia ludoviciana","Oxytropis sericea",0.0146341463414634,"random",7,9,3,5,6,2,0,5,0
51,292,16,9,3,0.021,1.8,0.93242,0.24121,"Artemisia ludoviciana","Oxytropis sericea",0.0146341463414634,"random",7,9,3,5,6,2,0,5,0
51,293,16,6,1,0.014,1.2,0.66783,0.74052,"Artemisia ludoviciana","Oxytropis splendens",-0.0024390243902439,"random",7,9,3,6,8,3,2,4,0.5
51,304,16,8,2,0.019,1.6,0.81667,0.48924,"Artemisia ludoviciana","Pelecyphora vivipara",0.0048780487804878,"random",7,9,3,5,7,3,1,5,0.2
51,307,16,6,1,0.014,1.2,0.66783,0.74052,"Artemisia ludoviciana","Penstemon confertus",-0.0024390243902439,"random",7,9,3,6,8,3,2,4,0.5
51,310,16,15,3,0.036,2.9,0.67397,0.60262,"Artemisia ludoviciana","Penstemon nitidus",0.00121951219512195,"random",7,9,3,4,7,4,1,6,0.166666666666667
51,315,16,6,0,0.014,1.2,0.25948,1,"Artemisia ludoviciana","Petasites frigidus",-0.0146341463414634,"random",7,9,3,4,9,6,3,6,0.5
51,320,16,6,4,0.014,1.2,0.99915,0.012,"Artemisia ludoviciana","Phleum pratense",0.0341463414634146,"positive",7,9,3,7,7,1,1,3,0.333333333333333
51,321,16,15,6,0.036,2.9,0.99229,0.03745,"Artemisia ludoviciana","Phlox hoodii",0.0378048780487805,"positive",7,9,3,3,10,8,3,8,0.375
51,323,16,6,1,0.014,1.2,0.66783,0.74052,"Artemisia ludoviciana","Physaria arenosa",-0.0024390243902439,"random",7,9,3,4,7,4,1,6,0.166666666666667
51,338,16,6,0,0.014,1.2,0.25948,1,"Artemisia ludoviciana","Polygala senega",-0.0146341463414634,"random",7,9,3,5,7,3,1,5,0.2
51,340,16,6,1,0.014,1.2,0.66783,0.74052,"Artemisia ludoviciana","Populus balsamifera",-0.0024390243902439,"random",7,9,3,4,5,2,0,6,0
51,342,16,17,4,0.04,3.3,0.79594,0.43374,"Artemisia ludoviciana","Populus tremuloides",0.00853658536585366,"random",7,9,3,4,4,1,0,6,0
51,343,16,10,4,0.024,2,0.9788,0.0985,"Artemisia ludoviciana","Potentilla concinna",0.024390243902439,"random",7,9,3,4,6,3,0,6,0
51,354,16,23,6,0.055,4.5,0.89205,0.2599,"Artemisia ludoviciana","Prunus virginiana",0.0182926829268293,"random",7,9,3,4,7,4,1,6,0.166666666666667
51,356,16,25,7,0.059,4.9,0.9409,0.16272,"Artemisia ludoviciana","Pulsatilla nuttalliana",0.025609756097561,"random",7,9,3,3,11,9,3,9,0.333333333333333
51,358,16,10,1,0.024,2,0.37546,0.90138,"Artemisia ludoviciana","Pyrola asarifolia",-0.0121951219512195,"random",7,9,3,6,9,4,3,4,0.75
51,362,16,6,3,0.014,1.2,0.988,0.08518,"Artemisia ludoviciana","Ratibida columnifera",0.0219512195121951,"random",7,9,3,6,10,5,3,5,0.6
51,368,16,10,1,0.024,2,0.37546,0.90138,"Artemisia ludoviciana","Rhus aromatica",-0.0121951219512195,"random",7,9,3,5,5,1,0,5,0
51,371,16,7,4,0.017,1.4,0.99739,0.02451,"Artemisia ludoviciana","Ribes oxyacanthoides",0.0317073170731707,"positive",7,9,3,5,6,2,0,5,0
51,373,16,8,1,0.019,1.6,0.51076,0.83885,"Artemisia ludoviciana","Rosa acicularis",-0.00731707317073171,"random",7,9,3,5,7,3,1,5,0.2
51,374,16,8,3,0.019,1.6,0.95709,0.18333,"Artemisia ludoviciana","Rosa arkansana",0.0170731707317073,"random",7,9,3,6,9,4,3,4,0.75
51,376,16,18,6,0.043,3.5,0.97355,0.09382,"Artemisia ludoviciana","Rosa woodsii",0.0304878048780488,"random",7,9,3,6,8,3,2,4,0.5
51,390,16,10,0,0.024,2,0.09862,1,"Artemisia ludoviciana","Salix interior",-0.024390243902439,"random",7,9,3,5,7,3,1,5,0.2
51,408,16,8,2,0.019,1.6,0.81667,0.48924,"Artemisia ludoviciana","Shepherdia argentea",0.0048780487804878,"random",7,9,3,4,5,2,0,6,0
51,409,16,25,5,0.059,4.9,0.65405,0.58082,"Artemisia ludoviciana","Shepherdia canadensis",0.00121951219512195,"random",7,9,3,4,5,2,0,6,0
51,412,16,7,1,0.017,1.4,0.58724,0.79515,"Artemisia ludoviciana","Sisymbrium loeselii",-0.0048780487804878,"random",7,9,3,5,10,6,3,6,0.5
51,413,16,7,1,0.017,1.4,0.58724,0.79515,"Artemisia ludoviciana","Sisyrinchium montanum",-0.0048780487804878,"random",7,9,3,5,8,4,2,5,0.4
51,417,16,8,1,0.019,1.6,0.51076,0.83885,"Artemisia ludoviciana","Solidago missouriensis",-0.00731707317073171,"random",7,9,3,6,9,4,3,4,0.75
51,423,16,8,2,0.019,1.6,0.81667,0.48924,"Artemisia ludoviciana","Sphaeralcea coccinea",0.0048780487804878,"random",7,9,3,5,9,5,3,5,0.6
51,430,16,30,11,0.071,5.9,0.99937,0.00403,"Artemisia ludoviciana","Symphoricarpos occidentalis",0.0621951219512195,"positive",7,9,3,6,8,3,2,4,0.5
51,434,16,16,4,0.038,3.1,0.83497,0.3797,"Artemisia ludoviciana","Symphyotrichum laeve",0.0109756097560976,"random",7,9,3,6,10,5,3,5,0.6
51,437,16,7,1,0.017,1.4,0.58724,0.79515,"Artemisia ludoviciana","Tanacetum vulgare",-0.0048780487804878,"random",7,9,3,7,10,4,3,4,0.75
51,438,16,12,3,0.029,2.3,0.82263,0.42756,"Artemisia ludoviciana","Taraxacum officinale",0.00853658536585366,"random",7,9,3,3,11,9,3,9,0.333333333333333
51,442,16,30,11,0.071,5.9,0.99937,0.00403,"Artemisia ludoviciana","Thermopsis rhombifolia",0.0621951219512195,"positive",7,9,3,4,7,4,1,6,0.166666666666667
51,444,16,10,3,0.024,2,0.9015,0.30237,"Artemisia ludoviciana","Thlaspi arvense",0.0121951219512195,"random",7,9,3,4,9,6,3,6,0.5
51,448,16,18,4,0.043,3.5,0.75354,0.48724,"Artemisia ludoviciana","Tragopogon dubius",0.00609756097560976,"random",7,9,3,5,10,6,3,6,0.5
51,454,16,18,2,0.043,3.5,0.25592,0.9195,"Artemisia ludoviciana","Trifolium pratense",-0.0182926829268293,"random",7,9,3,6,10,5,3,5,0.6
51,458,16,7,2,0.017,1.4,0.86932,0.41276,"Artemisia ludoviciana","Tripleurospermum inodorum",0.00731707317073171,"random",7,9,3,5,11,7,3,7,0.428571428571429
51,460,16,6,0,0.014,1.2,0.25948,1,"Artemisia ludoviciana","Typha latifolia",-0.0146341463414634,"random",7,9,3,6,7,2,1,4,0.25
51,475,16,16,4,0.038,3.1,0.83497,0.3797,"Artemisia ludoviciana","Vicia americana",0.0109756097560976,"random",7,9,3,5,9,5,3,5,0.6
51,476,16,14,1,0.033,2.7,0.18402,0.96479,"Artemisia ludoviciana","Vicia cracca",-0.0207317073170732,"random",7,9,3,5,11,7,3,7,0.428571428571429
51,477,16,15,4,0.036,2.9,0.87009,0.32603,"Artemisia ludoviciana","Viola adunca",0.0134146341463415,"random",7,9,3,4,9,6,3,6,0.5
51,479,16,6,2,0.014,1.2,0.91482,0.33217,"Artemisia ludoviciana","Viola nuttallii",0.00975609756097561,"random",7,9,3,4,6,3,0,6,0
51,488,16,14,2,0.033,2.7,0.4527,0.81598,"Artemisia ludoviciana","Zizia aptera",-0.00853658536585366,"random",7,9,3,5,7,3,1,5,0.2
53,129,3,28,1,0.012,1,0.73252,0.71992,"Asclepias speciosa","Cornus sericea",0,"random",6,7,2,5,8,4,2,4,0.5
53,141,3,34,0,0.015,1.2,0.1953,1,"Asclepias speciosa","Dasiphora fruticosa",-0.0146341463414634,"random",6,7,2,5,10,6,2,6,0.333333333333333
53,160,3,32,0,0.014,1.2,0.22132,1,"Asclepias speciosa","Elaeagnus commutata",-0.0146341463414634,"random",6,7,2,5,9,5,2,5,0.4
53,186,3,28,0,0.012,1,0.28008,1,"Asclepias speciosa","Galium boreale",-0.0121951219512195,"random",6,7,2,6,8,3,2,3,0.666666666666667
53,258,3,30,1,0.013,1.1,0.69874,0.75045,"Asclepias speciosa","Maianthemum stellatum",-0.00121951219512195,"random",6,7,2,5,7,3,2,3,0.666666666666667
53,430,3,30,1,0.013,1.1,0.69874,0.75045,"Asclepias speciosa","Symphoricarpos occidentalis",-0.00121951219512195,"random",6,7,2,6,8,3,2,3,0.666666666666667
53,442,3,30,1,0.013,1.1,0.69874,0.75045,"Asclepias speciosa","Thermopsis rhombifolia",-0.00121951219512195,"random",6,7,2,4,7,4,2,4,0.5
54,67,6,15,5,0.013,1.1,0.99999,0.00059,"Asclepias viridiflora","Astragalus laxmannii",0.0475609756097561,"positive",6,7,2,6,8,3,2,3,0.666666666666667
54,82,6,20,0,0.018,1.5,0.17556,1,"Asclepias viridiflora","Bromus inermis",-0.0182926829268293,"random",6,7,2,6,10,5,2,5,0.4
54,86,6,23,2,0.021,1.7,0.78635,0.54248,"Asclepias viridiflora","Campanula alaskana",0.00365853658536585,"random",6,7,2,6,10,5,2,5,0.4
54,107,6,16,0,0.014,1.2,0.25948,1,"Asclepias viridiflora","Chamaenerion angustifolium",-0.0146341463414634,"random",6,7,2,6,9,4,2,4,0.5
54,112,6,19,0,0.017,1.4,0.19404,1,"Asclepias viridiflora","Cirsium arvense",-0.0170731707317073,"random",6,7,2,6,9,4,2,4,0.5
54,123,6,19,4,0.017,1.4,0.99783,0.02379,"Asclepias viridiflora","Comandra umbellata",0.0317073170731707,"positive",6,7,2,5,7,3,2,3,0.666666666666667
54,129,6,28,1,0.025,2,0.32664,0.92624,"Asclepias viridiflora","Cornus sericea",-0.0121951219512195,"random",6,7,2,5,8,4,2,4,0.5
54,141,6,34,0,0.03,2.5,0.03505,1,"Asclepias viridiflora","Dasiphora fruticosa",-0.0304878048780488,"negative",6,7,2,5,10,6,2,6,0.333333333333333
54,160,6,32,1,0.029,2.3,0.23901,0.95462,"Asclepias viridiflora","Elaeagnus commutata",-0.0158536585365854,"random",6,7,2,5,9,5,2,5,0.4
54,171,6,21,6,0.019,1.5,1,0.00015,"Asclepias viridiflora","Eriogonum flavum",0.0548780487804878,"positive",6,7,2,5,9,5,2,5,0.4
54,181,6,23,0,0.021,1.7,0.12868,1,"Asclepias viridiflora","Fragaria virginiana",-0.0207317073170732,"random",6,7,2,5,11,7,2,7,0.285714285714286
54,183,6,22,1,0.02,1.6,0.48611,0.85703,"Asclepias viridiflora","Gaillardia aristata",-0.00731707317073171,"random",6,7,2,6,10,5,2,5,0.4
54,186,6,28,0,0.025,2,0.07376,1,"Asclepias viridiflora","Galium boreale",-0.024390243902439,"random",6,7,2,6,8,3,2,3,0.666666666666667
54,192,6,22,0,0.02,1.6,0.14297,1,"Asclepias viridiflora","Geum triflorum",-0.0195121951219512,"random",6,7,2,4,7,4,2,4,0.5
54,193,6,14,2,0.012,1,0.94099,0.27065,"Asclepias viridiflora","Glycyrrhiza lepidota",0.0121951219512195,"random",6,7,2,6,8,3,2,3,0.666666666666667
54,196,6,14,2,0.012,1,0.94099,0.27065,"Asclepias viridiflora","Gutierrezia sarothrae",0.0121951219512195,"random",6,7,2,6,9,4,2,4,0.5
54,200,6,16,2,0.014,1.2,0.91482,0.33217,"Asclepias viridiflora","Hedysarum boreale",0.00975609756097561,"random",6,7,2,4,10,7,2,7,0.285714285714286
54,233,6,14,4,0.012,1,0.9996,0.00691,"Asclepias viridiflora","Liatris punctata",0.0365853658536585,"positive",6,7,2,7,10,4,1,5,0.2
54,239,6,23,1,0.021,1.7,0.45752,0.87132,"Asclepias viridiflora","Linum lewisii",-0.00853658536585366,"random",6,7,2,5,10,6,2,6,0.333333333333333
54,258,6,30,3,0.027,2.2,0.87336,0.38288,"Asclepias viridiflora","Maianthemum stellatum",0.00975609756097561,"random",6,7,2,5,7,3,2,3,0.666666666666667
54,265,6,14,1,0.012,1,0.72935,0.68742,"Asclepias viridiflora","Melilotus officinalis",0,"random",6,7,2,5,11,7,2,7,0.285714285714286
54,275,6,18,0,0.016,1.3,0.21411,1,"Asclepias viridiflora","Monarda fistulosa",-0.0158536585365854,"random",6,7,2,5,9,5,2,5,0.4
54,286,6,15,6,0.013,1.1,1,1e-05,"Asclepias viridiflora","Opuntia polyacantha",0.0597560975609756,"positive",6,7,2,5,8,4,2,4,0.5
54,310,6,15,4,0.013,1.1,0.99941,0.00921,"Asclepias viridiflora","Penstemon nitidus",0.0353658536585366,"positive",6,7,2,4,7,4,2,4,0.5
54,321,6,15,0,0.013,1.1,0.285,1,"Asclepias viridiflora","Phlox hoodii",-0.0134146341463415,"random",6,7,2,3,10,8,2,8,0.25
54,342,6,17,0,0.015,1.2,0.23589,1,"Asclepias viridiflora","Populus tremuloides",-0.0146341463414634,"random",6,7,2,4,4,1,0,4,0
54,354,6,23,1,0.021,1.7,0.45752,0.87132,"Asclepias viridiflora","Prunus virginiana",-0.00853658536585366,"random",6,7,2,4,7,4,2,4,0.5
54,356,6,25,0,0.022,1.8,0.10363,1,"Asclepias viridiflora","Pulsatilla nuttalliana",-0.0219512195121951,"random",6,7,2,3,11,9,2,9,0.222222222222222
54,376,6,18,1,0.016,1.3,0.60605,0.78589,"Asclepias viridiflora","Rosa woodsii",-0.00365853658536585,"random",6,7,2,6,8,3,2,3,0.666666666666667
54,409,6,25,0,0.022,1.8,0.10363,1,"Asclepias viridiflora","Shepherdia canadensis",-0.0219512195121951,"random",6,7,2,4,5,2,0,4,0
54,430,6,30,0,0.027,2.2,0.05814,1,"Asclepias viridiflora","Symphoricarpos occidentalis",-0.0268292682926829,"random",6,7,2,6,8,3,2,3,0.666666666666667
54,434,6,16,1,0.014,1.2,0.66783,0.74052,"Asclepias viridiflora","Symphyotrichum laeve",-0.0024390243902439,"random",6,7,2,6,10,5,2,5,0.4
54,442,6,30,3,0.027,2.2,0.87336,0.38288,"Asclepias viridiflora","Thermopsis rhombifolia",0.00975609756097561,"random",6,7,2,4,7,4,2,4,0.5
54,448,6,18,2,0.016,1.3,0.88367,0.39395,"Asclepias viridiflora","Tragopogon dubius",0.00853658536585366,"random",6,7,2,5,10,6,2,6,0.333333333333333
54,454,6,18,0,0.016,1.3,0.21411,1,"Asclepias viridiflora","Trifolium pratense",-0.0158536585365854,"random",6,7,2,6,10,5,2,5,0.4
54,475,6,16,2,0.014,1.2,0.91482,0.33217,"Asclepias viridiflora","Vicia americana",0.00975609756097561,"random",6,7,2,5,9,5,2,5,0.4
54,476,6,14,0,0.012,1,0.31258,1,"Asclepias viridiflora","Vicia cracca",-0.0121951219512195,"random",6,7,2,5,11,7,2,7,0.285714285714286
54,477,6,15,0,0.013,1.1,0.285,1,"Asclepias viridiflora","Viola adunca",-0.0134146341463415,"random",6,7,2,4,9,6,2,6,0.333333333333333
54,488,6,14,0,0.012,1,0.31258,1,"Asclepias viridiflora","Zizia aptera",-0.0121951219512195,"random",6,7,2,5,7,3,2,3,0.666666666666667
57,67,7,15,0,0.016,1.3,0.22875,1,"Astragalus agrestis","Astragalus laxmannii",-0.0158536585365854,"random",5,9,5,6,8,3,3,5,0.6
57,82,7,20,2,0.021,1.7,0.77616,0.54724,"Astragalus agrestis","Bromus inermis",0.00365853658536585,"random",5,9,5,6,10,5,4,6,0.666666666666667
57,86,7,23,1,0.024,2,0.36232,0.91027,"Astragalus agrestis","Campanula alaskana",-0.0121951219512195,"random",5,9,5,6,10,5,4,6,0.666666666666667
57,107,7,16,0,0.017,1.4,0.20485,1,"Astragalus agrestis","Chamaenerion angustifolium",-0.0170731707317073,"random",5,9,5,6,9,4,4,5,0.8
57,112,7,19,2,0.02,1.6,0.80125,0.5149,"Astragalus agrestis","Cirsium arvense",0.0048780487804878,"random",5,9,5,6,9,4,4,5,0.8
57,123,7,19,2,0.02,1.6,0.80125,0.5149,"Astragalus agrestis","Comandra umbellata",0.0048780487804878,"random",5,9,5,5,7,3,3,5,0.6
57,129,7,28,4,0.029,2.4,0.95734,0.17624,"Astragalus agrestis","Cornus sericea",0.0195121951219512,"random",5,9,5,5,8,4,4,5,0.8
57,141,7,34,2,0.035,2.9,0.38179,0.87089,"Astragalus agrestis","Dasiphora fruticosa",-0.0109756097560976,"random",5,9,5,5,10,6,5,6,0.833333333333333
57,160,7,32,3,0.033,2.7,0.73692,0.56355,"Astragalus agrestis","Elaeagnus commutata",0.00365853658536585,"random",5,9,5,5,9,5,5,5,1
57,171,7,21,1,0.022,1.8,0.42146,0.88524,"Astragalus agrestis","Eriogonum flavum",-0.00975609756097561,"random",5,9,5,5,9,5,5,5,1
57,181,7,23,1,0.024,2,0.36232,0.91027,"Astragalus agrestis","Fragaria virginiana",-0.0121951219512195,"random",5,9,5,5,11,7,5,7,0.714285714285714
57,183,7,22,1,0.023,1.9,0.3913,0.89841,"Astragalus agrestis","Gaillardia aristata",-0.0109756097560976,"random",5,9,5,6,10,5,4,6,0.666666666666667
57,186,7,28,5,0.029,2.4,0.99434,0.04266,"Astragalus agrestis","Galium boreale",0.0317073170731707,"positive",5,9,5,6,8,3,3,5,0.6
57,190,7,12,5,0.012,1,0.99998,0.00052,"Astragalus agrestis","Geranium viscosissimum",0.0487804878048781,"positive",5,9,5,5,11,7,5,7,0.714285714285714
57,192,7,22,4,0.023,1.9,0.98652,0.07933,"Astragalus agrestis","Geum triflorum",0.025609756097561,"random",5,9,5,4,7,4,3,6,0.5
57,193,7,14,2,0.015,1.2,0.90758,0.34194,"Astragalus agrestis","Glycyrrhiza lepidota",0.00975609756097561,"random",5,9,5,6,8,3,3,5,0.6
57,195,7,13,1,0.014,1.1,0.69371,0.71621,"Astragalus agrestis","Grindelia squarrosa",-0.00121951219512195,"random",5,9,5,7,11,5,3,7,0.428571428571429
57,196,7,14,2,0.015,1.2,0.90758,0.34194,"Astragalus agrestis","Gutierrezia sarothrae",0.00975609756097561,"random",5,9,5,6,9,4,4,5,0.8
57,200,7,16,3,0.017,1.4,0.97549,0.13068,"Astragalus agrestis","Hedysarum boreale",0.0195121951219512,"random",5,9,5,4,10,7,5,7,0.714285714285714
57,208,7,13,0,0.014,1.1,0.28379,1,"Astragalus agrestis","Heterotheca villosa",-0.0134146341463415,"random",5,9,5,6,10,5,4,6,0.666666666666667
57,233,7,14,0,0.015,1.2,0.255,1,"Astragalus agrestis","Liatris punctata",-0.0146341463414634,"random",5,9,5,7,10,4,3,6,0.5
57,239,7,23,1,0.024,2,0.36232,0.91027,"Astragalus agrestis","Linum lewisii",-0.0121951219512195,"random",5,9,5,5,10,6,5,6,0.833333333333333
57,241,7,13,4,0.014,1.1,0.99917,0.01068,"Astragalus agrestis","Lithospermum ruderale",0.0353658536585366,"positive",5,9,5,5,7,3,3,5,0.6
57,246,7,12,2,0.012,1,0.93929,0.27082,"Astragalus agrestis","Lonicera dioica",0.0121951219512195,"random",5,9,5,6,7,2,2,5,0.4
57,258,7,30,3,0.031,2.6,0.78233,0.50678,"Astragalus agrestis","Maianthemum stellatum",0.0048780487804878,"random",5,9,5,5,7,3,3,5,0.6
57,265,7,14,1,0.015,1.2,0.65806,0.745,"Astragalus agrestis","Melilotus officinalis",-0.0024390243902439,"random",5,9,5,5,11,7,5,7,0.714285714285714
57,275,7,18,4,0.019,1.5,0.99514,0.0384,"Astragalus agrestis","Monarda fistulosa",0.0304878048780488,"positive",5,9,5,5,9,5,5,5,1
57,285,7,13,4,0.014,1.1,0.99917,0.01068,"Astragalus agrestis","Oenothera suffrutescens",0.0353658536585366,"positive",5,9,5,5,8,4,4,5,0.8
57,286,7,15,0,0.016,1.3,0.22875,1,"Astragalus agrestis","Opuntia polyacantha",-0.0158536585365854,"random",5,9,5,5,8,4,4,5,0.8
57,310,7,15,2,0.016,1.3,0.88923,0.3775,"Astragalus agrestis","Penstemon nitidus",0.00853658536585366,"random",5,9,5,4,7,4,3,6,0.5
57,321,7,15,2,0.016,1.3,0.88923,0.3775,"Astragalus agrestis","Phlox hoodii",0.00853658536585366,"random",5,9,5,3,10,8,5,8,0.625
57,342,7,17,1,0.018,1.5,0.55247,0.81688,"Astragalus agrestis","Populus tremuloides",-0.00609756097560976,"random",5,9,5,4,4,1,0,6,0
57,354,7,23,4,0.024,2,0.98323,0.09249,"Astragalus agrestis","Prunus virginiana",0.024390243902439,"random",5,9,5,4,7,4,3,6,0.5
57,356,7,25,4,0.026,2.1,0.97491,0.12245,"Astragalus agrestis","Pulsatilla nuttalliana",0.0231707317073171,"random",5,9,5,3,11,9,5,9,0.555555555555556
57,376,7,18,4,0.019,1.5,0.99514,0.0384,"Astragalus agrestis","Rosa woodsii",0.0304878048780488,"positive",5,9,5,6,8,3,3,5,0.6
57,409,7,25,3,0.026,2.1,0.87755,0.36142,"Astragalus agrestis","Shepherdia canadensis",0.0109756097560976,"random",5,9,5,4,5,2,1,6,0.166666666666667
57,430,7,30,4,0.031,2.6,0.94164,0.21767,"Astragalus agrestis","Symphoricarpos occidentalis",0.0170731707317073,"random",5,9,5,6,8,3,3,5,0.6
57,434,7,16,3,0.017,1.4,0.97549,0.13068,"Astragalus agrestis","Symphyotrichum laeve",0.0195121951219512,"random",5,9,5,6,10,5,4,6,0.666666666666667
57,438,7,12,2,0.012,1,0.93929,0.27082,"Astragalus agrestis","Taraxacum officinale",0.0121951219512195,"random",5,9,5,3,11,9,5,9,0.555555555555556
57,442,7,30,5,0.031,2.6,0.99134,0.05836,"Astragalus agrestis","Thermopsis rhombifolia",0.0292682926829268,"random",5,9,5,4,7,4,3,6,0.5
57,448,7,18,1,0.019,1.5,0.51838,0.8366,"Astragalus agrestis","Tragopogon dubius",-0.00609756097560976,"random",5,9,5,5,10,6,5,6,0.833333333333333
57,454,7,18,1,0.019,1.5,0.51838,0.8366,"Astragalus agrestis","Trifolium pratense",-0.00609756097560976,"random",5,9,5,6,10,5,4,6,0.666666666666667
57,475,7,16,3,0.017,1.4,0.97549,0.13068,"Astragalus agrestis","Vicia americana",0.0195121951219512,"random",5,9,5,5,9,5,5,5,1
57,476,7,14,2,0.015,1.2,0.90758,0.34194,"Astragalus agrestis","Vicia cracca",0.00975609756097561,"random",5,9,5,5,11,7,5,7,0.714285714285714
57,477,7,15,2,0.016,1.3,0.88923,0.3775,"Astragalus agrestis","Viola adunca",0.00853658536585366,"random",5,9,5,4,9,6,5,6,0.833333333333333
57,488,7,14,0,0.015,1.2,0.255,1,"Astragalus agrestis","Zizia aptera",-0.0146341463414634,"random",5,9,5,5,7,3,3,5,0.6
58,82,5,20,0,0.015,1.2,0.23716,1,"Astragalus alpinus","Bromus inermis",-0.0146341463414634,"random",5,8,4,6,10,5,3,6,0.5
58,86,5,23,1,0.017,1.4,0.56713,0.81652,"Astragalus alpinus","Campanula alaskana",-0.0048780487804878,"random",5,8,4,6,10,5,3,6,0.5
58,112,5,19,1,0.014,1.2,0.67239,0.74239,"Astragalus alpinus","Cirsium arvense",-0.0024390243902439,"random",5,8,4,6,9,4,3,5,0.6
58,123,5,19,0,0.014,1.2,0.25761,1,"Astragalus alpinus","Comandra umbellata",-0.0146341463414634,"random",5,8,4,5,7,3,3,4,0.75
58,129,5,28,0,0.021,1.7,0.11591,1,"Astragalus alpinus","Cornus sericea",-0.0207317073170732,"random",5,8,4,5,8,4,4,4,1
58,141,5,34,3,0.025,2.1,0.90822,0.33917,"Astragalus alpinus","Dasiphora fruticosa",0.0109756097560976,"random",5,8,4,5,10,6,4,6,0.666666666666667
58,160,5,32,1,0.024,2,0.34775,0.92235,"Astragalus alpinus","Elaeagnus commutata",-0.0121951219512195,"random",5,8,4,5,9,5,4,5,0.8
58,171,5,21,0,0.016,1.3,0.21803,1,"Astragalus alpinus","Eriogonum flavum",-0.0158536585365854,"random",5,8,4,5,9,5,4,5,0.8
58,181,5,23,4,0.017,1.4,0.99877,0.02038,"Astragalus alpinus","Fragaria virginiana",0.0317073170731707,"positive",5,8,4,5,11,7,4,7,0.571428571428571
58,183,5,22,0,0.016,1.3,0.20016,1,"Astragalus alpinus","Gaillardia aristata",-0.0158536585365854,"random",5,8,4,6,10,5,3,6,0.5
58,186,5,28,0,0.021,1.7,0.11591,1,"Astragalus alpinus","Galium boreale",-0.0207317073170732,"random",5,8,4,6,8,3,3,4,0.75
58,192,5,22,0,0.016,1.3,0.20016,1,"Astragalus alpinus","Geum triflorum",-0.0158536585365854,"random",5,8,4,4,7,4,3,5,0.6
58,239,5,23,0,0.017,1.4,0.18348,1,"Astragalus alpinus","Linum lewisii",-0.0170731707317073,"random",5,8,4,5,10,6,4,6,0.666666666666667
58,258,5,30,0,0.022,1.8,0.09525,1,"Astragalus alpinus","Maianthemum stellatum",-0.0219512195121951,"random",5,8,4,5,7,3,3,4,0.75
58,275,5,18,0,0.013,1.1,0.27944,1,"Astragalus alpinus","Monarda fistulosa",-0.0134146341463415,"random",5,8,4,5,9,5,4,5,0.8
58,342,5,17,0,0.013,1,0.30272,1,"Astragalus alpinus","Populus tremuloides",-0.0121951219512195,"random",5,8,4,4,4,1,0,5,0
58,354,5,23,0,0.017,1.4,0.18348,1,"Astragalus alpinus","Prunus virginiana",-0.0170731707317073,"random",5,8,4,4,7,4,3,5,0.6
58,356,5,25,0,0.019,1.5,0.15346,1,"Astragalus alpinus","Pulsatilla nuttalliana",-0.0182926829268293,"random",5,8,4,3,11,9,4,9,0.444444444444444
58,376,5,18,0,0.013,1.1,0.27944,1,"Astragalus alpinus","Rosa woodsii",-0.0134146341463415,"random",5,8,4,6,8,3,3,4,0.75
58,409,5,25,3,0.019,1.5,0.97163,0.16291,"Astragalus alpinus","Shepherdia canadensis",0.0182926829268293,"random",5,8,4,4,5,2,1,5,0.2
58,430,5,30,0,0.022,1.8,0.09525,1,"Astragalus alpinus","Symphoricarpos occidentalis",-0.0219512195121951,"random",5,8,4,6,8,3,3,4,0.75
58,442,5,30,0,0.022,1.8,0.09525,1,"Astragalus alpinus","Thermopsis rhombifolia",-0.0219512195121951,"random",5,8,4,4,7,4,3,5,0.6
58,448,5,18,1,0.013,1.1,0.69859,0.72056,"Astragalus alpinus","Tragopogon dubius",-0.00121951219512195,"random",5,8,4,5,10,6,4,6,0.666666666666667
58,454,5,18,3,0.013,1.1,0.99251,0.06778,"Astragalus alpinus","Trifolium pratense",0.0231707317073171,"random",5,8,4,6,10,5,3,6,0.5
60,86,4,23,0,0.014,1.1,0.26021,1,"Astragalus canadensis","Campanula alaskana",-0.0134146341463415,"random",6,9,4,6,10,5,4,5,0.8
60,129,4,28,3,0.017,1.4,0.98829,0.11285,"Astragalus canadensis","Cornus sericea",0.0195121951219512,"random",6,9,4,5,8,4,3,5,0.6
60,141,4,34,2,0.02,1.7,0.80926,0.55253,"Astragalus canadensis","Dasiphora fruticosa",0.00365853658536585,"random",6,9,4,5,10,6,4,6,0.666666666666667
60,160,4,32,3,0.019,1.6,0.97944,0.16235,"Astragalus canadensis","Elaeagnus commutata",0.0170731707317073,"random",6,9,4,5,9,5,4,5,0.8
60,171,4,21,1,0.012,1,0.73048,0.70164,"Astragalus canadensis","Eriogonum flavum",0,"random",6,9,4,5,9,5,4,5,0.8
60,181,4,23,0,0.014,1.1,0.26021,1,"Astragalus canadensis","Fragaria virginiana",-0.0134146341463415,"random",6,9,4,5,11,7,4,7,0.571428571428571
60,183,4,22,3,0.013,1.1,0.99582,0.05701,"Astragalus canadensis","Gaillardia aristata",0.0231707317073171,"random",6,9,4,6,10,5,4,5,0.8
60,186,4,28,1,0.017,1.4,0.57789,0.81919,"Astragalus canadensis","Galium boreale",-0.0048780487804878,"random",6,9,4,6,8,3,3,4,0.75
60,192,4,22,0,0.013,1.1,0.2788,1,"Astragalus canadensis","Geum triflorum",-0.0134146341463415,"random",6,9,4,4,7,4,2,6,0.333333333333333
60,239,4,23,4,0.014,1.1,1,0.00506,"Astragalus canadensis","Linum lewisii",0.0353658536585366,"positive",6,9,4,5,10,6,4,6,0.666666666666667
60,258,4,30,0,0.018,1.5,0.15478,1,"Astragalus canadensis","Maianthemum stellatum",-0.0182926829268293,"random",6,9,4,5,7,3,2,5,0.4
60,354,4,23,0,0.014,1.1,0.26021,1,"Astragalus canadensis","Prunus virginiana",-0.0134146341463415,"random",6,9,4,4,7,4,2,6,0.333333333333333
60,356,4,25,1,0.015,1.2,0.64407,0.77416,"Astragalus canadensis","Pulsatilla nuttalliana",-0.0024390243902439,"random",6,9,4,3,11,9,4,9,0.444444444444444
60,409,4,25,0,0.015,1.2,0.22584,1,"Astragalus canadensis","Shepherdia canadensis",-0.0146341463414634,"random",6,9,4,4,5,2,0,6,0
60,430,4,30,3,0.018,1.5,0.98433,0.13637,"Astragalus canadensis","Symphoricarpos occidentalis",0.0182926829268293,"random",6,9,4,6,8,3,3,4,0.75
60,442,4,30,1,0.018,1.5,0.53384,0.84522,"Astragalus canadensis","Thermopsis rhombifolia",-0.00609756097560976,"random",6,9,4,4,7,4,2,6,0.333333333333333
61,67,9,15,0,0.02,1.6,0.1459,1,"Astragalus cicer","Astragalus laxmannii",-0.0195121951219512,"random",6,10,5,6,8,3,3,5,0.6
61,81,9,11,2,0.015,1.2,0.90308,0.34652,"Astragalus cicer","Bouteloua gracilis",0.00975609756097561,"random",6,10,5,6,10,5,5,5,1
61,82,9,20,1,0.027,2.2,0.29998,0.93077,"Astragalus cicer","Bromus inermis",-0.0146341463414634,"random",6,10,5,6,10,5,5,5,1
61,86,9,23,3,0.031,2.5,0.78373,0.48856,"Astragalus cicer","Campanula alaskana",0.00609756097560976,"random",6,10,5,6,10,5,5,5,1
61,107,9,16,2,0.021,1.8,0.75879,0.56011,"Astragalus cicer","Chamaenerion angustifolium",0.0024390243902439,"random",6,10,5,6,9,4,4,5,0.8
61,112,9,19,6,0.025,2.1,0.99965,0.00403,"Astragalus cicer","Cirsium arvense",0.0475609756097561,"positive",6,10,5,6,9,4,4,5,0.8
61,123,9,19,2,0.025,2.1,0.6547,0.66814,"Astragalus cicer","Comandra umbellata",-0.00121951219512195,"random",6,10,5,5,7,3,2,6,0.333333333333333
61,129,9,28,3,0.037,3.1,0.63472,0.654,"Astragalus cicer","Cornus sericea",-0.00121951219512195,"random",6,10,5,5,8,4,3,6,0.5
61,141,9,34,4,0.046,3.7,0.71201,0.55897,"Astragalus cicer","Dasiphora fruticosa",0.00365853658536585,"random",6,10,5,5,10,6,5,6,0.833333333333333
61,160,9,32,6,0.043,3.5,0.98404,0.07657,"Astragalus cicer","Elaeagnus commutata",0.0304878048780488,"random",6,10,5,5,9,5,4,6,0.666666666666667
61,171,9,21,1,0.028,2.3,0.2702,0.94082,"Astragalus cicer","Eriogonum flavum",-0.0158536585365854,"random",6,10,5,5,9,5,4,6,0.666666666666667
61,181,9,23,2,0.031,2.5,0.51144,0.78308,"Astragalus cicer","Fragaria virginiana",-0.00609756097560976,"random",6,10,5,5,11,7,5,7,0.714285714285714
61,183,9,22,4,0.029,2.4,0.94637,0.18996,"Astragalus cicer","Gaillardia aristata",0.0195121951219512,"random",6,10,5,6,10,5,5,5,1
61,186,9,28,5,0.037,3.1,0.96173,0.14433,"Astragalus cicer","Galium boreale",0.0231707317073171,"random",6,10,5,6,8,3,3,5,0.6
61,190,9,12,2,0.016,1.3,0.87847,0.39152,"Astragalus cicer","Geranium viscosissimum",0.00853658536585366,"random",6,10,5,5,11,7,5,7,0.714285714285714
61,192,9,22,2,0.029,2.4,0.54696,0.75747,"Astragalus cicer","Geum triflorum",-0.0048780487804878,"random",6,10,5,4,7,4,2,7,0.285714285714286
61,193,9,14,2,0.019,1.5,0.82234,0.4787,"Astragalus cicer","Glycyrrhiza lepidota",0.00609756097560976,"random",6,10,5,6,8,3,3,5,0.6
61,195,9,13,2,0.017,1.4,0.85147,0.43569,"Astragalus cicer","Grindelia squarrosa",0.00731707317073171,"random",6,10,5,7,11,5,4,6,0.666666666666667
61,196,9,14,2,0.019,1.5,0.82234,0.4787,"Astragalus cicer","Gutierrezia sarothrae",0.00609756097560976,"random",6,10,5,6,9,4,4,5,0.8
61,199,9,11,1,0.015,1.2,0.65348,0.74587,"Astragalus cicer","Hedysarum alpinum",-0.0024390243902439,"random",6,10,5,5,9,5,4,6,0.666666666666667
61,200,9,16,1,0.021,1.8,0.43989,0.87369,"Astragalus cicer","Hedysarum boreale",-0.00975609756097561,"random",6,10,5,4,10,7,5,7,0.714285714285714
61,208,9,13,0,0.017,1.4,0.19339,1,"Astragalus cicer","Heterotheca villosa",-0.0170731707317073,"random",6,10,5,6,10,5,5,5,1
61,233,9,14,0,0.019,1.5,0.16816,1,"Astragalus cicer","Liatris punctata",-0.0182926829268293,"random",6,10,5,7,10,4,4,5,0.8
61,236,9,11,4,0.015,1.2,0.99838,0.01629,"Astragalus cicer","Linaria vulgaris",0.0341463414634146,"positive",6,10,5,5,10,6,5,6,0.833333333333333
61,239,9,23,3,0.031,2.5,0.78373,0.48856,"Astragalus cicer","Linum lewisii",0.00609756097560976,"random",6,10,5,5,10,6,5,6,0.833333333333333
61,241,9,13,1,0.017,1.4,0.56431,0.80661,"Astragalus cicer","Lithospermum ruderale",-0.0048780487804878,"random",6,10,5,5,7,3,2,6,0.333333333333333
61,246,9,12,1,0.016,1.3,0.60848,0.77808,"Astragalus cicer","Lonicera dioica",-0.00365853658536585,"random",6,10,5,6,7,2,2,5,0.4
61,258,9,30,4,0.04,3.3,0.81327,0.42977,"Astragalus cicer","Maianthemum stellatum",0.00853658536585366,"random",6,10,5,5,7,3,2,6,0.333333333333333
61,261,9,10,2,0.013,1.1,0.92507,0.30114,"Astragalus cicer","Medicago lupulina",0.0109756097560976,"random",6,10,5,5,11,7,5,7,0.714285714285714
61,262,9,10,3,0.013,1.1,0.98905,0.07493,"Astragalus cicer","Medicago sativa",0.0231707317073171,"random",6,10,5,5,10,6,5,6,0.833333333333333
61,265,9,14,3,0.019,1.5,0.95829,0.17766,"Astragalus cicer","Melilotus officinalis",0.0182926829268293,"random",6,10,5,5,11,7,5,7,0.714285714285714
61,275,9,18,1,0.024,2,0.36584,0.90602,"Astragalus cicer","Monarda fistulosa",-0.0121951219512195,"random",6,10,5,5,9,5,4,6,0.666666666666667
61,278,9,11,0,0.015,1.2,0.25413,1,"Astragalus cicer","Musineon divaricatum",-0.0146341463414634,"random",6,10,5,4,7,4,2,7,0.285714285714286
61,285,9,13,1,0.017,1.4,0.56431,0.80661,"Astragalus cicer","Oenothera suffrutescens",-0.0048780487804878,"random",6,10,5,5,8,4,3,6,0.5
61,286,9,15,0,0.02,1.6,0.1459,1,"Astragalus cicer","Opuntia polyacantha",-0.0195121951219512,"random",6,10,5,5,8,4,3,6,0.5
61,310,9,15,1,0.02,1.6,0.47975,0.8541,"Astragalus cicer","Penstemon nitidus",-0.00731707317073171,"random",6,10,5,4,7,4,2,7,0.285714285714286
61,321,9,15,2,0.02,1.6,0.79135,0.52025,"Astragalus cicer","Phlox hoodii",0.0048780487804878,"random",6,10,5,3,10,8,5,8,0.625
61,342,9,17,1,0.023,1.9,0.40188,0.89092,"Astragalus cicer","Populus tremuloides",-0.0109756097560976,"random",6,10,5,4,4,1,0,7,0
61,343,9,10,3,0.013,1.1,0.98905,0.07493,"Astragalus cicer","Potentilla concinna",0.0231707317073171,"random",6,10,5,4,6,3,1,7,0.142857142857143
61,354,9,23,2,0.031,2.5,0.51144,0.78308,"Astragalus cicer","Prunus virginiana",-0.00609756097560976,"random",6,10,5,4,7,4,2,7,0.285714285714286
61,356,9,25,2,0.033,2.7,0.44232,0.82834,"Astragalus cicer","Pulsatilla nuttalliana",-0.00853658536585366,"random",6,10,5,3,11,9,5,9,0.555555555555556
61,358,9,10,0,0.013,1.1,0.29044,1,"Astragalus cicer","Pyrola asarifolia",-0.0134146341463415,"random",6,10,5,6,9,4,4,5,0.8
61,368,9,10,0,0.013,1.1,0.29044,1,"Astragalus cicer","Rhus aromatica",-0.0134146341463415,"random",6,10,5,5,5,1,0,6,0
61,376,9,18,5,0.024,2,0.99713,0.02144,"Astragalus cicer","Rosa woodsii",0.0365853658536585,"positive",6,10,5,6,8,3,3,5,0.6
61,390,9,10,3,0.013,1.1,0.98905,0.07493,"Astragalus cicer","Salix interior",0.0231707317073171,"random",6,10,5,5,7,3,2,6,0.333333333333333
61,409,9,25,4,0.033,2.7,0.90787,0.27288,"Astragalus cicer","Shepherdia canadensis",0.0158536585365854,"random",6,10,5,4,5,2,0,7,0
61,430,9,30,5,0.04,3.3,0.94492,0.18673,"Astragalus cicer","Symphoricarpos occidentalis",0.0207317073170732,"random",6,10,5,6,8,3,3,5,0.6
61,434,9,16,2,0.021,1.8,0.75879,0.56011,"Astragalus cicer","Symphyotrichum laeve",0.0024390243902439,"random",6,10,5,6,10,5,5,5,1
61,438,9,12,2,0.016,1.3,0.87847,0.39152,"Astragalus cicer","Taraxacum officinale",0.00853658536585366,"random",6,10,5,3,11,9,5,9,0.555555555555556
61,442,9,30,3,0.04,3.3,0.57023,0.71182,"Astragalus cicer","Thermopsis rhombifolia",-0.00365853658536585,"random",6,10,5,4,7,4,2,7,0.285714285714286
61,444,9,10,1,0.013,1.1,0.69886,0.70956,"Astragalus cicer","Thlaspi arvense",-0.00121951219512195,"random",6,10,5,4,9,6,4,7,0.571428571428571
61,448,9,18,4,0.024,2,0.97856,0.10106,"Astragalus cicer","Tragopogon dubius",0.024390243902439,"random",6,10,5,5,10,6,5,6,0.833333333333333
61,454,9,18,6,0.024,2,0.99977,0.00287,"Astragalus cicer","Trifolium pratense",0.0487804878048781,"positive",6,10,5,6,10,5,5,5,1
61,475,9,16,1,0.021,1.8,0.43989,0.87369,"Astragalus cicer","Vicia americana",-0.00975609756097561,"random",6,10,5,5,9,5,4,6,0.666666666666667
61,476,9,14,5,0.019,1.5,0.99946,0.0061,"Astragalus cicer","Vicia cracca",0.0426829268292683,"positive",6,10,5,5,11,7,5,7,0.714285714285714
61,477,9,15,2,0.02,1.6,0.79135,0.52025,"Astragalus cicer","Viola adunca",0.0048780487804878,"random",6,10,5,4,9,6,4,7,0.571428571428571
61,488,9,14,1,0.019,1.5,0.5213,0.83184,"Astragalus cicer","Zizia aptera",-0.00609756097560976,"random",6,10,5,5,7,3,2,6,0.333333333333333
65,129,3,28,1,0.012,1,0.73252,0.71992,"Astragalus gilviflorus","Cornus sericea",0,"random",4,6,3,5,8,4,2,5,0.4
65,141,3,34,2,0.015,1.2,0.93243,0.37164,"Astragalus gilviflorus","Dasiphora fruticosa",0.00975609756097561,"random",4,6,3,5,10,6,2,7,0.285714285714286
65,160,3,32,1,0.014,1.2,0.66396,0.77868,"Astragalus gilviflorus","Elaeagnus commutata",-0.0024390243902439,"random",4,6,3,5,9,5,2,6,0.333333333333333
65,186,3,28,2,0.012,1,0.96301,0.26748,"Astragalus gilviflorus","Galium boreale",0.0121951219512195,"random",4,6,3,6,8,3,1,5,0.2
65,258,3,30,2,0.013,1.1,0.95416,0.30126,"Astragalus gilviflorus","Maianthemum stellatum",0.0109756097560976,"random",4,6,3,5,7,3,2,4,0.5
65,430,3,30,2,0.013,1.1,0.95416,0.30126,"Astragalus gilviflorus","Symphoricarpos occidentalis",0.0109756097560976,"random",4,6,3,6,8,3,1,5,0.2
65,442,3,30,3,0.013,1.1,1,0.04584,"Astragalus gilviflorus","Thermopsis rhombifolia",0.0231707317073171,"positive",4,6,3,4,7,4,3,4,0.75
66,129,3,28,0,0.012,1,0.28008,1,"Astragalus kentrophyta","Cornus sericea",-0.0121951219512195,"random",5,7,3,5,8,4,3,4,0.75
66,141,3,34,0,0.015,1.2,0.1953,1,"Astragalus kentrophyta","Dasiphora fruticosa",-0.0146341463414634,"random",5,7,3,5,10,6,3,6,0.5
66,160,3,32,1,0.014,1.2,0.66396,0.77868,"Astragalus kentrophyta","Elaeagnus commutata",-0.0024390243902439,"random",5,7,3,5,9,5,3,5,0.6
66,186,3,28,0,0.012,1,0.28008,1,"Astragalus kentrophyta","Galium boreale",-0.0121951219512195,"random",5,7,3,6,8,3,2,4,0.5
66,258,3,30,2,0.013,1.1,0.95416,0.30126,"Astragalus kentrophyta","Maianthemum stellatum",0.0109756097560976,"random",5,7,3,5,7,3,3,3,1
66,430,3,30,0,0.013,1.1,0.24955,1,"Astragalus kentrophyta","Symphoricarpos occidentalis",-0.0134146341463415,"random",5,7,3,6,8,3,2,4,0.5
66,442,3,30,2,0.013,1.1,0.95416,0.30126,"Astragalus kentrophyta","Thermopsis rhombifolia",0.0109756097560976,"random",5,7,3,4,7,4,3,4,0.75
67,81,15,11,2,0.025,2,0.67806,0.64257,"Astragalus laxmannii","Bouteloua gracilis",0,"random",6,8,3,6,10,5,3,5,0.6
67,82,15,20,3,0.045,3.7,0.47312,0.77394,"Astragalus laxmannii","Bromus inermis",-0.00853658536585366,"random",6,8,3,6,10,5,3,5,0.6
67,86,15,23,8,0.051,4.2,0.99566,0.02112,"Astragalus laxmannii","Campanula alaskana",0.0463414634146341,"positive",6,8,3,6,10,5,3,5,0.6
67,87,15,7,1,0.016,1.3,0.6225,0.77125,"Astragalus laxmannii","Campanula rapunculoides",-0.00365853658536585,"random",6,8,3,6,10,5,3,5,0.6
67,89,15,8,3,0.018,1.5,0.96629,0.157,"Astragalus laxmannii","Caragana arborescens",0.0182926829268293,"random",6,8,3,5,6,2,1,4,0.25
67,107,15,16,0,0.036,2.9,0.02692,1,"Astragalus laxmannii","Chamaenerion angustifolium",-0.0353658536585366,"negative",6,8,3,6,9,4,3,4,0.75
67,112,15,19,2,0.042,3.5,0.26312,0.91648,"Astragalus laxmannii","Cirsium arvense",-0.0182926829268293,"random",6,8,3,6,9,4,3,4,0.75
67,117,15,8,4,0.018,1.5,0.99564,0.03371,"Astragalus laxmannii","Cirsium undulatum",0.0304878048780488,"positive",6,8,3,6,9,4,3,4,0.75
67,118,15,8,0,0.018,1.5,0.183,1,"Astragalus laxmannii","Cirsium vulgare",-0.0182926829268293,"random",6,8,3,7,11,5,2,6,0.333333333333333
67,121,15,8,0,0.018,1.5,0.183,1,"Astragalus laxmannii","Clematis tangutica",-0.0182926829268293,"random",6,8,3,6,10,5,3,5,0.6
67,123,15,19,5,0.042,3.5,0.9111,0.238,"Astragalus laxmannii","Comandra umbellata",0.0182926829268293,"random",6,8,3,5,7,3,2,4,0.5
67,129,15,28,4,0.062,5.1,0.36138,0.83525,"Astragalus laxmannii","Cornus sericea",-0.0134146341463415,"random",6,8,3,5,8,4,3,4,0.75
67,135,15,7,2,0.016,1.3,0.88923,0.3775,"Astragalus laxmannii","Cypripedium parviflorum",0.00853658536585366,"random",6,8,3,5,7,3,2,4,0.5
67,140,15,7,3,0.016,1.3,0.98096,0.11077,"Astragalus laxmannii","Dalea purpurea",0.0207317073170732,"random",6,8,3,6,9,4,3,4,0.75
67,141,15,34,4,0.076,6.2,0.15957,0.94556,"Astragalus laxmannii","Dasiphora fruticosa",-0.0268292682926829,"random",6,8,3,5,10,6,3,6,0.5
67,160,15,32,5,0.071,5.9,0.42361,0.78393,"Astragalus laxmannii","Elaeagnus commutata",-0.0109756097560976,"random",6,8,3,5,9,5,3,5,0.6
67,171,15,21,9,0.047,3.8,0.99977,0.00187,"Astragalus laxmannii","Eriogonum flavum",0.0634146341463415,"positive",6,8,3,5,9,5,3,5,0.6
67,181,15,23,3,0.051,4.2,0.33634,0.86258,"Astragalus laxmannii","Fragaria virginiana",-0.0146341463414634,"random",6,8,3,5,11,7,3,7,0.428571428571429
67,183,15,22,6,0.049,4,0.94094,0.16972,"Astragalus laxmannii","Gaillardia aristata",0.024390243902439,"random",6,8,3,6,10,5,3,5,0.6
67,184,15,6,1,0.013,1.1,0.69871,0.715,"Astragalus laxmannii","Galearis rotundifolia",-0.00121951219512195,"random",6,8,3,6,7,2,2,3,0.666666666666667
67,186,15,28,5,0.062,5.1,0.59735,0.63862,"Astragalus laxmannii","Galium boreale",-0.00121951219512195,"random",6,8,3,6,8,3,3,3,1
67,190,15,12,1,0.027,2.2,0.30505,0.92762,"Astragalus laxmannii","Geranium viscosissimum",-0.0146341463414634,"random",6,8,3,5,11,7,3,7,0.428571428571429
67,192,15,22,2,0.049,4,0.16337,0.95638,"Astragalus laxmannii","Geum triflorum",-0.024390243902439,"random",6,8,3,4,7,4,2,5,0.4
67,193,15,14,2,0.031,2.6,0.504,0.7824,"Astragalus laxmannii","Glycyrrhiza lepidota",-0.00731707317073171,"random",6,8,3,6,8,3,3,3,1
67,195,15,13,4,0.029,2.4,0.94475,0.18608,"Astragalus laxmannii","Grindelia squarrosa",0.0195121951219512,"random",6,8,3,7,11,5,2,6,0.333333333333333
67,196,15,14,4,0.031,2.6,0.92389,0.23007,"Astragalus laxmannii","Gutierrezia sarothrae",0.0170731707317073,"random",6,8,3,6,9,4,3,4,0.75
67,199,15,11,2,0.025,2,0.67806,0.64257,"Astragalus laxmannii","Hedysarum alpinum",0,"random",6,8,3,5,9,5,3,5,0.6
67,200,15,16,4,0.036,2.9,0.87009,0.32603,"Astragalus laxmannii","Hedysarum boreale",0.0134146341463415,"random",6,8,3,4,10,7,3,7,0.428571428571429
67,202,15,6,4,0.013,1.1,0.99941,0.00921,"Astragalus laxmannii","Helianthus annuus",0.0353658536585366,"positive",6,8,3,6,11,6,3,6,0.5
67,206,15,8,1,0.018,1.5,0.549,0.817,"Astragalus laxmannii","Heracleum maximum",-0.00609756097560976,"random",6,8,3,6,8,3,3,3,1
67,208,15,13,7,0.029,2.4,0.99985,0.00159,"Astragalus laxmannii","Heterotheca villosa",0.0560975609756098,"positive",6,8,3,6,10,5,3,5,0.6
67,214,15,6,0,0.013,1.1,0.285,1,"Astragalus laxmannii","Hordeum jubatum",-0.0134146341463415,"random",6,8,3,6,7,2,2,3,0.666666666666667
67,216,15,7,3,0.016,1.3,0.98096,0.11077,"Astragalus laxmannii","Hymenoxys richardsonii",0.0207317073170732,"random",6,8,3,5,7,3,2,4,0.5
67,217,15,7,0,0.016,1.3,0.22875,1,"Astragalus laxmannii","Hyoscyamus niger",-0.0158536585365854,"random",6,8,3,5,10,6,3,6,0.5
67,222,15,7,4,0.016,1.3,0.99816,0.01904,"Astragalus laxmannii","Krascheninnikovia lanata",0.0329268292682927,"positive",6,8,3,5,9,4,3,5,0.6
67,233,15,14,7,0.031,2.6,0.99968,0.00286,"Astragalus laxmannii","Liatris punctata",0.0536585365853659,"positive",6,8,3,7,10,4,2,5,0.4
67,236,15,11,2,0.025,2,0.67806,0.64257,"Astragalus laxmannii","Linaria vulgaris",0,"random",6,8,3,5,10,6,3,6,0.5
67,239,15,23,7,0.051,4.2,0.97888,0.07566,"Astragalus laxmannii","Linum lewisii",0.0341463414634146,"random",6,8,3,5,10,6,3,6,0.5
67,240,15,6,2,0.013,1.1,0.92854,0.30129,"Astragalus laxmannii","Lithospermum incisum",0.0109756097560976,"random",6,8,3,4,6,3,1,5,0.2
67,241,15,13,1,0.029,2.4,0.25852,0.94313,"Astragalus laxmannii","Lithospermum ruderale",-0.0170731707317073,"random",6,8,3,5,7,3,2,4,0.5
67,246,15,12,2,0.027,2.2,0.61935,0.69495,"Astragalus laxmannii","Lonicera dioica",-0.0024390243902439,"random",6,8,3,6,7,2,2,3,0.666666666666667
67,250,15,6,0,0.013,1.1,0.285,1,"Astragalus laxmannii","Lotus corniculatus",-0.0134146341463415,"random",6,8,3,5,9,5,3,5,0.6
67,253,15,7,3,0.016,1.3,0.98096,0.11077,"Astragalus laxmannii","Lygodesmia juncea",0.0207317073170732,"random",6,8,3,6,10,5,3,5,0.6
67,258,15,30,6,0.067,5.5,0.72899,0.49018,"Astragalus laxmannii","Maianthemum stellatum",0.00609756097560976,"random",6,8,3,5,7,3,2,4,0.5
67,261,15,10,2,0.022,1.8,0.73586,0.58427,"Astragalus laxmannii","Medicago lupulina",0.0024390243902439,"random",6,8,3,5,11,7,3,7,0.428571428571429
67,262,15,10,1,0.022,1.8,0.41573,0.88408,"Astragalus laxmannii","Medicago sativa",-0.00975609756097561,"random",6,8,3,5,10,6,3,6,0.5
67,264,15,9,1,0.02,1.6,0.47975,0.8541,"Astragalus laxmannii","Melilotus albus",-0.00731707317073171,"random",6,8,3,6,11,6,3,6,0.5
67,265,15,14,5,0.031,2.6,0.98229,0.07611,"Astragalus laxmannii","Melilotus officinalis",0.0292682926829268,"random",6,8,3,5,11,7,3,7,0.428571428571429
67,275,15,18,4,0.04,3.3,0.80124,0.42705,"Astragalus laxmannii","Monarda fistulosa",0.00853658536585366,"random",6,8,3,5,9,5,3,5,0.6
67,278,15,11,3,0.025,2,0.89,0.32194,"Astragalus laxmannii","Musineon divaricatum",0.0121951219512195,"random",6,8,3,4,7,4,2,5,0.4
67,285,15,13,6,0.029,2.4,0.99841,0.01134,"Astragalus laxmannii","Oenothera suffrutescens",0.0439024390243902,"positive",6,8,3,5,8,4,3,4,0.75
67,286,15,15,9,0.033,2.7,1,5e-05,"Astragalus laxmannii","Opuntia polyacantha",0.0768292682926829,"positive",6,8,3,5,8,4,3,4,0.75
67,287,15,6,5,0.013,1.1,0.99999,0.00059,"Astragalus laxmannii","Oreocarya glomerata",0.0475609756097561,"positive",6,8,3,5,8,4,3,4,0.75
67,290,15,9,2,0.02,1.6,0.79135,0.52025,"Astragalus laxmannii","Oxytropis campestris",0.0048780487804878,"random",6,8,3,5,9,5,3,5,0.6
67,292,15,9,2,0.02,1.6,0.79135,0.52025,"Astragalus laxmannii","Oxytropis sericea",0.0048780487804878,"random",6,8,3,5,6,2,1,4,0.25
67,292,15,9,2,0.02,1.6,0.79135,0.52025,"Astragalus laxmannii","Oxytropis sericea",0.0048780487804878,"random",6,8,3,5,6,2,1,4,0.25
67,293,15,6,0,0.013,1.1,0.285,1,"Astragalus laxmannii","Oxytropis splendens",-0.0134146341463415,"random",6,8,3,6,8,3,3,3,1
67,304,15,8,5,0.018,1.5,0.99968,0.00436,"Astragalus laxmannii","Pelecyphora vivipara",0.0426829268292683,"positive",6,8,3,5,7,3,2,4,0.5
67,307,15,6,0,0.013,1.1,0.285,1,"Astragalus laxmannii","Penstemon confertus",-0.0134146341463415,"random",6,8,3,6,8,3,3,3,1
67,310,15,15,6,0.033,2.7,0.99517,0.0263,"Astragalus laxmannii","Penstemon nitidus",0.0402439024390244,"positive",6,8,3,4,7,4,2,5,0.4
67,315,15,6,0,0.013,1.1,0.285,1,"Astragalus laxmannii","Petasites frigidus",-0.0134146341463415,"random",6,8,3,4,9,6,3,6,0.5
67,320,15,6,1,0.013,1.1,0.69871,0.715,"Astragalus laxmannii","Phleum pratense",-0.00121951219512195,"random",6,8,3,7,7,1,1,3,0.333333333333333
67,321,15,15,3,0.033,2.7,0.723,0.55076,"Astragalus laxmannii","Phlox hoodii",0.00365853658536585,"random",6,8,3,3,10,8,3,8,0.375
67,323,15,6,3,0.013,1.1,0.99079,0.07146,"Astragalus laxmannii","Physaria arenosa",0.0231707317073171,"random",6,8,3,4,7,4,2,5,0.4
67,338,15,6,2,0.013,1.1,0.92854,0.30129,"Astragalus laxmannii","Polygala senega",0.0109756097560976,"random",6,8,3,5,7,3,2,4,0.5
67,340,15,6,0,0.013,1.1,0.285,1,"Astragalus laxmannii","Populus balsamifera",-0.0134146341463415,"random",6,8,3,4,5,2,0,5,0
67,342,15,17,4,0.038,3.1,0.83741,0.37632,"Astragalus laxmannii","Populus tremuloides",0.0109756097560976,"random",6,8,3,4,4,1,0,5,0
67,343,15,10,1,0.022,1.8,0.41573,0.88408,"Astragalus laxmannii","Potentilla concinna",-0.00975609756097561,"random",6,8,3,4,6,3,1,5,0.2
67,354,15,23,4,0.051,4.2,0.58497,0.66366,"Astragalus laxmannii","Prunus virginiana",-0.0024390243902439,"random",6,8,3,4,7,4,2,5,0.4
67,356,15,25,3,0.056,4.6,0.25841,0.9048,"Astragalus laxmannii","Pulsatilla nuttalliana",-0.0195121951219512,"random",6,8,3,3,11,9,3,9,0.333333333333333
67,358,15,10,0,0.022,1.8,0.11592,1,"Astragalus laxmannii","Pyrola asarifolia",-0.0219512195121951,"random",6,8,3,6,9,4,3,4,0.75
67,362,15,6,1,0.013,1.1,0.69871,0.715,"Astragalus laxmannii","Ratibida columnifera",-0.00121951219512195,"random",6,8,3,6,10,5,3,5,0.6
67,368,15,10,5,0.022,1.8,0.99806,0.0155,"Astragalus laxmannii","Rhus aromatica",0.0390243902439024,"positive",6,8,3,5,5,1,0,4,0
67,371,15,7,0,0.016,1.3,0.22875,1,"Astragalus laxmannii","Ribes oxyacanthoides",-0.0158536585365854,"random",6,8,3,5,6,2,1,4,0.25
67,373,15,8,0,0.018,1.5,0.183,1,"Astragalus laxmannii","Rosa acicularis",-0.0182926829268293,"random",6,8,3,5,7,3,2,4,0.5
67,374,15,8,2,0.018,1.5,0.843,0.451,"Astragalus laxmannii","Rosa arkansana",0.00609756097560976,"random",6,8,3,6,9,4,3,4,0.75
67,376,15,18,2,0.04,3.3,0.30408,0.89757,"Astragalus laxmannii","Rosa woodsii",-0.0158536585365854,"random",6,8,3,6,8,3,3,3,1
67,390,15,10,1,0.022,1.8,0.41573,0.88408,"Astragalus laxmannii","Salix interior",-0.00975609756097561,"random",6,8,3,5,7,3,2,4,0.5
67,408,15,8,1,0.018,1.5,0.549,0.817,"Astragalus laxmannii","Shepherdia argentea",-0.00609756097560976,"random",6,8,3,4,5,2,0,5,0
67,409,15,25,3,0.056,4.6,0.25841,0.9048,"Astragalus laxmannii","Shepherdia canadensis",-0.0195121951219512,"random",6,8,3,4,5,2,0,5,0
67,412,15,7,1,0.016,1.3,0.6225,0.77125,"Astragalus laxmannii","Sisymbrium loeselii",-0.00365853658536585,"random",6,8,3,5,10,6,3,6,0.5
67,413,15,7,2,0.016,1.3,0.88923,0.3775,"Astragalus laxmannii","Sisyrinchium montanum",0.00853658536585366,"random",6,8,3,5,8,4,3,4,0.75
67,417,15,8,2,0.018,1.5,0.843,0.451,"Astragalus laxmannii","Solidago missouriensis",0.00609756097560976,"random",6,8,3,6,9,4,3,4,0.75
67,423,15,8,3,0.018,1.5,0.96629,0.157,"Astragalus laxmannii","Sphaeralcea coccinea",0.0182926829268293,"random",6,8,3,5,9,5,3,5,0.6
67,430,15,30,2,0.067,5.5,0.03349,0.99423,"Astragalus laxmannii","Symphoricarpos occidentalis",-0.0426829268292683,"negative",6,8,3,6,8,3,3,3,1
67,434,15,16,3,0.036,2.9,0.67397,0.60262,"Astragalus laxmannii","Symphyotrichum laeve",0.00121951219512195,"random",6,8,3,6,10,5,3,5,0.6
67,437,15,7,0,0.016,1.3,0.22875,1,"Astragalus laxmannii","Tanacetum vulgare",-0.0158536585365854,"random",6,8,3,7,10,4,2,5,0.4
67,438,15,12,2,0.027,2.2,0.61935,0.69495,"Astragalus laxmannii","Taraxacum officinale",-0.0024390243902439,"random",6,8,3,3,11,9,3,9,0.333333333333333
67,442,15,30,7,0.067,5.5,0.88269,0.27101,"Astragalus laxmannii","Thermopsis rhombifolia",0.0182926829268293,"random",6,8,3,4,7,4,2,5,0.4
67,444,15,10,2,0.022,1.8,0.73586,0.58427,"Astragalus laxmannii","Thlaspi arvense",0.0024390243902439,"random",6,8,3,4,9,6,3,6,0.5
67,448,15,18,5,0.04,3.3,0.93145,0.19876,"Astragalus laxmannii","Tragopogon dubius",0.0207317073170732,"random",6,8,3,5,10,6,3,6,0.5
67,454,15,18,2,0.04,3.3,0.30408,0.89757,"Astragalus laxmannii","Trifolium pratense",-0.0158536585365854,"random",6,8,3,6,10,5,3,5,0.6
67,458,15,7,1,0.016,1.3,0.6225,0.77125,"Astragalus laxmannii","Tripleurospermum inodorum",-0.00365853658536585,"random",6,8,3,5,11,7,3,7,0.428571428571429
67,460,15,6,0,0.013,1.1,0.285,1,"Astragalus laxmannii","Typha latifolia",-0.0134146341463415,"random",6,8,3,6,7,2,2,3,0.666666666666667
67,475,15,16,4,0.036,2.9,0.87009,0.32603,"Astragalus laxmannii","Vicia americana",0.0134146341463415,"random",6,8,3,5,9,5,3,5,0.6
67,476,15,14,0,0.031,2.6,0.04451,1,"Astragalus laxmannii","Vicia cracca",-0.0317073170731707,"negative",6,8,3,5,11,7,3,7,0.428571428571429
67,477,15,15,2,0.033,2.7,0.44924,0.81803,"Astragalus laxmannii","Viola adunca",-0.00853658536585366,"random",6,8,3,4,9,6,3,6,0.5
67,479,15,6,3,0.013,1.1,0.99079,0.07146,"Astragalus laxmannii","Viola nuttallii",0.0231707317073171,"random",6,8,3,4,6,3,1,5,0.2
67,488,15,14,2,0.031,2.6,0.504,0.7824,"Astragalus laxmannii","Zizia aptera",-0.00731707317073171,"random",6,8,3,5,7,3,2,4,0.5
70,129,3,28,0,0.012,1,0.28008,1,"Astragalus robbinsii","Cornus sericea",-0.0121951219512195,"random",5,7,3,5,8,4,3,4,0.75
70,141,3,34,2,0.015,1.2,0.93243,0.37164,"Astragalus robbinsii","Dasiphora fruticosa",0.00975609756097561,"random",5,7,3,5,10,6,3,6,0.5
70,160,3,32,0,0.014,1.2,0.22132,1,"Astragalus robbinsii","Elaeagnus commutata",-0.0146341463414634,"random",5,7,3,5,9,5,3,5,0.6
70,186,3,28,0,0.012,1,0.28008,1,"Astragalus robbinsii","Galium boreale",-0.0121951219512195,"random",5,7,3,6,8,3,2,4,0.5
70,258,3,30,0,0.013,1.1,0.24955,1,"Astragalus robbinsii","Maianthemum stellatum",-0.0134146341463415,"random",5,7,3,5,7,3,3,3,1
70,430,3,30,0,0.013,1.1,0.24955,1,"Astragalus robbinsii","Symphoricarpos occidentalis",-0.0134146341463415,"random",5,7,3,6,8,3,2,4,0.5
70,442,3,30,0,0.013,1.1,0.24955,1,"Astragalus robbinsii","Thermopsis rhombifolia",-0.0134146341463415,"random",5,7,3,4,7,4,3,4,0.75
71,129,3,28,1,0.012,1,0.73252,0.71992,"Astragalus tenellus","Cornus sericea",0,"random",5,7,3,5,8,4,3,4,0.75
71,141,3,34,0,0.015,1.2,0.1953,1,"Astragalus tenellus","Dasiphora fruticosa",-0.0146341463414634,"random",5,7,3,5,10,6,3,6,0.5
71,160,3,32,0,0.014,1.2,0.22132,1,"Astragalus tenellus","Elaeagnus commutata",-0.0146341463414634,"random",5,7,3,5,9,5,3,5,0.6
71,186,3,28,0,0.012,1,0.28008,1,"Astragalus tenellus","Galium boreale",-0.0121951219512195,"random",5,7,3,6,8,3,2,4,0.5
71,258,3,30,0,0.013,1.1,0.24955,1,"Astragalus tenellus","Maianthemum stellatum",-0.0134146341463415,"random",5,7,3,5,7,3,3,3,1
71,430,3,30,1,0.013,1.1,0.69874,0.75045,"Astragalus tenellus","Symphoricarpos occidentalis",-0.00121951219512195,"random",5,7,3,6,8,3,2,4,0.5
71,442,3,30,2,0.013,1.1,0.95416,0.30126,"Astragalus tenellus","Thermopsis rhombifolia",0.0109756097560976,"random",5,7,3,4,7,4,3,4,0.75
72,129,3,28,0,0.012,1,0.28008,1,"Atriplex gardneri","Cornus sericea",-0.0121951219512195,"random",5,8,4,5,8,4,4,4,1
72,141,3,34,0,0.015,1.2,0.1953,1,"Atriplex gardneri","Dasiphora fruticosa",-0.0146341463414634,"random",5,8,4,5,10,6,4,6,0.666666666666667
72,160,3,32,0,0.014,1.2,0.22132,1,"Atriplex gardneri","Elaeagnus commutata",-0.0146341463414634,"random",5,8,4,5,9,5,4,5,0.8
72,186,3,28,0,0.012,1,0.28008,1,"Atriplex gardneri","Galium boreale",-0.0121951219512195,"random",5,8,4,6,8,3,3,4,0.75
72,258,3,30,0,0.013,1.1,0.24955,1,"Atriplex gardneri","Maianthemum stellatum",-0.0134146341463415,"random",5,8,4,5,7,3,3,4,0.75
72,430,3,30,0,0.013,1.1,0.24955,1,"Atriplex gardneri","Symphoricarpos occidentalis",-0.0134146341463415,"random",5,8,4,6,8,3,3,4,0.75
72,442,3,30,3,0.013,1.1,1,0.04584,"Atriplex gardneri","Thermopsis rhombifolia",0.0231707317073171,"positive",5,8,4,4,7,4,3,5,0.6
76,82,5,20,1,0.015,1.2,0.64606,0.76284,"Betula occidentalis","Bromus inermis",-0.0024390243902439,"random",5,6,2,6,10,5,1,6,0.166666666666667
76,86,5,23,2,0.017,1.4,0.86856,0.43287,"Betula occidentalis","Campanula alaskana",0.00731707317073171,"random",5,6,2,6,10,5,1,6,0.166666666666667
76,112,5,19,2,0.014,1.2,0.92127,0.32761,"Betula occidentalis","Cirsium arvense",0.00975609756097561,"random",5,6,2,6,9,4,1,5,0.2
76,123,5,19,2,0.014,1.2,0.92127,0.32761,"Betula occidentalis","Comandra umbellata",0.00975609756097561,"random",5,6,2,5,7,3,2,3,0.666666666666667
76,129,5,28,1,0.021,1.7,0.44044,0.88409,"Betula occidentalis","Cornus sericea",-0.00853658536585366,"random",5,6,2,5,8,4,2,4,0.5
76,141,5,34,1,0.025,2.1,0.30522,0.93724,"Betula occidentalis","Dasiphora fruticosa",-0.0134146341463415,"random",5,6,2,5,10,6,2,6,0.333333333333333
76,160,5,32,4,0.024,2,0.99262,0.07328,"Betula occidentalis","Elaeagnus commutata",0.024390243902439,"random",5,6,2,5,9,5,2,5,0.4
76,171,5,21,2,0.016,1.3,0.89667,0.38032,"Betula occidentalis","Eriogonum flavum",0.00853658536585366,"random",5,6,2,5,9,5,2,5,0.4
76,181,5,23,0,0.017,1.4,0.18348,1,"Betula occidentalis","Fragaria virginiana",-0.0170731707317073,"random",5,6,2,5,11,7,2,7,0.285714285714286
76,183,5,22,0,0.016,1.3,0.20016,1,"Betula occidentalis","Gaillardia aristata",-0.0158536585365854,"random",5,6,2,6,10,5,1,6,0.166666666666667
76,186,5,28,1,0.021,1.7,0.44044,0.88409,"Betula occidentalis","Galium boreale",-0.00853658536585366,"random",5,6,2,6,8,3,1,4,0.25
76,192,5,22,0,0.016,1.3,0.20016,1,"Betula occidentalis","Geum triflorum",-0.0158536585365854,"random",5,6,2,4,7,4,2,4,0.5
76,239,5,23,2,0.017,1.4,0.86856,0.43287,"Betula occidentalis","Linum lewisii",0.00731707317073171,"random",5,6,2,5,10,6,2,6,0.333333333333333
76,258,5,30,3,0.022,1.8,0.94255,0.25476,"Betula occidentalis","Maianthemum stellatum",0.0146341463414634,"random",5,6,2,5,7,3,2,3,0.666666666666667
76,275,5,18,0,0.013,1.1,0.27944,1,"Betula occidentalis","Monarda fistulosa",-0.0134146341463415,"random",5,6,2,5,9,5,2,5,0.4
76,342,5,17,1,0.013,1,0.72455,0.69728,"Betula occidentalis","Populus tremuloides",0,"random",5,6,2,4,4,1,0,3,0
76,354,5,23,1,0.017,1.4,0.56713,0.81652,"Betula occidentalis","Prunus virginiana",-0.0048780487804878,"random",5,6,2,4,7,4,2,4,0.5
76,356,5,25,0,0.019,1.5,0.15346,1,"Betula occidentalis","Pulsatilla nuttalliana",-0.0182926829268293,"random",5,6,2,3,11,9,2,9,0.222222222222222
76,376,5,18,3,0.013,1.1,0.99251,0.06778,"Betula occidentalis","Rosa woodsii",0.0231707317073171,"random",5,6,2,6,8,3,1,4,0.25
76,409,5,25,1,0.019,1.5,0.51538,0.84654,"Betula occidentalis","Shepherdia canadensis",-0.00609756097560976,"random",5,6,2,4,5,2,1,3,0.333333333333333
76,430,5,30,2,0.022,1.8,0.74524,0.60709,"Betula occidentalis","Symphoricarpos occidentalis",0.0024390243902439,"random",5,6,2,6,8,3,1,4,0.25
76,442,5,30,1,0.022,1.8,0.39291,0.90475,"Betula occidentalis","Thermopsis rhombifolia",-0.00975609756097561,"random",5,6,2,4,7,4,2,4,0.5
76,448,5,18,2,0.013,1.1,0.93222,0.30141,"Betula occidentalis","Tragopogon dubius",0.0109756097560976,"random",5,6,2,5,10,6,2,6,0.333333333333333
76,454,5,18,2,0.013,1.1,0.93222,0.30141,"Betula occidentalis","Trifolium pratense",0.0109756097560976,"random",5,6,2,6,10,5,1,6,0.166666666666667
81,82,11,20,2,0.033,2.7,0.46514,0.81013,"Bouteloua gracilis","Bromus inermis",-0.00853658536585366,"random",6,10,5,6,10,5,5,5,1
81,86,11,23,3,0.038,3.1,0.63068,0.64978,"Bouteloua gracilis","Campanula alaskana",-0.00121951219512195,"random",6,10,5,6,10,5,5,5,1
81,89,11,8,1,0.013,1.1,0.70895,0.7015,"Bouteloua gracilis","Caragana arborescens",-0.00121951219512195,"random",6,10,5,5,6,2,1,6,0.166666666666667
81,107,11,16,2,0.026,2.1,0.63499,0.68222,"Bouteloua gracilis","Chamaenerion angustifolium",-0.00121951219512195,"random",6,10,5,6,9,4,4,5,0.8
81,112,11,19,5,0.031,2.5,0.98401,0.07241,"Bouteloua gracilis","Cirsium arvense",0.0304878048780488,"random",6,10,5,6,9,4,4,5,0.8
81,117,11,8,4,0.013,1.1,0.99923,0.00977,"Bouteloua gracilis","Cirsium undulatum",0.0353658536585366,"positive",6,10,5,6,9,4,4,5,0.8
81,118,11,8,1,0.013,1.1,0.70895,0.7015,"Bouteloua gracilis","Cirsium vulgare",-0.00121951219512195,"random",6,10,5,7,11,5,4,6,0.666666666666667
81,121,11,8,1,0.013,1.1,0.70895,0.7015,"Bouteloua gracilis","Clematis tangutica",-0.00121951219512195,"random",6,10,5,6,10,5,5,5,1
81,123,11,19,0,0.031,2.5,0.04398,1,"Bouteloua gracilis","Comandra umbellata",-0.0304878048780488,"negative",6,10,5,5,7,3,2,6,0.333333333333333
81,129,11,28,4,0.046,3.8,0.70063,0.55833,"Bouteloua gracilis","Cornus sericea",0.0024390243902439,"random",6,10,5,5,8,4,3,6,0.5
81,141,11,34,3,0.056,4.6,0.24595,0.91531,"Bouteloua gracilis","Dasiphora fruticosa",-0.0195121951219512,"random",6,10,5,5,10,6,5,6,0.833333333333333
81,160,11,32,2,0.052,4.3,0.11489,0.97386,"Bouteloua gracilis","Elaeagnus commutata",-0.0280487804878049,"random",6,10,5,5,9,5,4,6,0.666666666666667
81,171,11,21,6,0.034,2.8,0.9951,0.02795,"Bouteloua gracilis","Eriogonum flavum",0.0390243902439024,"positive",6,10,5,5,9,5,4,6,0.666666666666667
81,181,11,23,2,0.038,3.1,0.35022,0.87681,"Bouteloua gracilis","Fragaria virginiana",-0.0134146341463415,"random",6,10,5,5,11,7,5,7,0.714285714285714
81,183,11,22,4,0.036,3,0.86996,0.3318,"Bouteloua gracilis","Gaillardia aristata",0.0121951219512195,"random",6,10,5,6,10,5,5,5,1
81,186,11,28,3,0.046,3.8,0.44167,0.80175,"Bouteloua gracilis","Galium boreale",-0.00975609756097561,"random",6,10,5,6,8,3,3,5,0.6
81,190,11,12,0,0.02,1.6,0.15453,1,"Bouteloua gracilis","Geranium viscosissimum",-0.0195121951219512,"random",6,10,5,5,11,7,5,7,0.714285714285714
81,192,11,22,2,0.036,3,0.38681,0.85707,"Bouteloua gracilis","Geum triflorum",-0.0121951219512195,"random",6,10,5,4,7,4,2,7,0.285714285714286
81,193,11,14,2,0.023,1.9,0.72045,0.59982,"Bouteloua gracilis","Glycyrrhiza lepidota",0.00121951219512195,"random",6,10,5,6,8,3,3,5,0.6
81,195,11,13,2,0.021,1.7,0.76162,0.55407,"Bouteloua gracilis","Grindelia squarrosa",0.00365853658536585,"random",6,10,5,7,11,5,4,6,0.666666666666667
81,196,11,14,3,0.023,1.9,0.9126,0.27955,"Bouteloua gracilis","Gutierrezia sarothrae",0.0134146341463415,"random",6,10,5,6,9,4,4,5,0.8
81,199,11,11,2,0.018,1.5,0.83811,0.45441,"Bouteloua gracilis","Hedysarum alpinum",0.00609756097560976,"random",6,10,5,5,9,5,4,6,0.666666666666667
81,200,11,16,1,0.026,2.1,0.31778,0.92329,"Bouteloua gracilis","Hedysarum boreale",-0.0134146341463415,"random",6,10,5,4,10,7,5,7,0.714285714285714
81,206,11,8,1,0.013,1.1,0.70895,0.7015,"Bouteloua gracilis","Heracleum maximum",-0.00121951219512195,"random",6,10,5,6,8,3,3,5,0.6
81,208,11,13,2,0.021,1.7,0.76162,0.55407,"Bouteloua gracilis","Heterotheca villosa",0.00365853658536585,"random",6,10,5,6,10,5,5,5,1
81,233,11,14,4,0.023,1.9,0.9819,0.0874,"Bouteloua gracilis","Liatris punctata",0.025609756097561,"random",6,10,5,7,10,4,4,5,0.8
81,236,11,11,1,0.018,1.5,0.54559,0.81714,"Bouteloua gracilis","Linaria vulgaris",-0.00609756097560976,"random",6,10,5,5,10,6,5,6,0.833333333333333
81,239,11,23,6,0.038,3.1,0.99079,0.0453,"Bouteloua gracilis","Linum lewisii",0.0353658536585366,"positive",6,10,5,5,10,6,5,6,0.833333333333333
81,241,11,13,1,0.021,1.7,0.44593,0.86975,"Bouteloua gracilis","Lithospermum ruderale",-0.00853658536585366,"random",6,10,5,5,7,3,2,6,0.333333333333333
81,246,11,12,0,0.02,1.6,0.15453,1,"Bouteloua gracilis","Lonicera dioica",-0.0195121951219512,"random",6,10,5,6,7,2,2,5,0.4
81,258,11,30,4,0.049,4,0.63253,0.6293,"Bouteloua gracilis","Maianthemum stellatum",0,"random",6,10,5,5,7,3,2,6,0.333333333333333
81,261,11,10,2,0.016,1.3,0.8723,0.40122,"Bouteloua gracilis","Medicago lupulina",0.00853658536585366,"random",6,10,5,5,11,7,5,7,0.714285714285714
81,262,11,10,3,0.016,1.3,0.97488,0.1277,"Bouteloua gracilis","Medicago sativa",0.0207317073170732,"random",6,10,5,5,10,6,5,6,0.833333333333333
81,264,11,9,1,0.015,1.2,0.65348,0.74587,"Bouteloua gracilis","Melilotus albus",-0.0024390243902439,"random",6,10,5,6,11,6,5,6,0.833333333333333
81,265,11,14,3,0.023,1.9,0.9126,0.27955,"Bouteloua gracilis","Melilotus officinalis",0.0134146341463415,"random",6,10,5,5,11,7,5,7,0.714285714285714
81,275,11,18,2,0.029,2.4,0.54874,0.75218,"Bouteloua gracilis","Monarda fistulosa",-0.0048780487804878,"random",6,10,5,5,9,5,4,6,0.666666666666667
81,278,11,11,2,0.018,1.5,0.83811,0.45441,"Bouteloua gracilis","Musineon divaricatum",0.00609756097560976,"random",6,10,5,4,7,4,2,7,0.285714285714286
81,285,11,13,2,0.021,1.7,0.76162,0.55407,"Bouteloua gracilis","Oenothera suffrutescens",0.00365853658536585,"random",6,10,5,5,8,4,3,6,0.5
81,286,11,15,5,0.025,2,0.99617,0.02523,"Bouteloua gracilis","Opuntia polyacantha",0.0365853658536585,"positive",6,10,5,5,8,4,3,6,0.5
81,290,11,9,0,0.015,1.2,0.25413,1,"Bouteloua gracilis","Oxytropis campestris",-0.0146341463414634,"random",6,10,5,5,9,5,4,6,0.666666666666667
81,292,11,9,1,0.015,1.2,0.65348,0.74587,"Bouteloua gracilis","Oxytropis sericea",-0.0024390243902439,"random",6,10,5,5,6,2,1,6,0.166666666666667
81,292,11,9,1,0.015,1.2,0.65348,0.74587,"Bouteloua gracilis","Oxytropis sericea",-0.0024390243902439,"random",6,10,5,5,6,2,1,6,0.166666666666667
81,304,11,8,2,0.013,1.1,0.92996,0.29105,"Bouteloua gracilis","Pelecyphora vivipara",0.0109756097560976,"random",6,10,5,5,7,3,2,6,0.333333333333333
81,310,11,15,4,0.025,2,0.97477,0.11,"Bouteloua gracilis","Penstemon nitidus",0.024390243902439,"random",6,10,5,4,7,4,2,7,0.285714285714286
81,321,11,15,4,0.025,2,0.97477,0.11,"Bouteloua gracilis","Phlox hoodii",0.024390243902439,"random",6,10,5,3,10,8,5,8,0.625
81,342,11,17,1,0.028,2.3,0.28126,0.93608,"Bouteloua gracilis","Populus tremuloides",-0.0158536585365854,"random",6,10,5,4,4,1,0,7,0
81,343,11,10,3,0.016,1.3,0.97488,0.1277,"Bouteloua gracilis","Potentilla concinna",0.0207317073170732,"random",6,10,5,4,6,3,1,7,0.142857142857143
81,354,11,23,4,0.038,3.1,0.84642,0.36932,"Bouteloua gracilis","Prunus virginiana",0.0109756097560976,"random",6,10,5,4,7,4,2,7,0.285714285714286
81,356,11,25,3,0.041,3.4,0.55444,0.71698,"Bouteloua gracilis","Pulsatilla nuttalliana",-0.0048780487804878,"random",6,10,5,3,11,9,5,9,0.555555555555556
81,358,11,10,1,0.016,1.3,0.59878,0.78416,"Bouteloua gracilis","Pyrola asarifolia",-0.00365853658536585,"random",6,10,5,6,9,4,4,5,0.8
81,368,11,10,3,0.016,1.3,0.97488,0.1277,"Bouteloua gracilis","Rhus aromatica",0.0207317073170732,"random",6,10,5,5,5,1,0,6,0
81,373,11,8,0,0.013,1.1,0.2985,1,"Bouteloua gracilis","Rosa acicularis",-0.0134146341463415,"random",6,10,5,5,7,3,2,6,0.333333333333333
81,374,11,8,1,0.013,1.1,0.70895,0.7015,"Bouteloua gracilis","Rosa arkansana",-0.00121951219512195,"random",6,10,5,6,9,4,4,5,0.8
81,376,11,18,4,0.029,2.4,0.94243,0.19332,"Bouteloua gracilis","Rosa woodsii",0.0195121951219512,"random",6,10,5,6,8,3,3,5,0.6
81,390,11,10,2,0.016,1.3,0.8723,0.40122,"Bouteloua gracilis","Salix interior",0.00853658536585366,"random",6,10,5,5,7,3,2,6,0.333333333333333
81,408,11,8,1,0.013,1.1,0.70895,0.7015,"Bouteloua gracilis","Shepherdia argentea",-0.00121951219512195,"random",6,10,5,4,5,2,0,7,0
81,409,11,25,2,0.041,3.4,0.28302,0.90972,"Bouteloua gracilis","Shepherdia canadensis",-0.0170731707317073,"random",6,10,5,4,5,2,0,7,0
81,417,11,8,2,0.013,1.1,0.92996,0.29105,"Bouteloua gracilis","Solidago missouriensis",0.0109756097560976,"random",6,10,5,6,9,4,4,5,0.8
81,423,11,8,2,0.013,1.1,0.92996,0.29105,"Bouteloua gracilis","Sphaeralcea coccinea",0.0109756097560976,"random",6,10,5,5,9,5,4,6,0.666666666666667
81,430,11,30,6,0.049,4,0.94993,0.16028,"Bouteloua gracilis","Symphoricarpos occidentalis",0.024390243902439,"random",6,10,5,6,8,3,3,5,0.6
81,434,11,16,1,0.026,2.1,0.31778,0.92329,"Bouteloua gracilis","Symphyotrichum laeve",-0.0134146341463415,"random",6,10,5,6,10,5,5,5,1
81,438,11,12,2,0.02,1.6,0.80103,0.5055,"Bouteloua gracilis","Taraxacum officinale",0.0048780487804878,"random",6,10,5,3,11,9,5,9,0.555555555555556
81,442,11,30,6,0.049,4,0.94993,0.16028,"Bouteloua gracilis","Thermopsis rhombifolia",0.024390243902439,"random",6,10,5,4,7,4,2,7,0.285714285714286
81,444,11,10,2,0.016,1.3,0.8723,0.40122,"Bouteloua gracilis","Thlaspi arvense",0.00853658536585366,"random",6,10,5,4,9,6,4,7,0.571428571428571
81,448,11,18,4,0.029,2.4,0.94243,0.19332,"Bouteloua gracilis","Tragopogon dubius",0.0195121951219512,"random",6,10,5,5,10,6,5,6,0.833333333333333
81,454,11,18,1,0.029,2.4,0.24782,0.9469,"Bouteloua gracilis","Trifolium pratense",-0.0170731707317073,"random",6,10,5,6,10,5,5,5,1
81,475,11,16,3,0.026,2.1,0.86469,0.36501,"Bouteloua gracilis","Vicia americana",0.0109756097560976,"random",6,10,5,5,9,5,4,6,0.666666666666667
81,476,11,14,2,0.023,1.9,0.72045,0.59982,"Bouteloua gracilis","Vicia cracca",0.00121951219512195,"random",6,10,5,5,11,7,5,7,0.714285714285714
81,477,11,15,2,0.025,2,0.67806,0.64257,"Bouteloua gracilis","Viola adunca",0,"random",6,10,5,4,9,6,4,7,0.571428571428571
81,488,11,14,1,0.023,1.9,0.40018,0.89052,"Bouteloua gracilis","Zizia aptera",-0.0109756097560976,"random",6,10,5,5,7,3,2,6,0.333333333333333
82,86,20,23,7,0.068,5.6,0.85989,0.29992,"Bromus inermis","Campanula alaskana",0.0170731707317073,"random",6,10,5,6,10,5,5,5,1
82,87,20,7,3,0.021,1.7,0.94344,0.22384,"Bromus inermis","Campanula rapunculoides",0.0158536585365854,"random",6,10,5,6,10,5,5,5,1
82,89,20,8,2,0.024,2,0.69855,0.62917,"Bromus inermis","Caragana arborescens",0,"random",6,10,5,5,6,2,1,6,0.166666666666667
82,103,20,5,0,0.015,1.2,0.23716,1,"Bromus inermis","Castilleja miniata",-0.0146341463414634,"random",6,10,5,5,10,6,5,6,0.833333333333333
82,106,20,5,1,0.015,1.2,0.64606,0.76284,"Bromus inermis","Cerastium arvense",-0.0024390243902439,"random",6,10,5,5,8,4,3,6,0.5
82,107,20,16,0,0.048,3.9,0.00655,1,"Bromus inermis","Chamaenerion angustifolium",-0.0475609756097561,"negative",6,10,5,6,9,4,4,5,0.8
82,110,20,5,2,0.015,1.2,0.90942,0.35394,"Bromus inermis","Chenopodium album",0.00975609756097561,"random",6,10,5,7,9,3,3,5,0.6
82,112,20,19,7,0.057,4.6,0.95613,0.12883,"Bromus inermis","Cirsium arvense",0.0292682926829268,"random",6,10,5,6,9,4,4,5,0.8
82,117,20,8,3,0.024,2,0.90552,0.30145,"Bromus inermis","Cirsium undulatum",0.0121951219512195,"random",6,10,5,6,9,4,4,5,0.8
82,118,20,8,1,0.024,2,0.37083,0.90514,"Bromus inermis","Cirsium vulgare",-0.0121951219512195,"random",6,10,5,7,11,5,4,6,0.666666666666667
82,120,20,5,0,0.015,1.2,0.23716,1,"Bromus inermis","Clematis occidentalis",-0.0146341463414634,"random",6,10,5,5,10,6,5,6,0.833333333333333
82,121,20,8,1,0.024,2,0.37083,0.90514,"Bromus inermis","Clematis tangutica",-0.0121951219512195,"random",6,10,5,6,10,5,5,5,1
82,123,20,19,5,0.057,4.6,0.70779,0.52094,"Bromus inermis","Comandra umbellata",0.00487804878048781,"random",6,10,5,5,7,3,2,6,0.333333333333333
82,129,20,28,8,0.083,6.8,0.81819,0.35352,"Bromus inermis","Cornus sericea",0.0146341463414634,"random",6,10,5,5,8,4,3,6,0.5
82,131,20,5,4,0.015,1.2,0.99943,0.01158,"Bromus inermis","Cotoneaster acutifolius",0.0341463414634146,"positive",6,10,5,5,7,3,2,6,0.333333333333333
82,135,20,7,3,0.021,1.7,0.94344,0.22384,"Bromus inermis","Cypripedium parviflorum",0.0158536585365854,"random",6,10,5,5,7,3,2,6,0.333333333333333
82,140,20,7,1,0.021,1.7,0.45276,0.87064,"Bromus inermis","Dalea purpurea",-0.00853658536585366,"random",6,10,5,6,9,4,4,5,0.8
82,141,20,34,10,0.101,8.3,0.87505,0.26309,"Bromus inermis","Dasiphora fruticosa",0.0207317073170732,"random",6,10,5,5,10,6,5,6,0.833333333333333
82,142,20,5,0,0.015,1.2,0.23716,1,"Bromus inermis","Delphinium bicolor",-0.0146341463414634,"random",6,10,5,5,7,3,2,6,0.333333333333333
82,160,20,32,12,0.095,7.8,0.99299,0.02654,"Bromus inermis","Elaeagnus commutata",0.051219512195122,"positive",6,10,5,5,9,5,4,6,0.666666666666667
82,171,20,21,4,0.062,5.1,0.36592,0.82957,"Bromus inermis","Eriogonum flavum",-0.0134146341463415,"random",6,10,5,5,9,5,4,6,0.666666666666667
82,178,20,5,1,0.015,1.2,0.64606,0.76284,"Bromus inermis","Euphorbia virgata",-0.0024390243902439,"random",6,10,5,5,9,5,4,6,0.666666666666667
82,179,20,5,1,0.015,1.2,0.64606,0.76284,"Bromus inermis","Eurybia conspicua",-0.0024390243902439,"random",6,10,5,7,10,4,4,5,0.8
82,181,20,23,5,0.068,5.6,0.48386,0.73236,"Bromus inermis","Fragaria virginiana",-0.0073170731707317,"random",6,10,5,5,11,7,5,7,0.714285714285714
82,183,20,22,7,0.065,5.4,0.89064,0.25128,"Bromus inermis","Gaillardia aristata",0.0195121951219512,"random",6,10,5,6,10,5,5,5,1
82,184,20,6,2,0.018,1.5,0.84785,0.45484,"Bromus inermis","Galearis rotundifolia",0.00609756097560976,"random",6,10,5,6,7,2,2,5,0.4
82,186,20,28,12,0.083,6.8,0.99874,0.00635,"Bromus inermis","Galium boreale",0.0634146341463415,"positive",6,10,5,6,8,3,3,5,0.6
82,190,20,12,1,0.036,2.9,0.14877,0.97393,"Bromus inermis","Geranium viscosissimum",-0.0231707317073171,"random",6,10,5,5,11,7,5,7,0.714285714285714
82,192,20,22,2,0.065,5.4,0.04234,0.99208,"Bromus inermis","Geum triflorum",-0.0414634146341463,"negative",6,10,5,4,7,4,2,7,0.285714285714286
82,193,20,14,5,0.042,3.4,0.91899,0.22406,"Bromus inermis","Glycyrrhiza lepidota",0.0195121951219512,"random",6,10,5,6,8,3,3,5,0.6
82,195,20,13,2,0.039,3.2,0.33194,0.88453,"Bromus inermis","Grindelia squarrosa",-0.0146341463414634,"random",6,10,5,7,11,5,4,6,0.666666666666667
82,196,20,14,4,0.042,3.4,0.77594,0.46099,"Bromus inermis","Gutierrezia sarothrae",0.00731707317073171,"random",6,10,5,6,9,4,4,5,0.8
82,199,20,11,5,0.033,2.7,0.97864,0.08943,"Bromus inermis","Hedysarum alpinum",0.0280487804878049,"random",6,10,5,5,9,5,4,6,0.666666666666667
82,200,20,16,6,0.048,3.9,0.94984,0.15001,"Bromus inermis","Hedysarum boreale",0.025609756097561,"random",6,10,5,4,10,7,5,7,0.714285714285714
82,202,20,6,1,0.018,1.5,0.54516,0.82444,"Bromus inermis","Helianthus annuus",-0.00609756097560976,"random",6,10,5,6,11,6,5,6,0.833333333333333
82,206,20,8,2,0.024,2,0.69855,0.62917,"Bromus inermis","Heracleum maximum",0,"random",6,10,5,6,8,3,3,5,0.6
82,207,20,5,0,0.015,1.2,0.23716,1,"Bromus inermis","Hesperostipa comata",-0.0146341463414634,"random",6,10,5,6,6,1,1,5,0.2
82,208,20,13,5,0.039,3.2,0.94453,0.17297,"Bromus inermis","Heterotheca villosa",0.0219512195121951,"random",6,10,5,6,10,5,5,5,1
82,214,20,6,3,0.018,1.5,0.97098,0.15215,"Bromus inermis","Hordeum jubatum",0.0182926829268293,"random",6,10,5,6,7,2,2,5,0.4
82,216,20,7,1,0.021,1.7,0.45276,0.87064,"Bromus inermis","Hymenoxys richardsonii",-0.00853658536585366,"random",6,10,5,5,7,3,2,6,0.333333333333333
82,217,20,7,2,0.021,1.7,0.77616,0.54724,"Bromus inermis","Hyoscyamus niger",0.00365853658536585,"random",6,10,5,5,10,6,5,6,0.833333333333333
82,222,20,7,1,0.021,1.7,0.45276,0.87064,"Bromus inermis","Krascheninnikovia lanata",-0.00853658536585366,"random",6,10,5,5,9,4,4,6,0.666666666666667
82,231,20,5,1,0.015,1.2,0.64606,0.76284,"Bromus inermis","Leucanthemum vulgare",-0.0024390243902439,"random",6,10,5,6,10,5,5,5,1
82,233,20,14,2,0.042,3.4,0.27547,0.9112,"Bromus inermis","Liatris punctata",-0.0170731707317073,"random",6,10,5,7,10,4,4,5,0.8
82,234,20,5,1,0.015,1.2,0.64606,0.76284,"Bromus inermis","Lilium philadelphicum",-0.0024390243902439,"random",6,10,5,5,9,5,4,6,0.666666666666667
82,236,20,11,5,0.033,2.7,0.97864,0.08943,"Bromus inermis","Linaria vulgaris",0.0280487804878049,"random",6,10,5,5,10,6,5,6,0.833333333333333
82,239,20,23,8,0.068,5.6,0.9483,0.14011,"Bromus inermis","Linum lewisii",0.0292682926829268,"random",6,10,5,5,10,6,5,6,0.833333333333333
82,240,20,6,1,0.018,1.5,0.54516,0.82444,"Bromus inermis","Lithospermum incisum",-0.00609756097560976,"random",6,10,5,4,6,3,1,7,0.142857142857143
82,241,20,13,1,0.039,3.2,0.11547,0.98138,"Bromus inermis","Lithospermum ruderale",-0.0268292682926829,"random",6,10,5,5,7,3,2,6,0.333333333333333
82,246,20,12,6,0.036,2.9,0.99302,0.03574,"Bromus inermis","Lonicera dioica",0.0378048780487805,"positive",6,10,5,6,7,2,2,5,0.4
82,250,20,6,2,0.018,1.5,0.84785,0.45484,"Bromus inermis","Lotus corniculatus",0.00609756097560976,"random",6,10,5,5,9,5,4,6,0.666666666666667
82,253,20,7,1,0.021,1.7,0.45276,0.87064,"Bromus inermis","Lygodesmia juncea",-0.00853658536585366,"random",6,10,5,6,10,5,5,5,1
82,258,20,30,8,0.089,7.3,0.73827,0.45628,"Bromus inermis","Maianthemum stellatum",0.00853658536585366,"random",6,10,5,5,7,3,2,6,0.333333333333333
82,261,20,10,4,0.03,2.4,0.94151,0.19772,"Bromus inermis","Medicago lupulina",0.0195121951219512,"random",6,10,5,5,11,7,5,7,0.714285714285714
82,262,20,10,6,0.03,2.4,0.99851,0.01159,"Bromus inermis","Medicago sativa",0.0439024390243902,"positive",6,10,5,5,10,6,5,6,0.833333333333333
82,264,20,9,2,0.027,2.2,0.61883,0.70002,"Bromus inermis","Melilotus albus",-0.0024390243902439,"random",6,10,5,6,11,6,5,6,0.833333333333333
82,265,20,14,6,0.042,3.4,0.97859,0.08101,"Bromus inermis","Melilotus officinalis",0.0317073170731707,"random",6,10,5,5,11,7,5,7,0.714285714285714
82,275,20,18,7,0.054,4.4,0.96981,0.09753,"Bromus inermis","Monarda fistulosa",0.0317073170731707,"random",6,10,5,5,9,5,4,6,0.666666666666667
82,278,20,11,3,0.033,2.7,0.7404,0.53486,"Bromus inermis","Musineon divaricatum",0.00365853658536585,"random",6,10,5,4,7,4,2,7,0.285714285714286
82,285,20,13,1,0.039,3.2,0.11547,0.98138,"Bromus inermis","Oenothera suffrutescens",-0.0268292682926829,"random",6,10,5,5,8,4,3,6,0.5
82,286,20,15,3,0.045,3.7,0.47312,0.77394,"Bromus inermis","Opuntia polyacantha",-0.00853658536585366,"random",6,10,5,5,8,4,3,6,0.5
82,287,20,6,0,0.018,1.5,0.17556,1,"Bromus inermis","Oreocarya glomerata",-0.0182926829268293,"random",6,10,5,5,8,4,3,6,0.5
82,290,20,9,3,0.027,2.2,0.85797,0.38117,"Bromus inermis","Oxytropis campestris",0.00975609756097561,"random",6,10,5,5,9,5,4,6,0.666666666666667
82,292,20,9,1,0.027,2.2,0.29998,0.93077,"Bromus inermis","Oxytropis sericea",-0.0146341463414634,"random",6,10,5,5,6,2,1,6,0.166666666666667
82,292,20,9,1,0.027,2.2,0.29998,0.93077,"Bromus inermis","Oxytropis sericea",-0.0146341463414634,"random",6,10,5,5,6,2,1,6,0.166666666666667
82,293,20,6,3,0.018,1.5,0.97098,0.15215,"Bromus inermis","Oxytropis splendens",0.0182926829268293,"random",6,10,5,6,8,3,3,5,0.6
82,295,20,5,1,0.015,1.2,0.64606,0.76284,"Bromus inermis","Packera cana",-0.0024390243902439,"random",6,10,5,5,8,4,3,6,0.5
82,304,20,8,1,0.024,2,0.37083,0.90514,"Bromus inermis","Pelecyphora vivipara",-0.0121951219512195,"random",6,10,5,5,7,3,2,6,0.333333333333333
82,307,20,6,0,0.018,1.5,0.17556,1,"Bromus inermis","Penstemon confertus",-0.0182926829268293,"random",6,10,5,6,8,3,3,5,0.6
82,310,20,15,2,0.045,3.7,0.22606,0.93232,"Bromus inermis","Penstemon nitidus",-0.0207317073170732,"random",6,10,5,4,7,4,2,7,0.285714285714286
82,315,20,6,2,0.018,1.5,0.84785,0.45484,"Bromus inermis","Petasites frigidus",0.00609756097560976,"random",6,10,5,4,9,6,4,7,0.571428571428571
82,320,20,6,3,0.018,1.5,0.97098,0.15215,"Bromus inermis","Phleum pratense",0.0182926829268293,"random",6,10,5,7,7,1,1,5,0.2
82,321,20,15,3,0.045,3.7,0.47312,0.77394,"Bromus inermis","Phlox hoodii",-0.00853658536585366,"random",6,10,5,3,10,8,5,8,0.625
82,323,20,6,2,0.018,1.5,0.84785,0.45484,"Bromus inermis","Physaria arenosa",0.00609756097560976,"random",6,10,5,4,7,4,2,7,0.285714285714286
82,327,20,5,2,0.015,1.2,0.90942,0.35394,"Bromus inermis","Plantago major",0.00975609756097561,"random",6,10,5,6,8,3,3,5,0.6
82,328,20,5,0,0.015,1.2,0.23716,1,"Bromus inermis","Plantago patagonica",-0.0146341463414634,"random",6,10,5,6,8,3,3,5,0.6
82,337,20,5,0,0.015,1.2,0.23716,1,"Bromus inermis","Polemonium pulcherrimum",-0.0146341463414634,"random",6,10,5,4,9,6,4,7,0.571428571428571
82,338,20,6,4,0.018,1.5,0.99714,0.02902,"Bromus inermis","Polygala senega",0.0304878048780488,"positive",6,10,5,5,7,3,2,6,0.333333333333333
82,340,20,6,1,0.018,1.5,0.54516,0.82444,"Bromus inermis","Populus balsamifera",-0.00609756097560976,"random",6,10,5,4,5,2,0,7,0
82,342,20,17,6,0.051,4.1,0.92866,0.19292,"Bromus inermis","Populus tremuloides",0.0231707317073171,"random",6,10,5,4,4,1,0,7,0
82,343,20,10,2,0.03,2.4,0.54021,0.76008,"Bromus inermis","Potentilla concinna",-0.0048780487804878,"random",6,10,5,4,6,3,1,7,0.142857142857143
82,354,20,23,8,0.068,5.6,0.9483,0.14011,"Bromus inermis","Prunus virginiana",0.0292682926829268,"random",6,10,5,4,7,4,2,7,0.285714285714286
82,356,20,25,6,0.074,6.1,0.5957,0.62379,"Bromus inermis","Pulsatilla nuttalliana",-0.00121951219512195,"random",6,10,5,3,11,9,5,9,0.555555555555556
82,358,20,10,1,0.03,2.4,0.23992,0.94974,"Bromus inermis","Pyrola asarifolia",-0.0170731707317073,"random",6,10,5,6,9,4,4,5,0.8
82,362,20,6,2,0.018,1.5,0.84785,0.45484,"Bromus inermis","Ratibida columnifera",0.00609756097560976,"random",6,10,5,6,10,5,5,5,1
82,368,20,10,4,0.03,2.4,0.94151,0.19772,"Bromus inermis","Rhus aromatica",0.0195121951219512,"random",6,10,5,5,5,1,0,6,0
82,371,20,7,2,0.021,1.7,0.77616,0.54724,"Bromus inermis","Ribes oxyacanthoides",0.00365853658536585,"random",6,10,5,5,6,2,1,6,0.166666666666667
82,373,20,8,1,0.024,2,0.37083,0.90514,"Bromus inermis","Rosa acicularis",-0.0121951219512195,"random",6,10,5,5,7,3,2,6,0.333333333333333
82,374,20,8,3,0.024,2,0.90552,0.30145,"Bromus inermis","Rosa arkansana",0.0121951219512195,"random",6,10,5,6,9,4,4,5,0.8
82,376,20,18,5,0.054,4.4,0.75939,0.46075,"Bromus inermis","Rosa woodsii",0.0073170731707317,"random",6,10,5,6,8,3,3,5,0.6
82,389,20,5,0,0.015,1.2,0.23716,1,"Bromus inermis","Salix glauca",-0.0146341463414634,"random",6,10,5,6,7,2,2,5,0.4
82,390,20,10,3,0.03,2.4,0.80228,0.45979,"Bromus inermis","Salix interior",0.00731707317073171,"random",6,10,5,5,7,3,2,6,0.333333333333333
82,408,20,8,5,0.024,2,0.99781,0.01865,"Bromus inermis","Shepherdia argentea",0.0365853658536585,"positive",6,10,5,4,5,2,0,7,0
82,409,20,25,7,0.074,6.1,0.78525,0.4043,"Bromus inermis","Shepherdia canadensis",0.0109756097560976,"random",6,10,5,4,5,2,0,7,0
82,412,20,7,3,0.021,1.7,0.94344,0.22384,"Bromus inermis","Sisymbrium loeselii",0.0158536585365854,"random",6,10,5,5,10,6,5,6,0.833333333333333
82,413,20,7,3,0.021,1.7,0.94344,0.22384,"Bromus inermis","Sisyrinchium montanum",0.0158536585365854,"random",6,10,5,5,8,4,3,6,0.5
82,417,20,8,0,0.024,2,0.09486,1,"Bromus inermis","Solidago missouriensis",-0.024390243902439,"random",6,10,5,6,9,4,4,5,0.8
82,423,20,8,2,0.024,2,0.69855,0.62917,"Bromus inermis","Sphaeralcea coccinea",0,"random",6,10,5,5,9,5,4,6,0.666666666666667
82,430,20,30,11,0.089,7.3,0.98639,0.04598,"Bromus inermis","Symphoricarpos occidentalis",0.0451219512195122,"positive",6,10,5,6,8,3,3,5,0.6
82,434,20,16,7,0.048,3.9,0.98752,0.05016,"Bromus inermis","Symphyotrichum laeve",0.0378048780487805,"random",6,10,5,6,10,5,5,5,1
82,437,20,7,3,0.021,1.7,0.94344,0.22384,"Bromus inermis","Tanacetum vulgare",0.0158536585365854,"random",6,10,5,7,10,4,4,5,0.8
82,438,20,12,5,0.036,2.9,0.96426,0.12778,"Bromus inermis","Taraxacum officinale",0.025609756097561,"random",6,10,5,3,11,9,5,9,0.555555555555556
82,442,20,30,10,0.089,7.3,0.95402,0.12254,"Bromus inermis","Thermopsis rhombifolia",0.0329268292682927,"random",6,10,5,4,7,4,2,7,0.285714285714286
82,444,20,10,4,0.03,2.4,0.94151,0.19772,"Bromus inermis","Thlaspi arvense",0.0195121951219512,"random",6,10,5,4,9,6,4,7,0.571428571428571
82,448,20,18,6,0.054,4.4,0.90247,0.24061,"Bromus inermis","Tragopogon dubius",0.0195121951219512,"random",6,10,5,5,10,6,5,6,0.833333333333333
82,450,20,5,1,0.015,1.2,0.64606,0.76284,"Bromus inermis","Triantha glutinosa",-0.0024390243902439,"random",6,10,5,6,8,3,3,5,0.6
82,454,20,18,4,0.054,4.4,0.53925,0.70152,"Bromus inermis","Trifolium pratense",-0.00487804878048781,"random",6,10,5,6,10,5,5,5,1
82,455,20,5,1,0.015,1.2,0.64606,0.76284,"Bromus inermis","Trifolium repens",-0.0024390243902439,"random",6,10,5,5,10,6,5,6,0.833333333333333
82,458,20,7,2,0.021,1.7,0.77616,0.54724,"Bromus inermis","Tripleurospermum inodorum",0.00365853658536585,"random",6,10,5,5,11,7,5,7,0.714285714285714
82,460,20,6,4,0.018,1.5,0.99714,0.02902,"Bromus inermis","Typha latifolia",0.0304878048780488,"positive",6,10,5,6,7,2,2,5,0.4
82,475,20,16,4,0.048,3.9,0.66119,0.58956,"Bromus inermis","Vicia americana",0.00121951219512195,"random",6,10,5,5,9,5,4,6,0.666666666666667
82,476,20,14,4,0.042,3.4,0.77594,0.46099,"Bromus inermis","Vicia cracca",0.00731707317073171,"random",6,10,5,5,11,7,5,7,0.714285714285714
82,477,20,15,6,0.045,3.7,0.96632,0.11257,"Bromus inermis","Viola adunca",0.0280487804878049,"random",6,10,5,4,9,6,4,7,0.571428571428571
82,479,20,6,1,0.018,1.5,0.54516,0.82444,"Bromus inermis","Viola nuttallii",-0.00609756097560976,"random",6,10,5,4,6,3,1,7,0.142857142857143
82,488,20,14,5,0.042,3.4,0.91899,0.22406,"Bromus inermis","Zizia aptera",0.0195121951219512,"random",6,10,5,5,7,3,2,6,0.333333333333333
85,129,3,28,0,0.012,1,0.28008,1,"Calypso bulbosa","Cornus sericea",-0.0121951219512195,"random",5,10,6,5,8,4,4,6,0.666666666666667
85,141,3,34,1,0.015,1.2,0.62836,0.8047,"Calypso bulbosa","Dasiphora fruticosa",-0.0024390243902439,"random",5,10,6,5,10,6,6,6,1
85,160,3,32,1,0.014,1.2,0.66396,0.77868,"Calypso bulbosa","Elaeagnus commutata",-0.0024390243902439,"random",5,10,6,5,9,5,5,6,0.833333333333333
85,186,3,28,0,0.012,1,0.28008,1,"Calypso bulbosa","Galium boreale",-0.0121951219512195,"random",5,10,6,6,8,3,3,6,0.5
85,258,3,30,0,0.013,1.1,0.24955,1,"Calypso bulbosa","Maianthemum stellatum",-0.0134146341463415,"random",5,10,6,5,7,3,3,6,0.5
85,430,3,30,1,0.013,1.1,0.69874,0.75045,"Calypso bulbosa","Symphoricarpos occidentalis",-0.00121951219512195,"random",5,10,6,6,8,3,3,6,0.5
85,442,3,30,0,0.013,1.1,0.24955,1,"Calypso bulbosa","Thermopsis rhombifolia",-0.0134146341463415,"random",5,10,6,4,7,4,3,7,0.428571428571429
86,87,23,7,2,0.024,2,0.69549,0.63768,"Campanula alaskana","Campanula rapunculoides",0,"random",6,10,5,6,10,5,5,5,1
86,89,23,8,4,0.027,2.2,0.96404,0.14903,"Campanula alaskana","Caragana arborescens",0.0219512195121951,"random",6,10,5,5,6,2,1,6,0.166666666666667
86,102,23,4,1,0.014,1.1,0.6877,0.73979,"Campanula alaskana","Castilleja hispida",-0.00121951219512195,"random",6,10,5,5,8,4,3,6,0.5
86,103,23,5,2,0.017,1.4,0.86856,0.43287,"Campanula alaskana","Castilleja miniata",0.00731707317073171,"random",6,10,5,5,10,6,5,6,0.833333333333333
86,106,23,5,0,0.017,1.4,0.18348,1,"Campanula alaskana","Cerastium arvense",-0.0170731707317073,"random",6,10,5,5,8,4,3,6,0.5
86,107,23,16,2,0.055,4.5,0.10522,0.97539,"Campanula alaskana","Chamaenerion angustifolium",-0.0304878048780488,"random",6,10,5,6,9,4,4,5,0.8
86,110,23,5,3,0.017,1.4,0.97962,0.13144,"Campanula alaskana","Chenopodium album",0.0195121951219512,"random",6,10,5,7,9,3,3,5,0.6
86,112,23,19,6,0.065,5.3,0.75601,0.45127,"Campanula alaskana","Cirsium arvense",0.00853658536585366,"random",6,10,5,6,9,4,4,5,0.8
86,115,23,4,0,0.014,1.1,0.26021,1,"Campanula alaskana","Cirsium hookerianum",-0.0134146341463415,"random",6,10,5,6,9,4,4,5,0.8
86,117,23,8,3,0.027,2.2,0.85097,0.3978,"Campanula alaskana","Cirsium undulatum",0.00975609756097561,"random",6,10,5,6,9,4,4,5,0.8
86,118,23,8,0,0.027,2.2,0.06222,1,"Campanula alaskana","Cirsium vulgare",-0.0268292682926829,"random",6,10,5,7,11,5,4,6,0.666666666666667
86,120,23,5,2,0.017,1.4,0.86856,0.43287,"Campanula alaskana","Clematis occidentalis",0.00731707317073171,"random",6,10,5,5,10,6,5,6,0.833333333333333
86,121,23,8,1,0.027,2.2,0.28237,0.93778,"Campanula alaskana","Clematis tangutica",-0.0146341463414634,"random",6,10,5,6,10,5,5,5,1
86,123,23,19,5,0.065,5.3,0.54873,0.6783,"Campanula alaskana","Comandra umbellata",-0.00365853658536585,"random",6,10,5,5,7,3,2,6,0.333333333333333
86,128,23,4,1,0.014,1.1,0.6877,0.73979,"Campanula alaskana","Cornus canadensis",-0.00121951219512195,"random",6,10,5,5,8,4,3,6,0.5
86,129,23,28,9,0.096,7.9,0.8041,0.36496,"Campanula alaskana","Cornus sericea",0.0134146341463415,"random",6,10,5,5,8,4,3,6,0.5
86,131,23,5,2,0.017,1.4,0.86856,0.43287,"Campanula alaskana","Cotoneaster acutifolius",0.00731707317073171,"random",6,10,5,5,7,3,2,6,0.333333333333333
86,135,23,7,5,0.024,2,0.99837,0.01677,"Campanula alaskana","Cypripedium parviflorum",0.0365853658536585,"positive",6,10,5,5,7,3,2,6,0.333333333333333
86,139,23,4,1,0.014,1.1,0.6877,0.73979,"Campanula alaskana","Dalea candida",-0.00121951219512195,"random",6,10,5,6,8,3,3,5,0.6
86,140,23,7,3,0.024,2,0.90751,0.30451,"Campanula alaskana","Dalea purpurea",0.0121951219512195,"random",6,10,5,6,9,4,4,5,0.8
86,141,23,34,13,0.116,9.5,0.97564,0.07014,"Campanula alaskana","Dasiphora fruticosa",0.0426829268292683,"random",6,10,5,5,10,6,5,6,0.833333333333333
86,142,23,5,1,0.017,1.4,0.56713,0.81652,"Campanula alaskana","Delphinium bicolor",-0.0048780487804878,"random",6,10,5,5,7,3,2,6,0.333333333333333
86,156,23,4,2,0.014,1.1,0.9352,0.3123,"Campanula alaskana","Drymocallis arguta",0.0109756097560976,"random",6,10,5,6,8,3,3,5,0.6
86,160,23,32,12,0.109,9,0.96136,0.10225,"Campanula alaskana","Elaeagnus commutata",0.0365853658536585,"random",6,10,5,5,9,5,4,6,0.666666666666667
86,167,23,4,2,0.014,1.1,0.9352,0.3123,"Campanula alaskana","Erigeron caespitosus",0.0109756097560976,"random",6,10,5,6,9,4,4,5,0.8
86,171,23,21,5,0.072,5.9,0.42109,0.78031,"Campanula alaskana","Eriogonum flavum",-0.0109756097560976,"random",6,10,5,5,9,5,4,6,0.666666666666667
86,172,23,4,0,0.014,1.1,0.26021,1,"Campanula alaskana","Eriogonum umbellatum",-0.0134146341463415,"random",6,10,5,6,9,4,4,5,0.8
86,178,23,5,0,0.017,1.4,0.18348,1,"Campanula alaskana","Euphorbia virgata",-0.0170731707317073,"random",6,10,5,5,9,5,4,6,0.666666666666667
86,179,23,5,2,0.017,1.4,0.86856,0.43287,"Campanula alaskana","Eurybia conspicua",0.00731707317073171,"random",6,10,5,7,10,4,4,5,0.8
86,180,23,4,0,0.014,1.1,0.26021,1,"Campanula alaskana","Eurybia sibirica",-0.0134146341463415,"random",6,10,5,6,10,5,5,5,1
86,181,23,23,7,0.079,6.5,0.72068,0.48218,"Campanula alaskana","Fragaria virginiana",0.00609756097560976,"random",6,10,5,5,11,7,5,7,0.714285714285714
86,183,23,22,7,0.075,6.2,0.772,0.42044,"Campanula alaskana","Gaillardia aristata",0.00975609756097561,"random",6,10,5,6,10,5,5,5,1
86,184,23,6,5,0.021,1.7,0.99971,0.00596,"Campanula alaskana","Galearis rotundifolia",0.0402439024390244,"positive",6,10,5,6,7,2,2,5,0.4
86,186,23,28,11,0.096,7.9,0.96933,0.08622,"Campanula alaskana","Galium boreale",0.0378048780487805,"random",6,10,5,6,8,3,3,5,0.6
86,190,23,12,4,0.041,3.4,0.78869,0.44832,"Campanula alaskana","Geranium viscosissimum",0.00731707317073171,"random",6,10,5,5,11,7,5,7,0.714285714285714
86,192,23,22,6,0.075,6.2,0.57956,0.63834,"Campanula alaskana","Geum triflorum",-0.0024390243902439,"random",6,10,5,4,7,4,2,7,0.285714285714286
86,193,23,14,2,0.048,3.9,0.17721,0.95161,"Campanula alaskana","Glycyrrhiza lepidota",-0.0231707317073171,"random",6,10,5,6,8,3,3,5,0.6
86,195,23,13,0,0.044,3.6,0.00907,1,"Campanula alaskana","Grindelia squarrosa",-0.0439024390243902,"negative",6,10,5,7,11,5,4,6,0.666666666666667
86,196,23,14,1,0.048,3.9,0.04839,0.99395,"Campanula alaskana","Gutierrezia sarothrae",-0.0353658536585366,"negative",6,10,5,6,9,4,4,5,0.8
86,199,23,11,6,0.038,3.1,0.99079,0.0453,"Campanula alaskana","Hedysarum alpinum",0.0353658536585366,"positive",6,10,5,5,9,5,4,6,0.666666666666667
86,200,23,16,7,0.055,4.5,0.96586,0.10795,"Campanula alaskana","Hedysarum boreale",0.0304878048780488,"random",6,10,5,4,10,7,5,7,0.714285714285714
86,202,23,6,1,0.021,1.7,0.45752,0.87132,"Campanula alaskana","Helianthus annuus",-0.00853658536585366,"random",6,10,5,6,11,6,5,6,0.833333333333333
86,204,23,4,3,0.014,1.1,0.99494,0.0648,"Campanula alaskana","Helianthus pauciflorus",0.0231707317073171,"random",6,10,5,7,9,3,3,5,0.6
86,206,23,8,3,0.027,2.2,0.85097,0.3978,"Campanula alaskana","Heracleum maximum",0.00975609756097561,"random",6,10,5,6,8,3,3,5,0.6
86,207,23,5,2,0.017,1.4,0.86856,0.43287,"Campanula alaskana","Hesperostipa comata",0.00731707317073171,"random",6,10,5,6,6,1,1,5,0.2
86,208,23,13,5,0.044,3.6,0.89162,0.27564,"Campanula alaskana","Heterotheca villosa",0.0170731707317073,"random",6,10,5,6,10,5,5,5,1
86,209,23,4,0,0.014,1.1,0.26021,1,"Campanula alaskana","Heuchera cylindrica",-0.0134146341463415,"random",6,10,5,6,9,4,4,5,0.8
86,210,23,4,2,0.014,1.1,0.9352,0.3123,"Campanula alaskana","Heuchera richardsonii",0.0109756097560976,"random",6,10,5,6,7,2,2,5,0.4
86,214,23,6,1,0.021,1.7,0.45752,0.87132,"Campanula alaskana","Hordeum jubatum",-0.00853658536585366,"random",6,10,5,6,7,2,2,5,0.4
86,216,23,7,2,0.024,2,0.69549,0.63768,"Campanula alaskana","Hymenoxys richardsonii",0,"random",6,10,5,5,7,3,2,6,0.333333333333333
86,217,23,7,2,0.024,2,0.69549,0.63768,"Campanula alaskana","Hyoscyamus niger",0,"random",6,10,5,5,10,6,5,6,0.833333333333333
86,221,23,4,2,0.014,1.1,0.9352,0.3123,"Campanula alaskana","Koeleria macrantha",0.0109756097560976,"random",6,10,5,6,7,2,2,5,0.4
86,222,23,7,3,0.024,2,0.90751,0.30451,"Campanula alaskana","Krascheninnikovia lanata",0.0121951219512195,"random",6,10,5,5,9,4,4,6,0.666666666666667
86,226,23,4,1,0.014,1.1,0.6877,0.73979,"Campanula alaskana","Lathyrus ochroleucus",-0.00121951219512195,"random",6,10,5,5,7,3,2,6,0.333333333333333
86,227,23,4,2,0.014,1.1,0.9352,0.3123,"Campanula alaskana","Lepidium densiflorum",0.0109756097560976,"random",6,10,5,6,7,2,2,5,0.4
86,231,23,5,1,0.017,1.4,0.56713,0.81652,"Campanula alaskana","Leucanthemum vulgare",-0.0048780487804878,"random",6,10,5,6,10,5,5,5,1
86,233,23,14,3,0.048,3.9,0.40264,0.82279,"Campanula alaskana","Liatris punctata",-0.0109756097560976,"random",6,10,5,7,10,4,4,5,0.8
86,234,23,5,4,0.017,1.4,0.99877,0.02038,"Campanula alaskana","Lilium philadelphicum",0.0317073170731707,"positive",6,10,5,5,9,5,4,6,0.666666666666667
86,235,23,4,1,0.014,1.1,0.6877,0.73979,"Campanula alaskana","Linaria dalmatica",-0.00121951219512195,"random",6,10,5,5,10,6,5,6,0.833333333333333
86,236,23,11,5,0.038,3.1,0.9547,0.15358,"Campanula alaskana","Linaria vulgaris",0.0231707317073171,"random",6,10,5,5,10,6,5,6,0.833333333333333
86,239,23,23,10,0.079,6.5,0.9851,0.04982,"Campanula alaskana","Linum lewisii",0.0426829268292683,"positive",6,10,5,5,10,6,5,6,0.833333333333333
86,240,23,6,3,0.021,1.7,0.95077,0.21365,"Campanula alaskana","Lithospermum incisum",0.0158536585365854,"random",6,10,5,4,6,3,1,7,0.142857142857143
86,241,23,13,5,0.044,3.6,0.89162,0.27564,"Campanula alaskana","Lithospermum ruderale",0.0170731707317073,"random",6,10,5,5,7,3,2,6,0.333333333333333
86,246,23,12,4,0.041,3.4,0.78869,0.44832,"Campanula alaskana","Lonicera dioica",0.00731707317073171,"random",6,10,5,6,7,2,2,5,0.4
86,248,23,4,1,0.014,1.1,0.6877,0.73979,"Campanula alaskana","Lonicera tatarica",-0.00121951219512195,"random",6,10,5,4,7,4,2,7,0.285714285714286
86,250,23,6,1,0.021,1.7,0.45752,0.87132,"Campanula alaskana","Lotus corniculatus",-0.00853658536585366,"random",6,10,5,5,9,5,4,6,0.666666666666667
86,253,23,7,3,0.024,2,0.90751,0.30451,"Campanula alaskana","Lygodesmia juncea",0.0121951219512195,"random",6,10,5,6,10,5,5,5,1
86,256,23,4,0,0.014,1.1,0.26021,1,"Campanula alaskana","Mahonia repens",-0.0134146341463415,"random",6,10,5,6,6,1,1,5,0.2
86,257,23,4,1,0.014,1.1,0.6877,0.73979,"Campanula alaskana","Maianthemum racemosum",-0.00121951219512195,"random",6,10,5,5,7,3,2,6,0.333333333333333
86,258,23,30,13,0.103,8.4,0.99492,0.01937,"Campanula alaskana","Maianthemum stellatum",0.0560975609756098,"positive",6,10,5,5,7,3,2,6,0.333333333333333
86,261,23,10,3,0.034,2.8,0.70913,0.57329,"Campanula alaskana","Medicago lupulina",0.0024390243902439,"random",6,10,5,5,11,7,5,7,0.714285714285714
86,262,23,10,3,0.034,2.8,0.70913,0.57329,"Campanula alaskana","Medicago sativa",0.0024390243902439,"random",6,10,5,5,10,6,5,6,0.833333333333333
86,264,23,9,2,0.031,2.5,0.51144,0.78308,"Campanula alaskana","Melilotus albus",-0.00609756097560976,"random",6,10,5,6,11,6,5,6,0.833333333333333
86,265,23,14,4,0.048,3.9,0.65568,0.59736,"Campanula alaskana","Melilotus officinalis",0.00121951219512195,"random",6,10,5,5,11,7,5,7,0.714285714285714
86,275,23,18,8,0.062,5,0.97721,0.07543,"Campanula alaskana","Monarda fistulosa",0.0365853658536585,"random",6,10,5,5,9,5,4,6,0.666666666666667
86,278,23,11,4,0.038,3.1,0.84642,0.36932,"Campanula alaskana","Musineon divaricatum",0.0109756097560976,"random",6,10,5,4,7,4,2,7,0.285714285714286
86,285,23,13,4,0.044,3.6,0.72436,0.52506,"Campanula alaskana","Oenothera suffrutescens",0.0048780487804878,"random",6,10,5,5,8,4,3,6,0.5
86,286,23,15,3,0.051,4.2,0.33634,0.86258,"Campanula alaskana","Opuntia polyacantha",-0.0146341463414634,"random",6,10,5,5,8,4,3,6,0.5
86,287,23,6,2,0.021,1.7,0.78635,0.54248,"Campanula alaskana","Oreocarya glomerata",0.00365853658536585,"random",6,10,5,5,8,4,3,6,0.5
86,290,23,9,6,0.031,2.5,0.99847,0.01273,"Campanula alaskana","Oxytropis campestris",0.0426829268292683,"positive",6,10,5,5,9,5,4,6,0.666666666666667
86,292,23,9,3,0.031,2.5,0.78373,0.48856,"Campanula alaskana","Oxytropis sericea",0.00609756097560976,"random",6,10,5,5,6,2,1,6,0.166666666666667
86,292,23,9,3,0.031,2.5,0.78373,0.48856,"Campanula alaskana","Oxytropis sericea",0.00609756097560976,"random",6,10,5,5,6,2,1,6,0.166666666666667
86,293,23,6,2,0.021,1.7,0.78635,0.54248,"Campanula alaskana","Oxytropis splendens",0.00365853658536585,"random",6,10,5,6,8,3,3,5,0.6
86,295,23,5,0,0.017,1.4,0.18348,1,"Campanula alaskana","Packera cana",-0.0170731707317073,"random",6,10,5,5,8,4,3,6,0.5
86,300,23,4,0,0.014,1.1,0.26021,1,"Campanula alaskana","Pedicularis bracteosa",-0.0134146341463415,"random",6,10,5,6,8,3,3,5,0.6
86,303,23,4,1,0.014,1.1,0.6877,0.73979,"Campanula alaskana","Pediomelum esculentum",-0.00121951219512195,"random",6,10,5,6,7,2,2,5,0.4
86,304,23,8,3,0.027,2.2,0.85097,0.3978,"Campanula alaskana","Pelecyphora vivipara",0.00975609756097561,"random",6,10,5,5,7,3,2,6,0.333333333333333
86,306,23,4,0,0.014,1.1,0.26021,1,"Campanula alaskana","Penstemon albidus",-0.0134146341463415,"random",6,10,5,5,7,3,2,6,0.333333333333333
86,307,23,6,0,0.021,1.7,0.12868,1,"Campanula alaskana","Penstemon confertus",-0.0207317073170732,"random",6,10,5,6,8,3,3,5,0.6
86,310,23,15,6,0.051,4.2,0.92434,0.20292,"Campanula alaskana","Penstemon nitidus",0.0219512195121951,"random",6,10,5,4,7,4,2,7,0.285714285714286
86,315,23,6,3,0.021,1.7,0.95077,0.21365,"Campanula alaskana","Petasites frigidus",0.0158536585365854,"random",6,10,5,4,9,6,4,7,0.571428571428571
86,318,23,4,1,0.014,1.1,0.6877,0.73979,"Campanula alaskana","Phalaris arundinacea",-0.00121951219512195,"random",6,10,5,5,10,6,5,6,0.833333333333333
86,320,23,6,3,0.021,1.7,0.95077,0.21365,"Campanula alaskana","Phleum pratense",0.0158536585365854,"random",6,10,5,7,7,1,1,5,0.2
86,321,23,15,2,0.051,4.2,0.13742,0.96531,"Campanula alaskana","Phlox hoodii",-0.0268292682926829,"random",6,10,5,3,10,8,5,8,0.625
86,323,23,6,1,0.021,1.7,0.45752,0.87132,"Campanula alaskana","Physaria arenosa",-0.00853658536585366,"random",6,10,5,4,7,4,2,7,0.285714285714286
86,327,23,5,1,0.017,1.4,0.56713,0.81652,"Campanula alaskana","Plantago major",-0.0048780487804878,"random",6,10,5,6,8,3,3,5,0.6
86,328,23,5,1,0.017,1.4,0.56713,0.81652,"Campanula alaskana","Plantago patagonica",-0.0048780487804878,"random",6,10,5,6,8,3,3,5,0.6
86,337,23,5,1,0.017,1.4,0.56713,0.81652,"Campanula alaskana","Polemonium pulcherrimum",-0.0048780487804878,"random",6,10,5,4,9,6,4,7,0.571428571428571
86,338,23,6,5,0.021,1.7,0.99971,0.00596,"Campanula alaskana","Polygala senega",0.0402439024390244,"positive",6,10,5,5,7,3,2,6,0.333333333333333
86,340,23,6,4,0.021,1.7,0.99404,0.04923,"Campanula alaskana","Populus balsamifera",0.0280487804878049,"positive",6,10,5,4,5,2,0,7,0
86,342,23,17,6,0.058,4.8,0.85291,0.32144,"Campanula alaskana","Populus tremuloides",0.0146341463414634,"random",6,10,5,4,4,1,0,7,0
86,343,23,10,3,0.034,2.8,0.70913,0.57329,"Campanula alaskana","Potentilla concinna",0.0024390243902439,"random",6,10,5,4,6,3,1,7,0.142857142857143
86,351,23,4,1,0.014,1.1,0.6877,0.73979,"Campanula alaskana","Prosartes trachycarpa",-0.00121951219512195,"random",6,10,5,4,6,3,1,7,0.142857142857143
86,354,23,23,6,0.079,6.5,0.51782,0.69346,"Campanula alaskana","Prunus virginiana",-0.00609756097560976,"random",6,10,5,4,7,4,2,7,0.285714285714286
86,356,23,25,7,0.086,7,0.60809,0.60183,"Campanula alaskana","Pulsatilla nuttalliana",0,"random",6,10,5,3,11,9,5,9,0.555555555555556
86,358,23,10,5,0.034,2.8,0.97438,0.10436,"Campanula alaskana","Pyrola asarifolia",0.0268292682926829,"random",6,10,5,6,9,4,4,5,0.8
86,359,23,4,1,0.014,1.1,0.6877,0.73979,"Campanula alaskana","Ranunculus acris",-0.00121951219512195,"random",6,10,5,5,10,6,5,6,0.833333333333333
86,362,23,6,1,0.021,1.7,0.45752,0.87132,"Campanula alaskana","Ratibida columnifera",-0.00853658536585366,"random",6,10,5,6,10,5,5,5,1
86,368,23,10,2,0.034,2.8,0.42671,0.83553,"Campanula alaskana","Rhus aromatica",-0.00975609756097561,"random",6,10,5,5,5,1,0,6,0
86,371,23,7,1,0.024,2,0.36232,0.91027,"Campanula alaskana","Ribes oxyacanthoides",-0.0121951219512195,"random",6,10,5,5,6,2,1,6,0.166666666666667
86,373,23,8,1,0.027,2.2,0.28237,0.93778,"Campanula alaskana","Rosa acicularis",-0.0146341463414634,"random",6,10,5,5,7,3,2,6,0.333333333333333
86,374,23,8,2,0.027,2.2,0.6022,0.71763,"Campanula alaskana","Rosa arkansana",-0.0024390243902439,"random",6,10,5,6,9,4,4,5,0.8
86,376,23,18,5,0.062,5,0.61418,0.61856,"Campanula alaskana","Rosa woodsii",0,"random",6,10,5,6,8,3,3,5,0.6
86,377,23,4,1,0.014,1.1,0.6877,0.73979,"Campanula alaskana","Rubus idaeus",-0.00121951219512195,"random",6,10,5,6,7,2,2,5,0.4
86,383,23,4,1,0.014,1.1,0.6877,0.73979,"Campanula alaskana","Salix bebbiana",-0.00121951219512195,"random",6,10,5,5,8,4,3,6,0.5
86,389,23,5,0,0.017,1.4,0.18348,1,"Campanula alaskana","Salix glauca",-0.0170731707317073,"random",6,10,5,6,7,2,2,5,0.4
86,390,23,10,5,0.034,2.8,0.97438,0.10436,"Campanula alaskana","Salix interior",0.0268292682926829,"random",6,10,5,5,7,3,2,6,0.333333333333333
86,393,23,4,0,0.014,1.1,0.26021,1,"Campanula alaskana","Salsola tragus",-0.0134146341463415,"random",6,10,5,7,10,4,4,5,0.8
86,408,23,8,2,0.027,2.2,0.6022,0.71763,"Campanula alaskana","Shepherdia argentea",-0.0024390243902439,"random",6,10,5,4,5,2,0,7,0
86,409,23,25,8,0.086,7,0.78802,0.39191,"Campanula alaskana","Shepherdia canadensis",0.0121951219512195,"random",6,10,5,4,5,2,0,7,0
86,412,23,7,3,0.024,2,0.90751,0.30451,"Campanula alaskana","Sisymbrium loeselii",0.0121951219512195,"random",6,10,5,5,10,6,5,6,0.833333333333333
86,413,23,7,5,0.024,2,0.99837,0.01677,"Campanula alaskana","Sisyrinchium montanum",0.0365853658536585,"positive",6,10,5,5,8,4,3,6,0.5
86,417,23,8,1,0.027,2.2,0.28237,0.93778,"Campanula alaskana","Solidago missouriensis",-0.0146341463414634,"random",6,10,5,6,9,4,4,5,0.8
86,423,23,8,1,0.027,2.2,0.28237,0.93778,"Campanula alaskana","Sphaeralcea coccinea",-0.0146341463414634,"random",6,10,5,5,9,5,4,6,0.666666666666667
86,430,23,30,8,0.103,8.4,0.52142,0.6764,"Campanula alaskana","Symphoricarpos occidentalis",-0.00487804878048781,"random",6,10,5,6,8,3,3,5,0.6
86,434,23,16,6,0.055,4.5,0.89205,0.2599,"Campanula alaskana","Symphyotrichum laeve",0.0182926829268293,"random",6,10,5,6,10,5,5,5,1
86,437,23,7,2,0.024,2,0.69549,0.63768,"Campanula alaskana","Tanacetum vulgare",0,"random",6,10,5,7,10,4,4,5,0.8
86,438,23,12,4,0.041,3.4,0.78869,0.44832,"Campanula alaskana","Taraxacum officinale",0.00731707317073171,"random",6,10,5,3,11,9,5,9,0.555555555555556
86,442,23,30,9,0.103,8.4,0.7123,0.47858,"Campanula alaskana","Thermopsis rhombifolia",0.0073170731707317,"random",6,10,5,4,7,4,2,7,0.285714285714286
86,444,23,10,4,0.034,2.8,0.89564,0.29087,"Campanula alaskana","Thlaspi arvense",0.0146341463414634,"random",6,10,5,4,9,6,4,7,0.571428571428571
86,448,23,18,7,0.062,5,0.92457,0.19269,"Campanula alaskana","Tragopogon dubius",0.024390243902439,"random",6,10,5,5,10,6,5,6,0.833333333333333
86,450,23,5,3,0.017,1.4,0.97962,0.13144,"Campanula alaskana","Triantha glutinosa",0.0195121951219512,"random",6,10,5,6,8,3,3,5,0.6
86,453,23,4,1,0.014,1.1,0.6877,0.73979,"Campanula alaskana","Trifolium hybridum",-0.00121951219512195,"random",6,10,5,6,10,5,5,5,1
86,454,23,18,6,0.062,5,0.80731,0.38582,"Campanula alaskana","Trifolium pratense",0.0121951219512195,"random",6,10,5,6,10,5,5,5,1
86,455,23,5,1,0.017,1.4,0.56713,0.81652,"Campanula alaskana","Trifolium repens",-0.0048780487804878,"random",6,10,5,5,10,6,5,6,0.833333333333333
86,458,23,7,1,0.024,2,0.36232,0.91027,"Campanula alaskana","Tripleurospermum inodorum",-0.0121951219512195,"random",6,10,5,5,11,7,5,7,0.714285714285714
86,460,23,6,1,0.021,1.7,0.45752,0.87132,"Campanula alaskana","Typha latifolia",-0.00853658536585366,"random",6,10,5,6,7,2,2,5,0.4
86,475,23,16,3,0.055,4.5,0.27696,0.89478,"Campanula alaskana","Vicia americana",-0.0182926829268293,"random",6,10,5,5,9,5,4,6,0.666666666666667
86,476,23,14,5,0.048,3.9,0.84798,0.34432,"Campanula alaskana","Vicia cracca",0.0134146341463415,"random",6,10,5,5,11,7,5,7,0.714285714285714
86,477,23,15,6,0.051,4.2,0.92434,0.20292,"Campanula alaskana","Viola adunca",0.0219512195121951,"random",6,10,5,4,9,6,4,7,0.571428571428571
86,479,23,6,2,0.021,1.7,0.78635,0.54248,"Campanula alaskana","Viola nuttallii",0.00365853658536585,"random",6,10,5,4,6,3,1,7,0.142857142857143
86,488,23,14,7,0.048,3.9,0.98783,0.05021,"Campanula alaskana","Zizia aptera",0.0378048780487805,"random",6,10,5,5,7,3,2,6,0.333333333333333
87,107,7,16,1,0.017,1.4,0.58724,0.79515,"Campanula rapunculoides","Chamaenerion angustifolium",-0.0048780487804878,"random",6,10,5,6,9,4,4,5,0.8
87,112,7,19,4,0.02,1.6,0.99356,0.04692,"Campanula rapunculoides","Cirsium arvense",0.0292682926829268,"positive",6,10,5,6,9,4,4,5,0.8
87,123,7,19,1,0.02,1.6,0.4851,0.85447,"Campanula rapunculoides","Comandra umbellata",-0.00731707317073171,"random",6,10,5,5,7,3,2,6,0.333333333333333
87,129,7,28,4,0.029,2.4,0.95734,0.17624,"Campanula rapunculoides","Cornus sericea",0.0195121951219512,"random",6,10,5,5,8,4,3,6,0.5
87,141,7,34,1,0.035,2.9,0.12911,0.98063,"Campanula rapunculoides","Dasiphora fruticosa",-0.0231707317073171,"random",6,10,5,5,10,6,5,6,0.833333333333333
87,160,7,32,4,0.033,2.7,0.92231,0.26308,"Campanula rapunculoides","Elaeagnus commutata",0.0158536585365854,"random",6,10,5,5,9,5,4,6,0.666666666666667
87,171,7,21,1,0.022,1.8,0.42146,0.88524,"Campanula rapunculoides","Eriogonum flavum",-0.00975609756097561,"random",6,10,5,5,9,5,4,6,0.666666666666667
87,181,7,23,2,0.024,2,0.69549,0.63768,"Campanula rapunculoides","Fragaria virginiana",0,"random",6,10,5,5,11,7,5,7,0.714285714285714
87,183,7,22,2,0.023,1.9,0.72314,0.6087,"Campanula rapunculoides","Gaillardia aristata",0.00121951219512195,"random",6,10,5,6,10,5,5,5,1
87,186,7,28,2,0.029,2.4,0.55124,0.7632,"Campanula rapunculoides","Galium boreale",-0.0048780487804878,"random",6,10,5,6,8,3,3,5,0.6
87,190,7,12,2,0.012,1,0.93929,0.27082,"Campanula rapunculoides","Geranium viscosissimum",0.0121951219512195,"random",6,10,5,5,11,7,5,7,0.714285714285714
87,192,7,22,1,0.023,1.9,0.3913,0.89841,"Campanula rapunculoides","Geum triflorum",-0.0109756097560976,"random",6,10,5,4,7,4,2,7,0.285714285714286
87,193,7,14,3,0.015,1.2,0.98555,0.09242,"Campanula rapunculoides","Glycyrrhiza lepidota",0.0219512195121951,"random",6,10,5,6,8,3,3,5,0.6
87,195,7,13,2,0.014,1.1,0.92429,0.30629,"Campanula rapunculoides","Grindelia squarrosa",0.0109756097560976,"random",6,10,5,7,11,5,4,6,0.666666666666667
87,196,7,14,1,0.015,1.2,0.65806,0.745,"Campanula rapunculoides","Gutierrezia sarothrae",-0.0024390243902439,"random",6,10,5,6,9,4,4,5,0.8
87,200,7,16,1,0.017,1.4,0.58724,0.79515,"Campanula rapunculoides","Hedysarum boreale",-0.0048780487804878,"random",6,10,5,4,10,7,5,7,0.714285714285714
87,208,7,13,1,0.014,1.1,0.69371,0.71621,"Campanula rapunculoides","Heterotheca villosa",-0.00121951219512195,"random",6,10,5,6,10,5,5,5,1
87,233,7,14,0,0.015,1.2,0.255,1,"Campanula rapunculoides","Liatris punctata",-0.0146341463414634,"random",6,10,5,7,10,4,4,5,0.8
87,239,7,23,2,0.024,2,0.69549,0.63768,"Campanula rapunculoides","Linum lewisii",0,"random",6,10,5,5,10,6,5,6,0.833333333333333
87,241,7,13,2,0.014,1.1,0.92429,0.30629,"Campanula rapunculoides","Lithospermum ruderale",0.0109756097560976,"random",6,10,5,5,7,3,2,6,0.333333333333333
87,246,7,12,1,0.012,1,0.72918,0.68468,"Campanula rapunculoides","Lonicera dioica",0,"random",6,10,5,6,7,2,2,5,0.4
87,258,7,30,1,0.031,2.6,0.19584,0.96481,"Campanula rapunculoides","Maianthemum stellatum",-0.0195121951219512,"random",6,10,5,5,7,3,2,6,0.333333333333333
87,265,7,14,2,0.015,1.2,0.90758,0.34194,"Campanula rapunculoides","Melilotus officinalis",0.00975609756097561,"random",6,10,5,5,11,7,5,7,0.714285714285714
87,275,7,18,4,0.019,1.5,0.99514,0.0384,"Campanula rapunculoides","Monarda fistulosa",0.0304878048780488,"positive",6,10,5,5,9,5,4,6,0.666666666666667
87,285,7,13,2,0.014,1.1,0.92429,0.30629,"Campanula rapunculoides","Oenothera suffrutescens",0.0109756097560976,"random",6,10,5,5,8,4,3,6,0.5
87,286,7,15,0,0.016,1.3,0.22875,1,"Campanula rapunculoides","Opuntia polyacantha",-0.0158536585365854,"random",6,10,5,5,8,4,3,6,0.5
87,310,7,15,1,0.016,1.3,0.6225,0.77125,"Campanula rapunculoides","Penstemon nitidus",-0.00365853658536585,"random",6,10,5,4,7,4,2,7,0.285714285714286
87,321,7,15,1,0.016,1.3,0.6225,0.77125,"Campanula rapunculoides","Phlox hoodii",-0.00365853658536585,"random",6,10,5,3,10,8,5,8,0.625
87,342,7,17,1,0.018,1.5,0.55247,0.81688,"Campanula rapunculoides","Populus tremuloides",-0.00609756097560976,"random",6,10,5,4,4,1,0,7,0
87,354,7,23,5,0.024,2,0.99837,0.01677,"Campanula rapunculoides","Prunus virginiana",0.0365853658536585,"positive",6,10,5,4,7,4,2,7,0.285714285714286
87,356,7,25,2,0.026,2.1,0.63858,0.69183,"Campanula rapunculoides","Pulsatilla nuttalliana",-0.00121951219512195,"random",6,10,5,3,11,9,5,9,0.555555555555556
87,376,7,18,3,0.019,1.5,0.9616,0.17477,"Campanula rapunculoides","Rosa woodsii",0.0182926829268293,"random",6,10,5,6,8,3,3,5,0.6
87,409,7,25,3,0.026,2.1,0.87755,0.36142,"Campanula rapunculoides","Shepherdia canadensis",0.0109756097560976,"random",6,10,5,4,5,2,0,7,0
87,430,7,30,2,0.031,2.6,0.49322,0.80416,"Campanula rapunculoides","Symphoricarpos occidentalis",-0.00731707317073171,"random",6,10,5,6,8,3,3,5,0.6
87,434,7,16,3,0.017,1.4,0.97549,0.13068,"Campanula rapunculoides","Symphyotrichum laeve",0.0195121951219512,"random",6,10,5,6,10,5,5,5,1
87,438,7,12,2,0.012,1,0.93929,0.27082,"Campanula rapunculoides","Taraxacum officinale",0.0121951219512195,"random",6,10,5,3,11,9,5,9,0.555555555555556
87,442,7,30,4,0.031,2.6,0.94164,0.21767,"Campanula rapunculoides","Thermopsis rhombifolia",0.0170731707317073,"random",6,10,5,4,7,4,2,7,0.285714285714286
87,448,7,18,3,0.019,1.5,0.9616,0.17477,"Campanula rapunculoides","Tragopogon dubius",0.0182926829268293,"random",6,10,5,5,10,6,5,6,0.833333333333333
87,454,7,18,1,0.019,1.5,0.51838,0.8366,"Campanula rapunculoides","Trifolium pratense",-0.00609756097560976,"random",6,10,5,6,10,5,5,5,1
87,475,7,16,3,0.017,1.4,0.97549,0.13068,"Campanula rapunculoides","Vicia americana",0.0195121951219512,"random",6,10,5,5,9,5,4,6,0.666666666666667
87,476,7,14,5,0.015,1.2,0.99995,0.00125,"Campanula rapunculoides","Vicia cracca",0.0463414634146341,"positive",6,10,5,5,11,7,5,7,0.714285714285714
87,477,7,15,1,0.016,1.3,0.6225,0.77125,"Campanula rapunculoides","Viola adunca",-0.00365853658536585,"random",6,10,5,4,9,6,4,7,0.571428571428571
87,488,7,14,0,0.015,1.2,0.255,1,"Campanula rapunculoides","Zizia aptera",-0.0146341463414634,"random",6,10,5,5,7,3,2,6,0.333333333333333
89,107,8,16,1,0.019,1.6,0.51076,0.83885,"Caragana arborescens","Chamaenerion angustifolium",-0.00731707317073171,"random",5,6,2,6,9,4,1,5,0.2
89,112,8,19,3,0.023,1.9,0.92069,0.27041,"Caragana arborescens","Cirsium arvense",0.0134146341463415,"random",5,6,2,6,9,4,1,5,0.2
89,123,8,19,2,0.023,1.9,0.72959,0.5964,"Caragana arborescens","Comandra umbellata",0.00121951219512195,"random",5,6,2,5,7,3,2,3,0.666666666666667
89,129,8,28,5,0.033,2.7,0.98299,0.0854,"Caragana arborescens","Cornus sericea",0.0280487804878049,"random",5,6,2,5,8,4,2,4,0.5
89,141,8,34,3,0.04,3.3,0.56147,0.72602,"Caragana arborescens","Dasiphora fruticosa",-0.00365853658536585,"random",5,6,2,5,10,6,2,6,0.333333333333333
89,160,8,32,4,0.038,3.1,0.8531,0.37926,"Caragana arborescens","Elaeagnus commutata",0.0109756097560976,"random",5,6,2,5,9,5,2,5,0.4
89,171,8,21,0,0.025,2,0.08262,1,"Caragana arborescens","Eriogonum flavum",-0.024390243902439,"random",5,6,2,5,9,5,2,5,0.4
89,181,8,23,3,0.027,2.2,0.85097,0.3978,"Caragana arborescens","Fragaria virginiana",0.00975609756097561,"random",5,6,2,5,11,7,2,7,0.285714285714286
89,183,8,22,5,0.026,2.1,0.996,0.02929,"Caragana arborescens","Gaillardia aristata",0.0353658536585366,"positive",5,6,2,6,10,5,1,6,0.166666666666667
89,186,8,28,3,0.033,2.7,0.73292,0.55776,"Caragana arborescens","Galium boreale",0.00365853658536585,"random",5,6,2,6,8,3,1,4,0.25
89,190,8,12,1,0.014,1.2,0.66848,0.73513,"Caragana arborescens","Geranium viscosissimum",-0.0024390243902439,"random",5,6,2,5,11,7,2,7,0.285714285714286
89,192,8,22,1,0.026,2.1,0.31018,0.92821,"Caragana arborescens","Geum triflorum",-0.0134146341463415,"random",5,6,2,4,7,4,2,4,0.5
89,193,8,14,2,0.017,1.4,0.86765,0.4118,"Caragana arborescens","Glycyrrhiza lepidota",0.00731707317073171,"random",5,6,2,6,8,3,1,4,0.25
89,195,8,13,0,0.015,1.3,0.2346,1,"Caragana arborescens","Grindelia squarrosa",-0.0158536585365854,"random",5,6,2,7,11,5,0,7,0
89,196,8,14,1,0.017,1.4,0.5882,0.7926,"Caragana arborescens","Gutierrezia sarothrae",-0.0048780487804878,"random",5,6,2,6,9,4,1,5,0.2
89,199,8,11,0,0.013,1.1,0.2985,1,"Caragana arborescens","Hedysarum alpinum",-0.0134146341463415,"random",5,6,2,5,9,5,2,5,0.4
89,200,8,16,2,0.019,1.6,0.81667,0.48924,"Caragana arborescens","Hedysarum boreale",0.0048780487804878,"random",5,6,2,4,10,7,2,7,0.285714285714286
89,208,8,13,2,0.015,1.3,0.89047,0.37188,"Caragana arborescens","Heterotheca villosa",0.00853658536585366,"random",5,6,2,6,10,5,1,6,0.166666666666667
89,233,8,14,1,0.017,1.4,0.5882,0.7926,"Caragana arborescens","Liatris punctata",-0.0048780487804878,"random",5,6,2,7,10,4,0,6,0
89,236,8,11,2,0.013,1.1,0.92996,0.29105,"Caragana arborescens","Linaria vulgaris",0.0109756097560976,"random",5,6,2,5,10,6,2,6,0.333333333333333
89,239,8,23,5,0.027,2.2,0.99473,0.03596,"Caragana arborescens","Linum lewisii",0.0341463414634146,"positive",5,6,2,5,10,6,2,6,0.333333333333333
89,241,8,13,2,0.015,1.3,0.89047,0.37188,"Caragana arborescens","Lithospermum ruderale",0.00853658536585366,"random",5,6,2,5,7,3,2,3,0.666666666666667
89,246,8,12,1,0.014,1.2,0.66848,0.73513,"Caragana arborescens","Lonicera dioica",-0.0024390243902439,"random",5,6,2,6,7,2,1,3,0.333333333333333
89,258,8,30,4,0.036,2.9,0.88641,0.32175,"Caragana arborescens","Maianthemum stellatum",0.0134146341463415,"random",5,6,2,5,7,3,2,3,0.666666666666667
89,265,8,14,2,0.017,1.4,0.86765,0.4118,"Caragana arborescens","Melilotus officinalis",0.00731707317073171,"random",5,6,2,5,11,7,2,7,0.285714285714286
89,275,8,18,4,0.021,1.8,0.98888,0.06567,"Caragana arborescens","Monarda fistulosa",0.0268292682926829,"random",5,6,2,5,9,5,2,5,0.4
89,278,8,11,2,0.013,1.1,0.92996,0.29105,"Caragana arborescens","Musineon divaricatum",0.0109756097560976,"random",5,6,2,4,7,4,2,4,0.5
89,285,8,13,3,0.015,1.3,0.98065,0.10953,"Caragana arborescens","Oenothera suffrutescens",0.0207317073170732,"random",5,6,2,5,8,4,2,4,0.5
89,286,8,15,0,0.018,1.5,0.183,1,"Caragana arborescens","Opuntia polyacantha",-0.0182926829268293,"random",5,6,2,5,8,4,2,4,0.5
89,310,8,15,3,0.018,1.5,0.96629,0.157,"Caragana arborescens","Penstemon nitidus",0.0182926829268293,"random",5,6,2,4,7,4,2,4,0.5
89,321,8,15,1,0.018,1.5,0.549,0.817,"Caragana arborescens","Phlox hoodii",-0.00609756097560976,"random",5,6,2,3,10,8,2,8,0.25
89,342,8,17,2,0.02,1.7,0.78886,0.52632,"Caragana arborescens","Populus tremuloides",0.00365853658536585,"random",5,6,2,4,4,1,0,3,0
89,354,8,23,2,0.027,2.2,0.6022,0.71763,"Caragana arborescens","Prunus virginiana",-0.0024390243902439,"random",5,6,2,4,7,4,2,4,0.5
89,356,8,25,2,0.03,2.4,0.53725,0.76819,"Caragana arborescens","Pulsatilla nuttalliana",-0.0048780487804878,"random",5,6,2,3,11,9,2,9,0.222222222222222
89,376,8,18,2,0.021,1.8,0.75976,0.56208,"Caragana arborescens","Rosa woodsii",0.0024390243902439,"random",5,6,2,6,8,3,1,4,0.25
89,409,8,25,2,0.03,2.4,0.53725,0.76819,"Caragana arborescens","Shepherdia canadensis",-0.0048780487804878,"random",5,6,2,4,5,2,1,3,0.333333333333333
89,430,8,30,5,0.036,2.9,0.97477,0.11359,"Caragana arborescens","Symphoricarpos occidentalis",0.025609756097561,"random",5,6,2,6,8,3,1,4,0.25
89,434,8,16,1,0.019,1.6,0.51076,0.83885,"Caragana arborescens","Symphyotrichum laeve",-0.00731707317073171,"random",5,6,2,6,10,5,1,6,0.166666666666667
89,438,8,12,4,0.014,1.2,0.99872,0.01401,"Caragana arborescens","Taraxacum officinale",0.0341463414634146,"positive",5,6,2,3,11,9,2,9,0.222222222222222
89,442,8,30,3,0.036,2.9,0.67825,0.6178,"Caragana arborescens","Thermopsis rhombifolia",0.00121951219512195,"random",5,6,2,4,7,4,2,4,0.5
89,448,8,18,2,0.021,1.8,0.75976,0.56208,"Caragana arborescens","Tragopogon dubius",0.0024390243902439,"random",5,6,2,5,10,6,2,6,0.333333333333333
89,454,8,18,1,0.021,1.8,0.43792,0.87581,"Caragana arborescens","Trifolium pratense",-0.00975609756097561,"random",5,6,2,6,10,5,1,6,0.166666666666667
89,475,8,16,3,0.019,1.6,0.95709,0.18333,"Caragana arborescens","Vicia americana",0.0170731707317073,"random",5,6,2,5,9,5,2,5,0.4
89,476,8,14,3,0.017,1.4,0.97411,0.13235,"Caragana arborescens","Vicia cracca",0.0195121951219512,"random",5,6,2,5,11,7,2,7,0.285714285714286
89,477,8,15,1,0.018,1.5,0.549,0.817,"Caragana arborescens","Viola adunca",-0.00609756097560976,"random",5,6,2,4,9,6,2,6,0.333333333333333
89,488,8,14,2,0.017,1.4,0.86765,0.4118,"Caragana arborescens","Zizia aptera",0.00731707317073171,"random",5,6,2,5,7,3,2,3,0.666666666666667
91,129,3,28,2,0.012,1,0.96301,0.26748,"Carex aurea","Cornus sericea",0.0121951219512195,"random",6,6,1,5,8,4,1,4,0.25
91,141,3,34,1,0.015,1.2,0.62836,0.8047,"Carex aurea","Dasiphora fruticosa",-0.0024390243902439,"random",6,6,1,5,10,6,1,6,0.166666666666667
91,160,3,32,3,0.014,1.2,1,0.05601,"Carex aurea","Elaeagnus commutata",0.0219512195121951,"random",6,6,1,5,9,5,1,5,0.2
91,186,3,28,2,0.012,1,0.96301,0.26748,"Carex aurea","Galium boreale",0.0121951219512195,"random",6,6,1,6,8,3,1,3,0.333333333333333
91,258,3,30,3,0.013,1.1,1,0.04584,"Carex aurea","Maianthemum stellatum",0.0231707317073171,"positive",6,6,1,5,7,3,1,3,0.333333333333333
91,430,3,30,2,0.013,1.1,0.95416,0.30126,"Carex aurea","Symphoricarpos occidentalis",0.0109756097560976,"random",6,6,1,6,8,3,1,3,0.333333333333333
91,442,3,30,0,0.013,1.1,0.24955,1,"Carex aurea","Thermopsis rhombifolia",-0.0134146341463415,"random",6,6,1,4,7,4,1,4,0.25
95,129,3,28,0,0.012,1,0.28008,1,"Carex filifolia","Cornus sericea",-0.0121951219512195,"random",4,8,5,5,8,4,4,5,0.8
95,141,3,34,0,0.015,1.2,0.1953,1,"Carex filifolia","Dasiphora fruticosa",-0.0146341463414634,"random",4,8,5,5,10,6,4,7,0.571428571428571
95,160,3,32,0,0.014,1.2,0.22132,1,"Carex filifolia","Elaeagnus commutata",-0.0146341463414634,"random",4,8,5,5,9,5,4,6,0.666666666666667
95,186,3,28,0,0.012,1,0.28008,1,"Carex filifolia","Galium boreale",-0.0121951219512195,"random",4,8,5,6,8,3,3,5,0.6
95,258,3,30,0,0.013,1.1,0.24955,1,"Carex filifolia","Maianthemum stellatum",-0.0134146341463415,"random",4,8,5,5,7,3,3,5,0.6
95,430,3,30,1,0.013,1.1,0.69874,0.75045,"Carex filifolia","Symphoricarpos occidentalis",-0.00121951219512195,"random",4,8,5,6,8,3,3,5,0.6
95,442,3,30,3,0.013,1.1,1,0.04584,"Carex filifolia","Thermopsis rhombifolia",0.0231707317073171,"positive",4,8,5,4,7,4,4,5,0.8
102,129,4,28,1,0.017,1.4,0.57789,0.81919,"Castilleja hispida","Cornus sericea",-0.0048780487804878,"random",5,8,4,5,8,4,4,4,1
102,141,4,34,1,0.02,1.7,0.44747,0.88875,"Castilleja hispida","Dasiphora fruticosa",-0.00853658536585366,"random",5,8,4,5,10,6,4,6,0.666666666666667
102,160,4,32,0,0.019,1.6,0.13167,1,"Castilleja hispida","Elaeagnus commutata",-0.0195121951219512,"random",5,8,4,5,9,5,4,5,0.8
102,171,4,21,2,0.012,1,0.95019,0.26952,"Castilleja hispida","Eriogonum flavum",0.0121951219512195,"random",5,8,4,5,9,5,4,5,0.8
102,181,4,23,1,0.014,1.1,0.6877,0.73979,"Castilleja hispida","Fragaria virginiana",-0.00121951219512195,"random",5,8,4,5,11,7,4,7,0.571428571428571
102,183,4,22,0,0.013,1.1,0.2788,1,"Castilleja hispida","Gaillardia aristata",-0.0134146341463415,"random",5,8,4,6,10,5,3,6,0.5
102,186,4,28,1,0.017,1.4,0.57789,0.81919,"Castilleja hispida","Galium boreale",-0.0048780487804878,"random",5,8,4,6,8,3,3,4,0.75
102,192,4,22,2,0.013,1.1,0.94299,0.29078,"Castilleja hispida","Geum triflorum",0.0109756097560976,"random",5,8,4,4,7,4,3,5,0.6
102,239,4,23,0,0.014,1.1,0.26021,1,"Castilleja hispida","Linum lewisii",-0.0134146341463415,"random",5,8,4,5,10,6,4,6,0.666666666666667
102,258,4,30,1,0.018,1.5,0.53384,0.84522,"Castilleja hispida","Maianthemum stellatum",-0.00609756097560976,"random",5,8,4,5,7,3,3,4,0.75
102,354,4,23,2,0.014,1.1,0.9352,0.3123,"Castilleja hispida","Prunus virginiana",0.0109756097560976,"random",5,8,4,4,7,4,3,5,0.6
102,356,4,25,1,0.015,1.2,0.64407,0.77416,"Castilleja hispida","Pulsatilla nuttalliana",-0.0024390243902439,"random",5,8,4,3,11,9,4,9,0.444444444444444
102,409,4,25,2,0.015,1.2,0.91781,0.35593,"Castilleja hispida","Shepherdia canadensis",0.00975609756097561,"random",5,8,4,4,5,2,1,5,0.2
102,430,4,30,1,0.018,1.5,0.53384,0.84522,"Castilleja hispida","Symphoricarpos occidentalis",-0.00609756097560976,"random",5,8,4,6,8,3,3,4,0.75
102,442,4,30,0,0.018,1.5,0.15478,1,"Castilleja hispida","Thermopsis rhombifolia",-0.0182926829268293,"random",5,8,4,4,7,4,3,5,0.6
103,112,5,19,1,0.014,1.2,0.67239,0.74239,"Castilleja miniata","Cirsium arvense",-0.0024390243902439,"random",5,10,6,6,9,4,4,6,0.666666666666667
103,123,5,19,0,0.014,1.2,0.25761,1,"Castilleja miniata","Comandra umbellata",-0.0146341463414634,"random",5,10,6,5,7,3,3,6,0.5
103,129,5,28,1,0.021,1.7,0.44044,0.88409,"Castilleja miniata","Cornus sericea",-0.00853658536585366,"random",5,10,6,5,8,4,4,6,0.666666666666667
103,141,5,34,2,0.025,2.1,0.66083,0.69478,"Castilleja miniata","Dasiphora fruticosa",-0.00121951219512195,"random",5,10,6,5,10,6,6,6,1
103,160,5,32,2,0.024,2,0.70404,0.65225,"Castilleja miniata","Elaeagnus commutata",0,"random",5,10,6,5,9,5,5,6,0.833333333333333
103,171,5,21,0,0.016,1.3,0.21803,1,"Castilleja miniata","Eriogonum flavum",-0.0158536585365854,"random",5,10,6,5,9,5,5,6,0.833333333333333
103,181,5,23,4,0.017,1.4,0.99877,0.02038,"Castilleja miniata","Fragaria virginiana",0.0317073170731707,"positive",5,10,6,5,11,7,6,7,0.857142857142857
103,183,5,22,0,0.016,1.3,0.20016,1,"Castilleja miniata","Gaillardia aristata",-0.0158536585365854,"random",5,10,6,6,10,5,5,6,0.833333333333333
103,186,5,28,1,0.021,1.7,0.44044,0.88409,"Castilleja miniata","Galium boreale",-0.00853658536585366,"random",5,10,6,6,8,3,3,6,0.5
103,192,5,22,0,0.016,1.3,0.20016,1,"Castilleja miniata","Geum triflorum",-0.0158536585365854,"random",5,10,6,4,7,4,3,7,0.428571428571429
103,239,5,23,0,0.017,1.4,0.18348,1,"Castilleja miniata","Linum lewisii",-0.0170731707317073,"random",5,10,6,5,10,6,6,6,1
103,258,5,30,1,0.022,1.8,0.39291,0.90475,"Castilleja miniata","Maianthemum stellatum",-0.00975609756097561,"random",5,10,6,5,7,3,3,6,0.5
103,275,5,18,0,0.013,1.1,0.27944,1,"Castilleja miniata","Monarda fistulosa",-0.0134146341463415,"random",5,10,6,5,9,5,5,6,0.833333333333333
103,342,5,17,0,0.013,1,0.30272,1,"Castilleja miniata","Populus tremuloides",-0.0121951219512195,"random",5,10,6,4,4,1,0,7,0
103,354,5,23,0,0.017,1.4,0.18348,1,"Castilleja miniata","Prunus virginiana",-0.0170731707317073,"random",5,10,6,4,7,4,3,7,0.428571428571429
103,356,5,25,1,0.019,1.5,0.51538,0.84654,"Castilleja miniata","Pulsatilla nuttalliana",-0.00609756097560976,"random",5,10,6,3,11,9,6,9,0.666666666666667
103,376,5,18,0,0.013,1.1,0.27944,1,"Castilleja miniata","Rosa woodsii",-0.0134146341463415,"random",5,10,6,6,8,3,3,6,0.5
103,409,5,25,3,0.019,1.5,0.97163,0.16291,"Castilleja miniata","Shepherdia canadensis",0.0182926829268293,"random",5,10,6,4,5,2,1,7,0.142857142857143
103,430,5,30,0,0.022,1.8,0.09525,1,"Castilleja miniata","Symphoricarpos occidentalis",-0.0219512195121951,"random",5,10,6,6,8,3,3,6,0.5
103,442,5,30,0,0.022,1.8,0.09525,1,"Castilleja miniata","Thermopsis rhombifolia",-0.0219512195121951,"random",5,10,6,4,7,4,3,7,0.428571428571429
103,448,5,18,1,0.013,1.1,0.69859,0.72056,"Castilleja miniata","Tragopogon dubius",-0.00121951219512195,"random",5,10,6,5,10,6,6,6,1
103,454,5,18,3,0.013,1.1,0.99251,0.06778,"Castilleja miniata","Trifolium pratense",0.0231707317073171,"random",5,10,6,6,10,5,5,6,0.833333333333333
105,129,3,28,1,0.012,1,0.73252,0.71992,"Centaurea stoebe","Cornus sericea",0,"random",6,10,5,5,8,4,3,6,0.5
105,141,3,34,0,0.015,1.2,0.1953,1,"Centaurea stoebe","Dasiphora fruticosa",-0.0146341463414634,"random",6,10,5,5,10,6,5,6,0.833333333333333
105,160,3,32,0,0.014,1.2,0.22132,1,"Centaurea stoebe","Elaeagnus commutata",-0.0146341463414634,"random",6,10,5,5,9,5,4,6,0.666666666666667
105,186,3,28,0,0.012,1,0.28008,1,"Centaurea stoebe","Galium boreale",-0.0121951219512195,"random",6,10,5,6,8,3,3,5,0.6
105,258,3,30,0,0.013,1.1,0.24955,1,"Centaurea stoebe","Maianthemum stellatum",-0.0134146341463415,"random",6,10,5,5,7,3,2,6,0.333333333333333
105,430,3,30,1,0.013,1.1,0.69874,0.75045,"Centaurea stoebe","Symphoricarpos occidentalis",-0.00121951219512195,"random",6,10,5,6,8,3,3,5,0.6
105,442,3,30,1,0.013,1.1,0.69874,0.75045,"Centaurea stoebe","Thermopsis rhombifolia",-0.00121951219512195,"random",6,10,5,4,7,4,2,7,0.285714285714286
106,112,5,19,0,0.014,1.2,0.25761,1,"Cerastium arvense","Cirsium arvense",-0.0146341463414634,"random",5,8,4,6,9,4,3,5,0.6
106,123,5,19,4,0.014,1.2,0.99957,0.00938,"Cerastium arvense","Comandra umbellata",0.0341463414634146,"positive",5,8,4,5,7,3,3,4,0.75
106,129,5,28,3,0.021,1.7,0.95588,0.21594,"Cerastium arvense","Cornus sericea",0.0158536585365854,"random",5,8,4,5,8,4,4,4,1
106,141,5,34,1,0.025,2.1,0.30522,0.93724,"Cerastium arvense","Dasiphora fruticosa",-0.0134146341463415,"random",5,8,4,5,10,6,4,6,0.666666666666667
106,160,5,32,2,0.024,2,0.70404,0.65225,"Cerastium arvense","Elaeagnus commutata",0,"random",5,8,4,5,9,5,4,5,0.8
106,171,5,21,0,0.016,1.3,0.21803,1,"Cerastium arvense","Eriogonum flavum",-0.0158536585365854,"random",5,8,4,5,9,5,4,5,0.8
106,181,5,23,2,0.017,1.4,0.86856,0.43287,"Cerastium arvense","Fragaria virginiana",0.00731707317073171,"random",5,8,4,5,11,7,4,7,0.571428571428571
106,183,5,22,3,0.016,1.3,0.98295,0.11695,"Cerastium arvense","Gaillardia aristata",0.0207317073170732,"random",5,8,4,6,10,5,3,6,0.5
106,186,5,28,2,0.021,1.7,0.78406,0.55956,"Cerastium arvense","Galium boreale",0.00365853658536585,"random",5,8,4,6,8,3,3,4,0.75
106,192,5,22,3,0.016,1.3,0.98295,0.11695,"Cerastium arvense","Geum triflorum",0.0207317073170732,"random",5,8,4,4,7,4,3,5,0.6
106,239,5,23,0,0.017,1.4,0.18348,1,"Cerastium arvense","Linum lewisii",-0.0170731707317073,"random",5,8,4,5,10,6,4,6,0.666666666666667
106,258,5,30,4,0.022,1.8,0.99478,0.05745,"Cerastium arvense","Maianthemum stellatum",0.0268292682926829,"random",5,8,4,5,7,3,3,4,0.75
106,275,5,18,1,0.013,1.1,0.69859,0.72056,"Cerastium arvense","Monarda fistulosa",-0.00121951219512195,"random",5,8,4,5,9,5,4,5,0.8
106,342,5,17,0,0.013,1,0.30272,1,"Cerastium arvense","Populus tremuloides",-0.0121951219512195,"random",5,8,4,4,4,1,0,5,0
106,354,5,23,1,0.017,1.4,0.56713,0.81652,"Cerastium arvense","Prunus virginiana",-0.0048780487804878,"random",5,8,4,4,7,4,3,5,0.6
106,356,5,25,3,0.019,1.5,0.97163,0.16291,"Cerastium arvense","Pulsatilla nuttalliana",0.0182926829268293,"random",5,8,4,3,11,9,4,9,0.444444444444444
106,376,5,18,0,0.013,1.1,0.27944,1,"Cerastium arvense","Rosa woodsii",-0.0134146341463415,"random",5,8,4,6,8,3,3,4,0.75
106,409,5,25,2,0.019,1.5,0.83709,0.48462,"Cerastium arvense","Shepherdia canadensis",0.00609756097560976,"random",5,8,4,4,5,2,1,5,0.2
106,430,5,30,1,0.022,1.8,0.39291,0.90475,"Cerastium arvense","Symphoricarpos occidentalis",-0.00975609756097561,"random",5,8,4,6,8,3,3,4,0.75
106,442,5,30,3,0.022,1.8,0.94255,0.25476,"Cerastium arvense","Thermopsis rhombifolia",0.0146341463414634,"random",5,8,4,4,7,4,3,5,0.6
106,448,5,18,0,0.013,1.1,0.27944,1,"Cerastium arvense","Tragopogon dubius",-0.0134146341463415,"random",5,8,4,5,10,6,4,6,0.666666666666667
106,454,5,18,0,0.013,1.1,0.27944,1,"Cerastium arvense","Trifolium pratense",-0.0134146341463415,"random",5,8,4,6,10,5,3,6,0.5
107,112,16,19,6,0.045,3.7,0.96303,0.12005,"Chamaenerion angustifolium","Cirsium arvense",0.0280487804878049,"random",6,9,4,6,9,4,4,4,1
107,117,16,8,0,0.019,1.6,0.16115,1,"Chamaenerion angustifolium","Cirsium undulatum",-0.0195121951219512,"random",6,9,4,6,9,4,4,4,1
107,118,16,8,4,0.019,1.6,0.99389,0.04291,"Chamaenerion angustifolium","Cirsium vulgare",0.0292682926829268,"positive",6,9,4,7,11,5,3,6,0.5
107,121,16,8,1,0.019,1.6,0.51076,0.83885,"Chamaenerion angustifolium","Clematis tangutica",-0.00731707317073171,"random",6,9,4,6,10,5,4,5,0.8
107,123,16,19,0,0.045,3.7,0.00878,1,"Chamaenerion angustifolium","Comandra umbellata",-0.0451219512195122,"negative",6,9,4,5,7,3,2,5,0.4
107,129,16,28,6,0.067,5.5,0.73235,0.48366,"Chamaenerion angustifolium","Cornus sericea",0.00609756097560976,"random",6,9,4,5,8,4,3,5,0.6
107,135,16,7,0,0.017,1.4,0.20485,1,"Chamaenerion angustifolium","Cypripedium parviflorum",-0.0170731707317073,"random",6,9,4,5,7,3,2,5,0.4
107,140,16,7,2,0.017,1.4,0.86932,0.41276,"Chamaenerion angustifolium","Dalea purpurea",0.00731707317073171,"random",6,9,4,6,9,4,4,4,1
107,141,16,34,9,0.081,6.6,0.94673,0.1458,"Chamaenerion angustifolium","Dasiphora fruticosa",0.0292682926829268,"random",6,9,4,5,10,6,4,6,0.666666666666667
107,160,16,32,5,0.076,6.2,0.33997,0.84025,"Chamaenerion angustifolium","Elaeagnus commutata",-0.0146341463414634,"random",6,9,4,5,9,5,4,5,0.8
107,171,16,21,1,0.05,4.1,0.04035,0.99514,"Chamaenerion angustifolium","Eriogonum flavum",-0.0378048780487805,"negative",6,9,4,5,9,5,4,5,0.8
107,181,16,23,6,0.055,4.5,0.89205,0.2599,"Chamaenerion angustifolium","Fragaria virginiana",0.0182926829268293,"random",6,9,4,5,11,7,4,7,0.571428571428571
107,183,16,22,3,0.052,4.3,0.31826,0.87238,"Chamaenerion angustifolium","Gaillardia aristata",-0.0158536585365854,"random",6,9,4,6,10,5,4,5,0.8
107,184,16,6,1,0.014,1.2,0.66783,0.74052,"Chamaenerion angustifolium","Galearis rotundifolia",-0.0024390243902439,"random",6,9,4,6,7,2,2,4,0.5
107,186,16,28,1,0.067,5.5,0.00631,0.99949,"Chamaenerion angustifolium","Galium boreale",-0.0548780487804878,"negative",6,9,4,6,8,3,3,4,0.75
107,190,16,12,1,0.029,2.3,0.26685,0.94058,"Chamaenerion angustifolium","Geranium viscosissimum",-0.0158536585365854,"random",6,9,4,5,11,7,4,7,0.571428571428571
107,192,16,22,2,0.052,4.3,0.12762,0.96838,"Chamaenerion angustifolium","Geum triflorum",-0.0280487804878049,"random",6,9,4,4,7,4,2,6,0.333333333333333
107,193,16,14,4,0.033,2.7,0.90091,0.27373,"Chamaenerion angustifolium","Glycyrrhiza lepidota",0.0158536585365854,"random",6,9,4,6,8,3,3,4,0.75
107,195,16,13,0,0.031,2.5,0.04584,1,"Chamaenerion angustifolium","Grindelia squarrosa",-0.0304878048780488,"negative",6,9,4,7,11,5,3,6,0.5
107,196,16,14,0,0.033,2.7,0.03521,1,"Chamaenerion angustifolium","Gutierrezia sarothrae",-0.0329268292682927,"negative",6,9,4,6,9,4,4,4,1
107,199,16,11,0,0.026,2.1,0.07671,1,"Chamaenerion angustifolium","Hedysarum alpinum",-0.025609756097561,"random",6,9,4,5,9,5,4,5,0.8
107,200,16,16,1,0.038,3.1,0.12337,0.97951,"Chamaenerion angustifolium","Hedysarum boreale",-0.025609756097561,"random",6,9,4,4,10,7,4,7,0.571428571428571
107,202,16,6,0,0.014,1.2,0.25948,1,"Chamaenerion angustifolium","Helianthus annuus",-0.0146341463414634,"random",6,9,4,6,11,6,4,6,0.666666666666667
107,206,16,8,4,0.019,1.6,0.99389,0.04291,"Chamaenerion angustifolium","Heracleum maximum",0.0292682926829268,"positive",6,9,4,6,8,3,3,4,0.75
107,208,16,13,0,0.031,2.5,0.04584,1,"Chamaenerion angustifolium","Heterotheca villosa",-0.0304878048780488,"negative",6,9,4,6,10,5,4,5,0.8
107,214,16,6,0,0.014,1.2,0.25948,1,"Chamaenerion angustifolium","Hordeum jubatum",-0.0146341463414634,"random",6,9,4,6,7,2,2,4,0.5
107,216,16,7,0,0.017,1.4,0.20485,1,"Chamaenerion angustifolium","Hymenoxys richardsonii",-0.0170731707317073,"random",6,9,4,5,7,3,2,5,0.4
107,217,16,7,2,0.017,1.4,0.86932,0.41276,"Chamaenerion angustifolium","Hyoscyamus niger",0.00731707317073171,"random",6,9,4,5,10,6,4,6,0.666666666666667
107,222,16,7,0,0.017,1.4,0.20485,1,"Chamaenerion angustifolium","Krascheninnikovia lanata",-0.0170731707317073,"random",6,9,4,5,9,4,4,5,0.8
107,233,16,14,0,0.033,2.7,0.03521,1,"Chamaenerion angustifolium","Liatris punctata",-0.0329268292682927,"negative",6,9,4,7,10,4,3,5,0.6
107,236,16,11,2,0.026,2.1,0.63499,0.68222,"Chamaenerion angustifolium","Linaria vulgaris",-0.00121951219512195,"random",6,9,4,5,10,6,4,6,0.666666666666667
107,239,16,23,3,0.055,4.5,0.27696,0.89478,"Chamaenerion angustifolium","Linum lewisii",-0.0182926829268293,"random",6,9,4,5,10,6,4,6,0.666666666666667
107,240,16,6,0,0.014,1.2,0.25948,1,"Chamaenerion angustifolium","Lithospermum incisum",-0.0146341463414634,"random",6,9,4,4,6,3,1,6,0.166666666666667
107,241,16,13,1,0.031,2.5,0.2224,0.95416,"Chamaenerion angustifolium","Lithospermum ruderale",-0.0182926829268293,"random",6,9,4,5,7,3,2,5,0.4
107,246,16,12,1,0.029,2.3,0.26685,0.94058,"Chamaenerion angustifolium","Lonicera dioica",-0.0158536585365854,"random",6,9,4,6,7,2,2,4,0.5
107,250,16,6,3,0.014,1.2,0.988,0.08518,"Chamaenerion angustifolium","Lotus corniculatus",0.0219512195121951,"random",6,9,4,5,9,5,4,5,0.8
107,253,16,7,0,0.017,1.4,0.20485,1,"Chamaenerion angustifolium","Lygodesmia juncea",-0.0170731707317073,"random",6,9,4,6,10,5,4,5,0.8
107,258,16,30,4,0.071,5.9,0.21918,0.91632,"Chamaenerion angustifolium","Maianthemum stellatum",-0.0231707317073171,"random",6,9,4,5,7,3,2,5,0.4
107,261,16,10,2,0.024,2,0.69763,0.62454,"Chamaenerion angustifolium","Medicago lupulina",0,"random",6,9,4,5,11,7,4,7,0.571428571428571
107,262,16,10,2,0.024,2,0.69763,0.62454,"Chamaenerion angustifolium","Medicago sativa",0,"random",6,9,4,5,10,6,4,6,0.666666666666667
107,264,16,9,3,0.021,1.8,0.93242,0.24121,"Chamaenerion angustifolium","Melilotus albus",0.0146341463414634,"random",6,9,4,6,11,6,4,6,0.666666666666667
107,265,16,14,1,0.033,2.7,0.18402,0.96479,"Chamaenerion angustifolium","Melilotus officinalis",-0.0207317073170732,"random",6,9,4,5,11,7,4,7,0.571428571428571
107,275,16,18,1,0.043,3.5,0.0805,0.9883,"Chamaenerion angustifolium","Monarda fistulosa",-0.0304878048780488,"random",6,9,4,5,9,5,4,5,0.8
107,278,16,11,0,0.026,2.1,0.07671,1,"Chamaenerion angustifolium","Musineon divaricatum",-0.025609756097561,"random",6,9,4,4,7,4,2,6,0.333333333333333
107,285,16,13,0,0.031,2.5,0.04584,1,"Chamaenerion angustifolium","Oenothera suffrutescens",-0.0304878048780488,"negative",6,9,4,5,8,4,3,5,0.6
107,286,16,15,0,0.036,2.9,0.02692,1,"Chamaenerion angustifolium","Opuntia polyacantha",-0.0353658536585366,"negative",6,9,4,5,8,4,3,5,0.6
107,287,16,6,0,0.014,1.2,0.25948,1,"Chamaenerion angustifolium","Oreocarya glomerata",-0.0146341463414634,"random",6,9,4,5,8,4,3,5,0.6
107,290,16,9,0,0.021,1.8,0.12631,1,"Chamaenerion angustifolium","Oxytropis campestris",-0.0219512195121951,"random",6,9,4,5,9,5,4,5,0.8
107,292,16,9,0,0.021,1.8,0.12631,1,"Chamaenerion angustifolium","Oxytropis sericea",-0.0219512195121951,"random",6,9,4,5,6,2,1,5,0.2
107,292,16,9,0,0.021,1.8,0.12631,1,"Chamaenerion angustifolium","Oxytropis sericea",-0.0219512195121951,"random",6,9,4,5,6,2,1,5,0.2
107,293,16,6,1,0.014,1.2,0.66783,0.74052,"Chamaenerion angustifolium","Oxytropis splendens",-0.0024390243902439,"random",6,9,4,6,8,3,3,4,0.75
107,304,16,8,0,0.019,1.6,0.16115,1,"Chamaenerion angustifolium","Pelecyphora vivipara",-0.0195121951219512,"random",6,9,4,5,7,3,2,5,0.4
107,307,16,6,3,0.014,1.2,0.988,0.08518,"Chamaenerion angustifolium","Penstemon confertus",0.0219512195121951,"random",6,9,4,6,8,3,3,4,0.75
107,310,16,15,0,0.036,2.9,0.02692,1,"Chamaenerion angustifolium","Penstemon nitidus",-0.0353658536585366,"negative",6,9,4,4,7,4,2,6,0.333333333333333
107,315,16,6,2,0.014,1.2,0.91482,0.33217,"Chamaenerion angustifolium","Petasites frigidus",0.00975609756097561,"random",6,9,4,4,9,6,4,6,0.666666666666667
107,320,16,6,0,0.014,1.2,0.25948,1,"Chamaenerion angustifolium","Phleum pratense",-0.0146341463414634,"random",6,9,4,7,7,1,1,4,0.25
107,321,16,15,0,0.036,2.9,0.02692,1,"Chamaenerion angustifolium","Phlox hoodii",-0.0353658536585366,"negative",6,9,4,3,10,8,4,8,0.5
107,323,16,6,0,0.014,1.2,0.25948,1,"Chamaenerion angustifolium","Physaria arenosa",-0.0146341463414634,"random",6,9,4,4,7,4,2,6,0.333333333333333
107,338,16,6,0,0.014,1.2,0.25948,1,"Chamaenerion angustifolium","Polygala senega",-0.0146341463414634,"random",6,9,4,5,7,3,2,5,0.4
107,340,16,6,2,0.014,1.2,0.91482,0.33217,"Chamaenerion angustifolium","Populus balsamifera",0.00975609756097561,"random",6,9,4,4,5,2,0,6,0
107,342,16,17,3,0.04,3.3,0.56626,0.70127,"Chamaenerion angustifolium","Populus tremuloides",-0.00365853658536585,"random",6,9,4,4,4,1,0,6,0
107,343,16,10,1,0.024,2,0.37546,0.90138,"Chamaenerion angustifolium","Potentilla concinna",-0.0121951219512195,"random",6,9,4,4,6,3,1,6,0.166666666666667
107,354,16,23,3,0.055,4.5,0.27696,0.89478,"Chamaenerion angustifolium","Prunus virginiana",-0.0182926829268293,"random",6,9,4,4,7,4,2,6,0.333333333333333
107,356,16,25,2,0.059,4.9,0.06991,0.9854,"Chamaenerion angustifolium","Pulsatilla nuttalliana",-0.0353658536585366,"random",6,9,4,3,11,9,4,9,0.444444444444444
107,358,16,10,4,0.024,2,0.9788,0.0985,"Chamaenerion angustifolium","Pyrola asarifolia",0.024390243902439,"random",6,9,4,6,9,4,4,4,1
107,362,16,6,0,0.014,1.2,0.25948,1,"Chamaenerion angustifolium","Ratibida columnifera",-0.0146341463414634,"random",6,9,4,6,10,5,4,5,0.8
107,368,16,10,0,0.024,2,0.09862,1,"Chamaenerion angustifolium","Rhus aromatica",-0.024390243902439,"random",6,9,4,5,5,1,0,5,0
107,371,16,7,3,0.017,1.4,0.97549,0.13068,"Chamaenerion angustifolium","Ribes oxyacanthoides",0.0195121951219512,"random",6,9,4,5,6,2,1,5,0.2
107,373,16,8,3,0.019,1.6,0.95709,0.18333,"Chamaenerion angustifolium","Rosa acicularis",0.0170731707317073,"random",6,9,4,5,7,3,2,5,0.4
107,374,16,8,0,0.019,1.6,0.16115,1,"Chamaenerion angustifolium","Rosa arkansana",-0.0195121951219512,"random",6,9,4,6,9,4,4,4,1
107,376,16,18,3,0.043,3.5,0.51276,0.74408,"Chamaenerion angustifolium","Rosa woodsii",-0.00609756097560976,"random",6,9,4,6,8,3,3,4,0.75
107,390,16,10,2,0.024,2,0.69763,0.62454,"Chamaenerion angustifolium","Salix interior",0,"random",6,9,4,5,7,3,2,5,0.4
107,408,16,8,0,0.019,1.6,0.16115,1,"Chamaenerion angustifolium","Shepherdia argentea",-0.0195121951219512,"random",6,9,4,4,5,2,0,6,0
107,409,16,25,6,0.059,4.9,0.83728,0.34595,"Chamaenerion angustifolium","Shepherdia canadensis",0.0134146341463415,"random",6,9,4,4,5,2,0,6,0
107,412,16,7,1,0.017,1.4,0.58724,0.79515,"Chamaenerion angustifolium","Sisymbrium loeselii",-0.0048780487804878,"random",6,9,4,5,10,6,4,6,0.666666666666667
107,413,16,7,0,0.017,1.4,0.20485,1,"Chamaenerion angustifolium","Sisyrinchium montanum",-0.0170731707317073,"random",6,9,4,5,8,4,3,5,0.6
107,417,16,8,1,0.019,1.6,0.51076,0.83885,"Chamaenerion angustifolium","Solidago missouriensis",-0.00731707317073171,"random",6,9,4,6,9,4,4,4,1
107,423,16,8,0,0.019,1.6,0.16115,1,"Chamaenerion angustifolium","Sphaeralcea coccinea",-0.0195121951219512,"random",6,9,4,5,9,5,4,5,0.8
107,430,16,30,3,0.071,5.9,0.08368,0.97809,"Chamaenerion angustifolium","Symphoricarpos occidentalis",-0.0353658536585366,"random",6,9,4,6,8,3,3,4,0.75
107,434,16,16,3,0.038,3.1,0.6203,0.65406,"Chamaenerion angustifolium","Symphyotrichum laeve",-0.00121951219512195,"random",6,9,4,6,10,5,4,5,0.8
107,437,16,7,2,0.017,1.4,0.86932,0.41276,"Chamaenerion angustifolium","Tanacetum vulgare",0.00731707317073171,"random",6,9,4,7,10,4,3,5,0.6
107,438,16,12,2,0.029,2.3,0.57244,0.73315,"Chamaenerion angustifolium","Taraxacum officinale",-0.00365853658536585,"random",6,9,4,3,11,9,4,9,0.444444444444444
107,442,16,30,1,0.071,5.9,0.00347,0.99975,"Chamaenerion angustifolium","Thermopsis rhombifolia",-0.0597560975609756,"negative",6,9,4,4,7,4,2,6,0.333333333333333
107,444,16,10,3,0.024,2,0.9015,0.30237,"Chamaenerion angustifolium","Thlaspi arvense",0.0121951219512195,"random",6,9,4,4,9,6,4,6,0.666666666666667
107,448,16,18,3,0.043,3.5,0.51276,0.74408,"Chamaenerion angustifolium","Tragopogon dubius",-0.00609756097560976,"random",6,9,4,5,10,6,4,6,0.666666666666667
107,454,16,18,7,0.043,3.5,0.99455,0.02645,"Chamaenerion angustifolium","Trifolium pratense",0.0426829268292683,"positive",6,9,4,6,10,5,4,5,0.8
107,458,16,7,2,0.017,1.4,0.86932,0.41276,"Chamaenerion angustifolium","Tripleurospermum inodorum",0.00731707317073171,"random",6,9,4,5,11,7,4,7,0.571428571428571
107,460,16,6,1,0.014,1.2,0.66783,0.74052,"Chamaenerion angustifolium","Typha latifolia",-0.0024390243902439,"random",6,9,4,6,7,2,2,4,0.5
107,475,16,16,3,0.038,3.1,0.6203,0.65406,"Chamaenerion angustifolium","Vicia americana",-0.00121951219512195,"random",6,9,4,5,9,5,4,5,0.8
107,476,16,14,4,0.033,2.7,0.90091,0.27373,"Chamaenerion angustifolium","Vicia cracca",0.0158536585365854,"random",6,9,4,5,11,7,4,7,0.571428571428571
107,477,16,15,1,0.036,2.9,0.15119,0.97308,"Chamaenerion angustifolium","Viola adunca",-0.0231707317073171,"random",6,9,4,4,9,6,4,6,0.666666666666667
107,479,16,6,0,0.014,1.2,0.25948,1,"Chamaenerion angustifolium","Viola nuttallii",-0.0146341463414634,"random",6,9,4,4,6,3,1,6,0.166666666666667
107,488,16,14,0,0.033,2.7,0.03521,1,"Chamaenerion angustifolium","Zizia aptera",-0.0329268292682927,"negative",6,9,4,5,7,3,2,5,0.4
110,112,5,19,4,0.014,1.2,0.99957,0.00938,"Chenopodium album","Cirsium arvense",0.0341463414634146,"positive",7,9,3,6,9,4,3,4,0.75
110,123,5,19,0,0.014,1.2,0.25761,1,"Chenopodium album","Comandra umbellata",-0.0146341463414634,"random",7,9,3,5,7,3,1,5,0.2
110,129,5,28,2,0.021,1.7,0.78406,0.55956,"Chenopodium album","Cornus sericea",0.00365853658536585,"random",7,9,3,5,8,4,2,5,0.4
110,141,5,34,2,0.025,2.1,0.66083,0.69478,"Chenopodium album","Dasiphora fruticosa",-0.00121951219512195,"random",7,9,3,5,10,6,3,6,0.5
110,160,5,32,3,0.024,2,0.92672,0.29596,"Chenopodium album","Elaeagnus commutata",0.0121951219512195,"random",7,9,3,5,9,5,3,5,0.6
110,171,5,21,0,0.016,1.3,0.21803,1,"Chenopodium album","Eriogonum flavum",-0.0158536585365854,"random",7,9,3,5,9,5,3,5,0.6
110,181,5,23,0,0.017,1.4,0.18348,1,"Chenopodium album","Fragaria virginiana",-0.0170731707317073,"random",7,9,3,5,11,7,3,7,0.428571428571429
110,183,5,22,4,0.016,1.3,0.99903,0.01705,"Chenopodium album","Gaillardia aristata",0.0329268292682927,"positive",7,9,3,6,10,5,3,5,0.6
110,186,5,28,2,0.021,1.7,0.78406,0.55956,"Chenopodium album","Galium boreale",0.00365853658536585,"random",7,9,3,6,8,3,2,4,0.5
110,192,5,22,1,0.016,1.3,0.59334,0.79984,"Chenopodium album","Geum triflorum",-0.00365853658536585,"random",7,9,3,4,7,4,1,6,0.166666666666667
110,239,5,23,4,0.017,1.4,0.99877,0.02038,"Chenopodium album","Linum lewisii",0.0317073170731707,"positive",7,9,3,5,10,6,3,6,0.5
110,258,5,30,1,0.022,1.8,0.39291,0.90475,"Chenopodium album","Maianthemum stellatum",-0.00975609756097561,"random",7,9,3,5,7,3,1,5,0.2
110,275,5,18,2,0.013,1.1,0.93222,0.30141,"Chenopodium album","Monarda fistulosa",0.0109756097560976,"random",7,9,3,5,9,5,3,5,0.6
110,342,5,17,2,0.013,1,0.94227,0.27545,"Chenopodium album","Populus tremuloides",0.0121951219512195,"random",7,9,3,4,4,1,0,6,0
110,354,5,23,1,0.017,1.4,0.56713,0.81652,"Chenopodium album","Prunus virginiana",-0.0048780487804878,"random",7,9,3,4,7,4,1,6,0.166666666666667
110,356,5,25,0,0.019,1.5,0.15346,1,"Chenopodium album","Pulsatilla nuttalliana",-0.0182926829268293,"random",7,9,3,3,11,9,3,9,0.333333333333333
110,376,5,18,3,0.013,1.1,0.99251,0.06778,"Chenopodium album","Rosa woodsii",0.0231707317073171,"random",7,9,3,6,8,3,2,4,0.5
110,409,5,25,2,0.019,1.5,0.83709,0.48462,"Chenopodium album","Shepherdia canadensis",0.00609756097560976,"random",7,9,3,4,5,2,0,6,0
110,430,5,30,3,0.022,1.8,0.94255,0.25476,"Chenopodium album","Symphoricarpos occidentalis",0.0146341463414634,"random",7,9,3,6,8,3,2,4,0.5
110,442,5,30,1,0.022,1.8,0.39291,0.90475,"Chenopodium album","Thermopsis rhombifolia",-0.00975609756097561,"random",7,9,3,4,7,4,1,6,0.166666666666667
110,448,5,18,3,0.013,1.1,0.99251,0.06778,"Chenopodium album","Tragopogon dubius",0.0231707317073171,"random",7,9,3,5,10,6,3,6,0.5
110,454,5,18,2,0.013,1.1,0.93222,0.30141,"Chenopodium album","Trifolium pratense",0.0109756097560976,"random",7,9,3,6,10,5,3,5,0.6
112,117,19,8,3,0.023,1.9,0.92069,0.27041,"Cirsium arvense","Cirsium undulatum",0.0134146341463415,"random",6,9,4,6,9,4,4,4,1
112,118,19,8,4,0.023,1.9,0.98547,0.07931,"Cirsium arvense","Cirsium vulgare",0.025609756097561,"random",6,9,4,7,11,5,3,6,0.5
112,120,19,5,1,0.014,1.2,0.67239,0.74239,"Cirsium arvense","Clematis occidentalis",-0.0024390243902439,"random",6,9,4,5,10,6,4,6,0.666666666666667
112,121,19,8,4,0.023,1.9,0.98547,0.07931,"Cirsium arvense","Clematis tangutica",0.025609756097561,"random",6,9,4,6,10,5,4,5,0.8
112,123,19,19,0,0.054,4.4,0.00311,1,"Cirsium arvense","Comandra umbellata",-0.0536585365853659,"negative",6,9,4,5,7,3,2,5,0.4
112,129,19,28,7,0.079,6.5,0.71516,0.49089,"Cirsium arvense","Cornus sericea",0.00609756097560976,"random",6,9,4,5,8,4,3,5,0.6
112,131,19,5,2,0.014,1.2,0.92127,0.32761,"Cirsium arvense","Cotoneaster acutifolius",0.00975609756097561,"random",6,9,4,5,7,3,2,5,0.4
112,135,19,7,2,0.02,1.6,0.80125,0.5149,"Cirsium arvense","Cypripedium parviflorum",0.0048780487804878,"random",6,9,4,5,7,3,2,5,0.4
112,140,19,7,4,0.02,1.6,0.99356,0.04692,"Cirsium arvense","Dalea purpurea",0.0292682926829268,"positive",6,9,4,6,9,4,4,4,1
112,141,19,34,10,0.096,7.9,0.91755,0.19402,"Cirsium arvense","Dasiphora fruticosa",0.025609756097561,"random",6,9,4,5,10,6,4,6,0.666666666666667
112,142,19,5,0,0.014,1.2,0.25761,1,"Cirsium arvense","Delphinium bicolor",-0.0146341463414634,"random",6,9,4,5,7,3,2,5,0.4
112,160,19,32,13,0.09,7.4,0.99942,0.00338,"Cirsium arvense","Elaeagnus commutata",0.0682926829268293,"positive",6,9,4,5,9,5,4,5,0.8
112,171,19,21,1,0.059,4.9,0.01549,0.99849,"Cirsium arvense","Eriogonum flavum",-0.0475609756097561,"negative",6,9,4,5,9,5,4,5,0.8
112,178,19,5,3,0.014,1.2,0.99062,0.07873,"Cirsium arvense","Euphorbia virgata",0.0219512195121951,"random",6,9,4,5,9,5,4,5,0.8
112,179,19,5,2,0.014,1.2,0.92127,0.32761,"Cirsium arvense","Eurybia conspicua",0.00975609756097561,"random",6,9,4,7,10,4,3,5,0.6
112,181,19,23,4,0.065,5.3,0.3217,0.85754,"Cirsium arvense","Fragaria virginiana",-0.0158536585365854,"random",6,9,4,5,11,7,4,7,0.571428571428571
112,183,19,22,9,0.062,5.1,0.99409,0.02493,"Cirsium arvense","Gaillardia aristata",0.0475609756097561,"positive",6,9,4,6,10,5,4,5,0.8
112,184,19,6,0,0.017,1.4,0.19404,1,"Cirsium arvense","Galearis rotundifolia",-0.0170731707317073,"random",6,9,4,6,7,2,2,4,0.5
112,186,19,28,7,0.079,6.5,0.71516,0.49089,"Cirsium arvense","Galium boreale",0.00609756097560976,"random",6,9,4,6,8,3,3,4,0.75
112,190,19,12,2,0.034,2.8,0.43722,0.82657,"Cirsium arvense","Geranium viscosissimum",-0.00975609756097561,"random",6,9,4,5,11,7,4,7,0.571428571428571
112,192,19,22,2,0.062,5.1,0.05674,0.98864,"Cirsium arvense","Geum triflorum",-0.0378048780487805,"random",6,9,4,4,7,4,2,6,0.333333333333333
112,193,19,14,7,0.04,3.2,0.99734,0.01534,"Cirsium arvense","Glycyrrhiza lepidota",0.0463414634146341,"positive",6,9,4,6,8,3,3,4,0.75
112,195,19,13,1,0.037,3,0.13712,0.97653,"Cirsium arvense","Grindelia squarrosa",-0.024390243902439,"random",6,9,4,7,11,5,3,6,0.5
112,196,19,14,1,0.04,3.2,0.10747,0.983,"Cirsium arvense","Gutierrezia sarothrae",-0.0268292682926829,"random",6,9,4,6,9,4,4,4,1
112,199,19,11,2,0.031,2.5,0.50643,0.7826,"Cirsium arvense","Hedysarum alpinum",-0.00609756097560976,"random",6,9,4,5,9,5,4,5,0.8
112,200,19,16,2,0.045,3.7,0.21755,0.93562,"Cirsium arvense","Hedysarum boreale",-0.0207317073170732,"random",6,9,4,4,10,7,4,7,0.571428571428571
112,202,19,6,1,0.017,1.4,0.57543,0.80596,"Cirsium arvense","Helianthus annuus",-0.0048780487804878,"random",6,9,4,6,11,6,4,6,0.666666666666667
112,206,19,8,2,0.023,1.9,0.72959,0.5964,"Cirsium arvense","Heracleum maximum",0.00121951219512195,"random",6,9,4,6,8,3,3,4,0.75
112,207,19,5,0,0.014,1.2,0.25761,1,"Cirsium arvense","Hesperostipa comata",-0.0146341463414634,"random",6,9,4,6,6,1,1,4,0.25
112,208,19,13,3,0.037,3,0.65077,0.62684,"Cirsium arvense","Heterotheca villosa",0,"random",6,9,4,6,10,5,4,5,0.8
112,214,19,6,4,0.017,1.4,0.99783,0.02379,"Cirsium arvense","Hordeum jubatum",0.0317073170731707,"positive",6,9,4,6,7,2,2,4,0.5
112,216,19,7,1,0.02,1.6,0.4851,0.85447,"Cirsium arvense","Hymenoxys richardsonii",-0.00731707317073171,"random",6,9,4,5,7,3,2,5,0.4
112,217,19,7,3,0.02,1.6,0.95308,0.19875,"Cirsium arvense","Hyoscyamus niger",0.0170731707317073,"random",6,9,4,5,10,6,4,6,0.666666666666667
112,222,19,7,0,0.02,1.6,0.14553,1,"Cirsium arvense","Krascheninnikovia lanata",-0.0195121951219512,"random",6,9,4,5,9,4,4,5,0.8
112,231,19,5,3,0.014,1.2,0.99062,0.07873,"Cirsium arvense","Leucanthemum vulgare",0.0219512195121951,"random",6,9,4,6,10,5,4,5,0.8
112,233,19,14,1,0.04,3.2,0.10747,0.983,"Cirsium arvense","Liatris punctata",-0.0268292682926829,"random",6,9,4,7,10,4,3,5,0.6
112,234,19,5,0,0.014,1.2,0.25761,1,"Cirsium arvense","Lilium philadelphicum",-0.0146341463414634,"random",6,9,4,5,9,5,4,5,0.8
112,236,19,11,8,0.031,2.5,0.99999,0.00023,"Cirsium arvense","Linaria vulgaris",0.0670731707317073,"positive",6,9,4,5,10,6,4,6,0.666666666666667
112,239,19,23,8,0.065,5.3,0.96487,0.10475,"Cirsium arvense","Linum lewisii",0.0329268292682927,"random",6,9,4,5,10,6,4,6,0.666666666666667
112,240,19,6,0,0.017,1.4,0.19404,1,"Cirsium arvense","Lithospermum incisum",-0.0170731707317073,"random",6,9,4,4,6,3,1,6,0.166666666666667
112,241,19,13,1,0.037,3,0.13712,0.97653,"Cirsium arvense","Lithospermum ruderale",-0.024390243902439,"random",6,9,4,5,7,3,2,5,0.4
112,246,19,12,2,0.034,2.8,0.43722,0.82657,"Cirsium arvense","Lonicera dioica",-0.00975609756097561,"random",6,9,4,6,7,2,2,4,0.5
112,250,19,6,5,0.017,1.4,0.99992,0.00217,"Cirsium arvense","Lotus corniculatus",0.0439024390243902,"positive",6,9,4,5,9,5,4,5,0.8
112,253,19,7,2,0.02,1.6,0.80125,0.5149,"Cirsium arvense","Lygodesmia juncea",0.0048780487804878,"random",6,9,4,6,10,5,4,5,0.8
112,258,19,30,8,0.085,7,0.80091,0.37846,"Cirsium arvense","Maianthemum stellatum",0.0121951219512195,"random",6,9,4,5,7,3,2,5,0.4
112,261,19,10,5,0.028,2.3,0.99144,0.04677,"Cirsium arvense","Medicago lupulina",0.0329268292682927,"positive",6,9,4,5,11,7,4,7,0.571428571428571
112,262,19,10,6,0.028,2.3,0.99899,0.00856,"Cirsium arvense","Medicago sativa",0.0451219512195122,"positive",6,9,4,5,10,6,4,6,0.666666666666667
112,264,19,9,7,0.025,2.1,0.99998,0.00035,"Cirsium arvense","Melilotus albus",0.0597560975609756,"positive",6,9,4,6,11,6,4,6,0.666666666666667
112,265,19,14,7,0.04,3.2,0.99734,0.01534,"Cirsium arvense","Melilotus officinalis",0.0463414634146341,"positive",6,9,4,5,11,7,4,7,0.571428571428571
112,275,19,18,5,0.051,4.2,0.80231,0.40571,"Cirsium arvense","Monarda fistulosa",0.00975609756097561,"random",6,9,4,5,9,5,4,5,0.8
112,278,19,11,0,0.031,2.5,0.04398,1,"Cirsium arvense","Musineon divaricatum",-0.0304878048780488,"negative",6,9,4,4,7,4,2,6,0.333333333333333
112,285,19,13,1,0.037,3,0.13712,0.97653,"Cirsium arvense","Oenothera suffrutescens",-0.024390243902439,"random",6,9,4,5,8,4,3,5,0.6
112,286,19,15,1,0.042,3.5,0.08352,0.98775,"Cirsium arvense","Opuntia polyacantha",-0.0304878048780488,"random",6,9,4,5,8,4,3,5,0.6
112,287,19,6,0,0.017,1.4,0.19404,1,"Cirsium arvense","Oreocarya glomerata",-0.0170731707317073,"random",6,9,4,5,8,4,3,5,0.6
112,290,19,9,2,0.025,2.1,0.6547,0.66814,"Cirsium arvense","Oxytropis campestris",-0.00121951219512195,"random",6,9,4,5,9,5,4,5,0.8
112,292,19,9,2,0.025,2.1,0.6547,0.66814,"Cirsium arvense","Oxytropis sericea",-0.00121951219512195,"random",6,9,4,5,6,2,1,5,0.2
112,292,19,9,2,0.025,2.1,0.6547,0.66814,"Cirsium arvense","Oxytropis sericea",-0.00121951219512195,"random",6,9,4,5,6,2,1,5,0.2
112,293,19,6,1,0.017,1.4,0.57543,0.80596,"Cirsium arvense","Oxytropis splendens",-0.0048780487804878,"random",6,9,4,6,8,3,3,4,0.75
112,295,19,5,0,0.014,1.2,0.25761,1,"Cirsium arvense","Packera cana",-0.0146341463414634,"random",6,9,4,5,8,4,3,5,0.6
112,304,19,8,0,0.023,1.9,0.10866,1,"Cirsium arvense","Pelecyphora vivipara",-0.0231707317073171,"random",6,9,4,5,7,3,2,5,0.4
112,307,19,6,0,0.017,1.4,0.19404,1,"Cirsium arvense","Penstemon confertus",-0.0170731707317073,"random",6,9,4,6,8,3,3,4,0.75
112,310,19,15,2,0.042,3.5,0.26312,0.91648,"Cirsium arvense","Penstemon nitidus",-0.0182926829268293,"random",6,9,4,4,7,4,2,6,0.333333333333333
112,315,19,6,2,0.017,1.4,0.86632,0.42457,"Cirsium arvense","Petasites frigidus",0.00731707317073171,"random",6,9,4,4,9,6,4,6,0.666666666666667
112,320,19,6,2,0.017,1.4,0.86632,0.42457,"Cirsium arvense","Phleum pratense",0.00731707317073171,"random",6,9,4,7,7,1,1,4,0.25
112,321,19,15,0,0.042,3.5,0.01225,1,"Cirsium arvense","Phlox hoodii",-0.0426829268292683,"negative",6,9,4,3,10,8,4,8,0.5
112,323,19,6,0,0.017,1.4,0.19404,1,"Cirsium arvense","Physaria arenosa",-0.0170731707317073,"random",6,9,4,4,7,4,2,6,0.333333333333333
112,327,19,5,1,0.014,1.2,0.67239,0.74239,"Cirsium arvense","Plantago major",-0.0024390243902439,"random",6,9,4,6,8,3,3,4,0.75
112,328,19,5,0,0.014,1.2,0.25761,1,"Cirsium arvense","Plantago patagonica",-0.0146341463414634,"random",6,9,4,6,8,3,3,4,0.75
112,337,19,5,0,0.014,1.2,0.25761,1,"Cirsium arvense","Polemonium pulcherrimum",-0.0146341463414634,"random",6,9,4,4,9,6,4,6,0.666666666666667
112,338,19,6,0,0.017,1.4,0.19404,1,"Cirsium arvense","Polygala senega",-0.0170731707317073,"random",6,9,4,5,7,3,2,5,0.4
112,340,19,6,3,0.017,1.4,0.97621,0.13368,"Cirsium arvense","Populus balsamifera",0.0195121951219512,"random",6,9,4,4,5,2,0,6,0
112,342,19,17,6,0.048,3.9,0.94666,0.15645,"Cirsium arvense","Populus tremuloides",0.025609756097561,"random",6,9,4,4,4,1,0,6,0
112,343,19,10,4,0.028,2.3,0.95323,0.16987,"Cirsium arvense","Potentilla concinna",0.0207317073170732,"random",6,9,4,4,6,3,1,6,0.166666666666667
112,354,19,23,5,0.065,5.3,0.54873,0.6783,"Cirsium arvense","Prunus virginiana",-0.00365853658536585,"random",6,9,4,4,7,4,2,6,0.333333333333333
112,356,19,25,2,0.071,5.8,0.02551,0.99574,"Cirsium arvense","Pulsatilla nuttalliana",-0.0463414634146341,"negative",6,9,4,3,11,9,4,9,0.444444444444444
112,358,19,10,0,0.028,2.3,0.05974,1,"Cirsium arvense","Pyrola asarifolia",-0.0280487804878049,"random",6,9,4,6,9,4,4,4,1
112,362,19,6,2,0.017,1.4,0.86632,0.42457,"Cirsium arvense","Ratibida columnifera",0.00731707317073171,"random",6,9,4,6,10,5,4,5,0.8
112,368,19,10,1,0.028,2.3,0.26995,0.94026,"Cirsium arvense","Rhus aromatica",-0.0158536585365854,"random",6,9,4,5,5,1,0,5,0
112,371,19,7,4,0.02,1.6,0.99356,0.04692,"Cirsium arvense","Ribes oxyacanthoides",0.0292682926829268,"positive",6,9,4,5,6,2,1,5,0.2
112,373,19,8,2,0.023,1.9,0.72959,0.5964,"Cirsium arvense","Rosa acicularis",0.00121951219512195,"random",6,9,4,5,7,3,2,5,0.4
112,374,19,8,3,0.023,1.9,0.92069,0.27041,"Cirsium arvense","Rosa arkansana",0.0134146341463415,"random",6,9,4,6,9,4,4,4,1
112,376,19,18,9,0.051,4.2,0.99931,0.00443,"Cirsium arvense","Rosa woodsii",0.0585365853658537,"positive",6,9,4,6,8,3,3,4,0.75
112,389,19,5,1,0.014,1.2,0.67239,0.74239,"Cirsium arvense","Salix glauca",-0.0024390243902439,"random",6,9,4,6,7,2,2,4,0.5
112,390,19,10,4,0.028,2.3,0.95323,0.16987,"Cirsium arvense","Salix interior",0.0207317073170732,"random",6,9,4,5,7,3,2,5,0.4
112,408,19,8,3,0.023,1.9,0.92069,0.27041,"Cirsium arvense","Shepherdia argentea",0.0134146341463415,"random",6,9,4,4,5,2,0,6,0
112,409,19,25,7,0.071,5.8,0.83453,0.33796,"Cirsium arvense","Shepherdia canadensis",0.0146341463414634,"random",6,9,4,4,5,2,0,6,0
112,412,19,7,4,0.02,1.6,0.99356,0.04692,"Cirsium arvense","Sisymbrium loeselii",0.0292682926829268,"positive",6,9,4,5,10,6,4,6,0.666666666666667
112,413,19,7,0,0.02,1.6,0.14553,1,"Cirsium arvense","Sisyrinchium montanum",-0.0195121951219512,"random",6,9,4,5,8,4,3,5,0.6
112,417,19,8,3,0.023,1.9,0.92069,0.27041,"Cirsium arvense","Solidago missouriensis",0.0134146341463415,"random",6,9,4,6,9,4,4,4,1
112,423,19,8,1,0.023,1.9,0.4036,0.89134,"Cirsium arvense","Sphaeralcea coccinea",-0.0109756097560976,"random",6,9,4,5,9,5,4,5,0.8
112,430,19,30,9,0.085,7,0.91574,0.19909,"Cirsium arvense","Symphoricarpos occidentalis",0.024390243902439,"random",6,9,4,6,8,3,3,4,0.75
112,434,19,16,5,0.045,3.7,0.87995,0.29161,"Cirsium arvense","Symphyotrichum laeve",0.0158536585365854,"random",6,9,4,6,10,5,4,5,0.8
112,437,19,7,4,0.02,1.6,0.99356,0.04692,"Cirsium arvense","Tanacetum vulgare",0.0292682926829268,"positive",6,9,4,7,10,4,3,5,0.6
112,438,19,12,4,0.034,2.8,0.89523,0.28596,"Cirsium arvense","Taraxacum officinale",0.0146341463414634,"random",6,9,4,3,11,9,4,9,0.444444444444444
112,442,19,30,6,0.085,7,0.40838,0.78292,"Cirsium arvense","Thermopsis rhombifolia",-0.0121951219512195,"random",6,9,4,4,7,4,2,6,0.333333333333333
112,444,19,10,5,0.028,2.3,0.99144,0.04677,"Cirsium arvense","Thlaspi arvense",0.0329268292682927,"positive",6,9,4,4,9,6,4,6,0.666666666666667
112,448,19,18,12,0.051,4.2,1,1e-05,"Cirsium arvense","Tragopogon dubius",0.0951219512195122,"positive",6,9,4,5,10,6,4,6,0.666666666666667
112,450,19,5,0,0.014,1.2,0.25761,1,"Cirsium arvense","Triantha glutinosa",-0.0146341463414634,"random",6,9,4,6,8,3,3,4,0.75
112,454,19,18,9,0.051,4.2,0.99931,0.00443,"Cirsium arvense","Trifolium pratense",0.0585365853658537,"positive",6,9,4,6,10,5,4,5,0.8
112,455,19,5,3,0.014,1.2,0.99062,0.07873,"Cirsium arvense","Trifolium repens",0.0219512195121951,"random",6,9,4,5,10,6,4,6,0.666666666666667
112,458,19,7,3,0.02,1.6,0.95308,0.19875,"Cirsium arvense","Tripleurospermum inodorum",0.0170731707317073,"random",6,9,4,5,11,7,4,7,0.571428571428571
112,460,19,6,3,0.017,1.4,0.97621,0.13368,"Cirsium arvense","Typha latifolia",0.0195121951219512,"random",6,9,4,6,7,2,2,4,0.5
112,475,19,16,4,0.045,3.7,0.70839,0.53941,"Cirsium arvense","Vicia americana",0.00365853658536585,"random",6,9,4,5,9,5,4,5,0.8
112,476,19,14,9,0.04,3.2,0.99997,0.00032,"Cirsium arvense","Vicia cracca",0.0707317073170732,"positive",6,9,4,5,11,7,4,7,0.571428571428571
112,477,19,15,1,0.042,3.5,0.08352,0.98775,"Cirsium arvense","Viola adunca",-0.0304878048780488,"random",6,9,4,4,9,6,4,6,0.666666666666667
112,479,19,6,0,0.017,1.4,0.19404,1,"Cirsium arvense","Viola nuttallii",-0.0170731707317073,"random",6,9,4,4,6,3,1,6,0.166666666666667
112,488,19,14,1,0.04,3.2,0.10747,0.983,"Cirsium arvense","Zizia aptera",-0.0268292682926829,"random",6,9,4,5,7,3,2,5,0.4
115,129,4,28,0,0.017,1.4,0.18081,1,"Cirsium hookerianum","Cornus sericea",-0.0170731707317073,"random",6,9,4,5,8,4,3,5,0.6
115,141,4,34,2,0.02,1.7,0.80926,0.55253,"Cirsium hookerianum","Dasiphora fruticosa",0.00365853658536585,"random",6,9,4,5,10,6,4,6,0.666666666666667
115,160,4,32,0,0.019,1.6,0.13167,1,"Cirsium hookerianum","Elaeagnus commutata",-0.0195121951219512,"random",6,9,4,5,9,5,4,5,0.8
115,171,4,21,0,0.012,1,0.29836,1,"Cirsium hookerianum","Eriogonum flavum",-0.0121951219512195,"random",6,9,4,5,9,5,4,5,0.8
115,181,4,23,3,0.014,1.1,0.99494,0.0648,"Cirsium hookerianum","Fragaria virginiana",0.0231707317073171,"random",6,9,4,5,11,7,4,7,0.571428571428571
115,183,4,22,0,0.013,1.1,0.2788,1,"Cirsium hookerianum","Gaillardia aristata",-0.0134146341463415,"random",6,9,4,6,10,5,4,5,0.8
115,186,4,28,0,0.017,1.4,0.18081,1,"Cirsium hookerianum","Galium boreale",-0.0170731707317073,"random",6,9,4,6,8,3,3,4,0.75
115,192,4,22,1,0.013,1.1,0.70922,0.7212,"Cirsium hookerianum","Geum triflorum",-0.00121951219512195,"random",6,9,4,4,7,4,2,6,0.333333333333333
115,239,4,23,0,0.014,1.1,0.26021,1,"Cirsium hookerianum","Linum lewisii",-0.0134146341463415,"random",6,9,4,5,10,6,4,6,0.666666666666667
115,258,4,30,0,0.018,1.5,0.15478,1,"Cirsium hookerianum","Maianthemum stellatum",-0.0182926829268293,"random",6,9,4,5,7,3,2,5,0.4
115,354,4,23,0,0.014,1.1,0.26021,1,"Cirsium hookerianum","Prunus virginiana",-0.0134146341463415,"random",6,9,4,4,7,4,2,6,0.333333333333333
115,356,4,25,1,0.015,1.2,0.64407,0.77416,"Cirsium hookerianum","Pulsatilla nuttalliana",-0.0024390243902439,"random",6,9,4,3,11,9,4,9,0.444444444444444
115,409,4,25,3,0.015,1.2,0.99277,0.08219,"Cirsium hookerianum","Shepherdia canadensis",0.0219512195121951,"random",6,9,4,4,5,2,0,6,0
115,430,4,30,0,0.018,1.5,0.15478,1,"Cirsium hookerianum","Symphoricarpos occidentalis",-0.0182926829268293,"random",6,9,4,6,8,3,3,4,0.75
115,442,4,30,0,0.018,1.5,0.15478,1,"Cirsium hookerianum","Thermopsis rhombifolia",-0.0182926829268293,"random",6,9,4,4,7,4,2,6,0.333333333333333
117,123,8,19,2,0.023,1.9,0.72959,0.5964,"Cirsium undulatum","Comandra umbellata",0.00121951219512195,"random",6,9,4,5,7,3,2,5,0.4
117,129,8,28,0,0.033,2.7,0.02919,1,"Cirsium undulatum","Cornus sericea",-0.0329268292682927,"negative",6,9,4,5,8,4,3,5,0.6
117,141,8,34,2,0.04,3.3,0.27398,0.91917,"Cirsium undulatum","Dasiphora fruticosa",-0.0158536585365854,"random",6,9,4,5,10,6,4,6,0.666666666666667
117,160,8,32,2,0.038,3.1,0.32588,0.89526,"Cirsium undulatum","Elaeagnus commutata",-0.0134146341463415,"random",6,9,4,5,9,5,4,5,0.8
117,171,8,21,5,0.025,2,0.99701,0.02354,"Cirsium undulatum","Eriogonum flavum",0.0365853658536585,"positive",6,9,4,5,9,5,4,5,0.8
117,181,8,23,1,0.027,2.2,0.28237,0.93778,"Cirsium undulatum","Fragaria virginiana",-0.0146341463414634,"random",6,9,4,5,11,7,4,7,0.571428571428571
117,183,8,22,3,0.026,2.1,0.87063,0.36535,"Cirsium undulatum","Gaillardia aristata",0.0109756097560976,"random",6,9,4,6,10,5,4,5,0.8
117,186,8,28,2,0.033,2.7,0.44224,0.83168,"Cirsium undulatum","Galium boreale",-0.00853658536585366,"random",6,9,4,6,8,3,3,4,0.75
117,190,8,12,0,0.014,1.2,0.26487,1,"Cirsium undulatum","Geranium viscosissimum",-0.0146341463414634,"random",6,9,4,5,11,7,4,7,0.571428571428571
117,192,8,22,1,0.026,2.1,0.31018,0.92821,"Cirsium undulatum","Geum triflorum",-0.0134146341463415,"random",6,9,4,4,7,4,2,6,0.333333333333333
117,193,8,14,1,0.017,1.4,0.5882,0.7926,"Cirsium undulatum","Glycyrrhiza lepidota",-0.0048780487804878,"random",6,9,4,6,8,3,3,4,0.75
117,195,8,13,3,0.015,1.3,0.98065,0.10953,"Cirsium undulatum","Grindelia squarrosa",0.0207317073170732,"random",6,9,4,7,11,5,3,6,0.5
117,196,8,14,2,0.017,1.4,0.86765,0.4118,"Cirsium undulatum","Gutierrezia sarothrae",0.00731707317073171,"random",6,9,4,6,9,4,4,4,1
117,199,8,11,1,0.013,1.1,0.70895,0.7015,"Cirsium undulatum","Hedysarum alpinum",-0.00121951219512195,"random",6,9,4,5,9,5,4,5,0.8
117,200,8,16,1,0.019,1.6,0.51076,0.83885,"Cirsium undulatum","Hedysarum boreale",-0.00731707317073171,"random",6,9,4,4,10,7,4,7,0.571428571428571
117,208,8,13,4,0.015,1.3,0.99799,0.01935,"Cirsium undulatum","Heterotheca villosa",0.0329268292682927,"positive",6,9,4,6,10,5,4,5,0.8
117,233,8,14,5,0.017,1.4,0.9998,0.00301,"Cirsium undulatum","Liatris punctata",0.0439024390243902,"positive",6,9,4,7,10,4,3,5,0.6
117,236,8,11,0,0.013,1.1,0.2985,1,"Cirsium undulatum","Linaria vulgaris",-0.0134146341463415,"random",6,9,4,5,10,6,4,6,0.666666666666667
117,239,8,23,4,0.027,2.2,0.96404,0.14903,"Cirsium undulatum","Linum lewisii",0.0219512195121951,"random",6,9,4,5,10,6,4,6,0.666666666666667
117,241,8,13,0,0.015,1.3,0.2346,1,"Cirsium undulatum","Lithospermum ruderale",-0.0158536585365854,"random",6,9,4,5,7,3,2,5,0.4
117,246,8,12,0,0.014,1.2,0.26487,1,"Cirsium undulatum","Lonicera dioica",-0.0146341463414634,"random",6,9,4,6,7,2,2,4,0.5
117,258,8,30,2,0.036,2.9,0.3822,0.86628,"Cirsium undulatum","Maianthemum stellatum",-0.0109756097560976,"random",6,9,4,5,7,3,2,5,0.4
117,265,8,14,0,0.017,1.4,0.2074,1,"Cirsium undulatum","Melilotus officinalis",-0.0170731707317073,"random",6,9,4,5,11,7,4,7,0.571428571428571
117,275,8,18,2,0.021,1.8,0.75976,0.56208,"Cirsium undulatum","Monarda fistulosa",0.0024390243902439,"random",6,9,4,5,9,5,4,5,0.8
117,278,8,11,3,0.013,1.1,0.99023,0.07004,"Cirsium undulatum","Musineon divaricatum",0.0231707317073171,"random",6,9,4,4,7,4,2,6,0.333333333333333
117,285,8,13,2,0.015,1.3,0.89047,0.37188,"Cirsium undulatum","Oenothera suffrutescens",0.00853658536585366,"random",6,9,4,5,8,4,3,5,0.6
117,286,8,15,5,0.018,1.5,0.99968,0.00436,"Cirsium undulatum","Opuntia polyacantha",0.0426829268292683,"positive",6,9,4,5,8,4,3,5,0.6
117,310,8,15,4,0.018,1.5,0.99564,0.03371,"Cirsium undulatum","Penstemon nitidus",0.0304878048780488,"positive",6,9,4,4,7,4,2,6,0.333333333333333
117,321,8,15,3,0.018,1.5,0.96629,0.157,"Cirsium undulatum","Phlox hoodii",0.0182926829268293,"random",6,9,4,3,10,8,4,8,0.5
117,342,8,17,1,0.02,1.7,0.47368,0.85838,"Cirsium undulatum","Populus tremuloides",-0.00853658536585366,"random",6,9,4,4,4,1,0,6,0
117,354,8,23,3,0.027,2.2,0.85097,0.3978,"Cirsium undulatum","Prunus virginiana",0.00975609756097561,"random",6,9,4,4,7,4,2,6,0.333333333333333
117,356,8,25,1,0.03,2.4,0.23181,0.95364,"Cirsium undulatum","Pulsatilla nuttalliana",-0.0170731707317073,"random",6,9,4,3,11,9,4,9,0.444444444444444
117,376,8,18,1,0.021,1.8,0.43792,0.87581,"Cirsium undulatum","Rosa woodsii",-0.00975609756097561,"random",6,9,4,6,8,3,3,4,0.75
117,409,8,25,2,0.03,2.4,0.53725,0.76819,"Cirsium undulatum","Shepherdia canadensis",-0.0048780487804878,"random",6,9,4,4,5,2,0,6,0
117,430,8,30,5,0.036,2.9,0.97477,0.11359,"Cirsium undulatum","Symphoricarpos occidentalis",0.025609756097561,"random",6,9,4,6,8,3,3,4,0.75
117,434,8,16,3,0.019,1.6,0.95709,0.18333,"Cirsium undulatum","Symphyotrichum laeve",0.0170731707317073,"random",6,9,4,6,10,5,4,5,0.8
117,438,8,12,1,0.014,1.2,0.66848,0.73513,"Cirsium undulatum","Taraxacum officinale",-0.0024390243902439,"random",6,9,4,3,11,9,4,9,0.444444444444444
117,442,8,30,6,0.036,2.9,0.99687,0.02523,"Cirsium undulatum","Thermopsis rhombifolia",0.0378048780487805,"positive",6,9,4,4,7,4,2,6,0.333333333333333
117,448,8,18,4,0.021,1.8,0.98888,0.06567,"Cirsium undulatum","Tragopogon dubius",0.0268292682926829,"random",6,9,4,5,10,6,4,6,0.666666666666667
117,454,8,18,1,0.021,1.8,0.43792,0.87581,"Cirsium undulatum","Trifolium pratense",-0.00975609756097561,"random",6,9,4,6,10,5,4,5,0.8
117,475,8,16,2,0.019,1.6,0.81667,0.48924,"Cirsium undulatum","Vicia americana",0.0048780487804878,"random",6,9,4,5,9,5,4,5,0.8
117,476,8,14,0,0.017,1.4,0.2074,1,"Cirsium undulatum","Vicia cracca",-0.0170731707317073,"random",6,9,4,5,11,7,4,7,0.571428571428571
117,477,8,15,1,0.018,1.5,0.549,0.817,"Cirsium undulatum","Viola adunca",-0.00609756097560976,"random",6,9,4,4,9,6,4,6,0.666666666666667
117,488,8,14,1,0.017,1.4,0.5882,0.7926,"Cirsium undulatum","Zizia aptera",-0.0048780487804878,"random",6,9,4,5,7,3,2,5,0.4
118,123,8,19,0,0.023,1.9,0.10866,1,"Cirsium vulgare","Comandra umbellata",-0.0231707317073171,"random",7,11,5,5,7,3,1,7,0.142857142857143
118,129,8,28,4,0.033,2.7,0.9146,0.26708,"Cirsium vulgare","Cornus sericea",0.0158536585365854,"random",7,11,5,5,8,4,2,7,0.285714285714286
118,141,8,34,4,0.04,3.3,0.81465,0.43853,"Cirsium vulgare","Dasiphora fruticosa",0.00853658536585366,"random",7,11,5,5,10,6,4,7,0.571428571428571
118,160,8,32,4,0.038,3.1,0.8531,0.37926,"Cirsium vulgare","Elaeagnus commutata",0.0109756097560976,"random",7,11,5,5,9,5,3,7,0.428571428571429
118,171,8,21,1,0.025,2,0.33967,0.91738,"Cirsium vulgare","Eriogonum flavum",-0.0121951219512195,"random",7,11,5,5,9,5,3,7,0.428571428571429
118,181,8,23,2,0.027,2.2,0.6022,0.71763,"Cirsium vulgare","Fragaria virginiana",-0.0024390243902439,"random",7,11,5,5,11,7,5,7,0.714285714285714
118,183,8,22,2,0.026,2.1,0.63465,0.68982,"Cirsium vulgare","Gaillardia aristata",-0.00121951219512195,"random",7,11,5,6,10,5,4,6,0.666666666666667
118,186,8,28,2,0.033,2.7,0.44224,0.83168,"Cirsium vulgare","Galium boreale",-0.00853658536585366,"random",7,11,5,6,8,3,2,6,0.333333333333333
118,190,8,12,3,0.014,1.2,0.98599,0.08872,"Cirsium vulgare","Geranium viscosissimum",0.0219512195121951,"random",7,11,5,5,11,7,5,7,0.714285714285714
118,192,8,22,2,0.026,2.1,0.63465,0.68982,"Cirsium vulgare","Geum triflorum",-0.00121951219512195,"random",7,11,5,4,7,4,1,8,0.125
118,193,8,14,3,0.017,1.4,0.97411,0.13235,"Cirsium vulgare","Glycyrrhiza lepidota",0.0195121951219512,"random",7,11,5,6,8,3,2,6,0.333333333333333
118,195,8,13,1,0.015,1.3,0.62812,0.7654,"Cirsium vulgare","Grindelia squarrosa",-0.00365853658536585,"random",7,11,5,7,11,5,5,5,1
118,196,8,14,1,0.017,1.4,0.5882,0.7926,"Cirsium vulgare","Gutierrezia sarothrae",-0.0048780487804878,"random",7,11,5,6,9,4,3,6,0.5
118,199,8,11,1,0.013,1.1,0.70895,0.7015,"Cirsium vulgare","Hedysarum alpinum",-0.00121951219512195,"random",7,11,5,5,9,5,3,7,0.428571428571429
118,200,8,16,1,0.019,1.6,0.51076,0.83885,"Cirsium vulgare","Hedysarum boreale",-0.00731707317073171,"random",7,11,5,4,10,7,4,8,0.5
118,208,8,13,1,0.015,1.3,0.62812,0.7654,"Cirsium vulgare","Heterotheca villosa",-0.00365853658536585,"random",7,11,5,6,10,5,4,6,0.666666666666667
118,233,8,14,0,0.017,1.4,0.2074,1,"Cirsium vulgare","Liatris punctata",-0.0170731707317073,"random",7,11,5,7,10,4,4,5,0.8
118,236,8,11,2,0.013,1.1,0.92996,0.29105,"Cirsium vulgare","Linaria vulgaris",0.0109756097560976,"random",7,11,5,5,10,6,4,7,0.571428571428571
118,239,8,23,3,0.027,2.2,0.85097,0.3978,"Cirsium vulgare","Linum lewisii",0.00975609756097561,"random",7,11,5,5,10,6,4,7,0.571428571428571
118,241,8,13,1,0.015,1.3,0.62812,0.7654,"Cirsium vulgare","Lithospermum ruderale",-0.00365853658536585,"random",7,11,5,5,7,3,1,7,0.142857142857143
118,246,8,12,1,0.014,1.2,0.66848,0.73513,"Cirsium vulgare","Lonicera dioica",-0.0024390243902439,"random",7,11,5,6,7,2,1,6,0.166666666666667
118,258,8,30,3,0.036,2.9,0.67825,0.6178,"Cirsium vulgare","Maianthemum stellatum",0.00121951219512195,"random",7,11,5,5,7,3,1,7,0.142857142857143
118,265,8,14,1,0.017,1.4,0.5882,0.7926,"Cirsium vulgare","Melilotus officinalis",-0.0048780487804878,"random",7,11,5,5,11,7,5,7,0.714285714285714
118,275,8,18,2,0.021,1.8,0.75976,0.56208,"Cirsium vulgare","Monarda fistulosa",0.0024390243902439,"random",7,11,5,5,9,5,3,7,0.428571428571429
118,278,8,11,0,0.013,1.1,0.2985,1,"Cirsium vulgare","Musineon divaricatum",-0.0134146341463415,"random",7,11,5,4,7,4,1,8,0.125
118,285,8,13,1,0.015,1.3,0.62812,0.7654,"Cirsium vulgare","Oenothera suffrutescens",-0.00365853658536585,"random",7,11,5,5,8,4,2,7,0.285714285714286
118,286,8,15,0,0.018,1.5,0.183,1,"Cirsium vulgare","Opuntia polyacantha",-0.0182926829268293,"random",7,11,5,5,8,4,2,7,0.285714285714286
118,310,8,15,0,0.018,1.5,0.183,1,"Cirsium vulgare","Penstemon nitidus",-0.0182926829268293,"random",7,11,5,4,7,4,1,8,0.125
118,321,8,15,0,0.018,1.5,0.183,1,"Cirsium vulgare","Phlox hoodii",-0.0182926829268293,"random",7,11,5,3,10,8,4,9,0.444444444444444
118,342,8,17,4,0.02,1.7,0.99166,0.05355,"Cirsium vulgare","Populus tremuloides",0.0280487804878049,"random",7,11,5,4,4,1,0,8,0
118,354,8,23,3,0.027,2.2,0.85097,0.3978,"Cirsium vulgare","Prunus virginiana",0.00975609756097561,"random",7,11,5,4,7,4,1,8,0.125
118,356,8,25,1,0.03,2.4,0.23181,0.95364,"Cirsium vulgare","Pulsatilla nuttalliana",-0.0170731707317073,"random",7,11,5,3,11,9,5,9,0.555555555555556
118,376,8,18,4,0.021,1.8,0.98888,0.06567,"Cirsium vulgare","Rosa woodsii",0.0268292682926829,"random",7,11,5,6,8,3,2,6,0.333333333333333
118,409,8,25,4,0.03,2.4,0.94765,0.19255,"Cirsium vulgare","Shepherdia canadensis",0.0195121951219512,"random",7,11,5,4,5,2,0,8,0
118,430,8,30,3,0.036,2.9,0.67825,0.6178,"Cirsium vulgare","Symphoricarpos occidentalis",0.00121951219512195,"random",7,11,5,6,8,3,2,6,0.333333333333333
118,434,8,16,1,0.019,1.6,0.51076,0.83885,"Cirsium vulgare","Symphyotrichum laeve",-0.00731707317073171,"random",7,11,5,6,10,5,4,6,0.666666666666667
118,438,8,12,1,0.014,1.2,0.66848,0.73513,"Cirsium vulgare","Taraxacum officinale",-0.0024390243902439,"random",7,11,5,3,11,9,5,9,0.555555555555556
118,442,8,30,2,0.036,2.9,0.3822,0.86628,"Cirsium vulgare","Thermopsis rhombifolia",-0.0109756097560976,"random",7,11,5,4,7,4,1,8,0.125
118,448,8,18,1,0.021,1.8,0.43792,0.87581,"Cirsium vulgare","Tragopogon dubius",-0.00975609756097561,"random",7,11,5,5,10,6,4,7,0.571428571428571
118,454,8,18,1,0.021,1.8,0.43792,0.87581,"Cirsium vulgare","Trifolium pratense",-0.00975609756097561,"random",7,11,5,6,10,5,4,6,0.666666666666667
118,475,8,16,1,0.019,1.6,0.51076,0.83885,"Cirsium vulgare","Vicia americana",-0.00731707317073171,"random",7,11,5,5,9,5,3,7,0.428571428571429
118,476,8,14,2,0.017,1.4,0.86765,0.4118,"Cirsium vulgare","Vicia cracca",0.00731707317073171,"random",7,11,5,5,11,7,5,7,0.714285714285714
118,477,8,15,1,0.018,1.5,0.549,0.817,"Cirsium vulgare","Viola adunca",-0.00609756097560976,"random",7,11,5,4,9,6,3,8,0.375
118,488,8,14,0,0.017,1.4,0.2074,1,"Cirsium vulgare","Zizia aptera",-0.0170731707317073,"random",7,11,5,5,7,3,1,7,0.142857142857143
120,123,5,19,0,0.014,1.2,0.25761,1,"Clematis occidentalis","Comandra umbellata",-0.0146341463414634,"random",5,10,6,5,7,3,3,6,0.5
120,129,5,28,3,0.021,1.7,0.95588,0.21594,"Clematis occidentalis","Cornus sericea",0.0158536585365854,"random",5,10,6,5,8,4,4,6,0.666666666666667
120,141,5,34,2,0.025,2.1,0.66083,0.69478,"Clematis occidentalis","Dasiphora fruticosa",-0.00121951219512195,"random",5,10,6,5,10,6,6,6,1
120,160,5,32,2,0.024,2,0.70404,0.65225,"Clematis occidentalis","Elaeagnus commutata",0,"random",5,10,6,5,9,5,5,6,0.833333333333333
120,171,5,21,0,0.016,1.3,0.21803,1,"Clematis occidentalis","Eriogonum flavum",-0.0158536585365854,"random",5,10,6,5,9,5,5,6,0.833333333333333
120,181,5,23,2,0.017,1.4,0.86856,0.43287,"Clematis occidentalis","Fragaria virginiana",0.00731707317073171,"random",5,10,6,5,11,7,6,7,0.857142857142857
120,183,5,22,0,0.016,1.3,0.20016,1,"Clematis occidentalis","Gaillardia aristata",-0.0158536585365854,"random",5,10,6,6,10,5,5,6,0.833333333333333
120,186,5,28,2,0.021,1.7,0.78406,0.55956,"Clematis occidentalis","Galium boreale",0.00365853658536585,"random",5,10,6,6,8,3,3,6,0.5
120,192,5,22,0,0.016,1.3,0.20016,1,"Clematis occidentalis","Geum triflorum",-0.0158536585365854,"random",5,10,6,4,7,4,3,7,0.428571428571429
120,239,5,23,0,0.017,1.4,0.18348,1,"Clematis occidentalis","Linum lewisii",-0.0170731707317073,"random",5,10,6,5,10,6,6,6,1
120,258,5,30,3,0.022,1.8,0.94255,0.25476,"Clematis occidentalis","Maianthemum stellatum",0.0146341463414634,"random",5,10,6,5,7,3,3,6,0.5
120,275,5,18,0,0.013,1.1,0.27944,1,"Clematis occidentalis","Monarda fistulosa",-0.0134146341463415,"random",5,10,6,5,9,5,5,6,0.833333333333333
120,342,5,17,2,0.013,1,0.94227,0.27545,"Clematis occidentalis","Populus tremuloides",0.0121951219512195,"random",5,10,6,4,4,1,0,7,0
120,354,5,23,1,0.017,1.4,0.56713,0.81652,"Clematis occidentalis","Prunus virginiana",-0.0048780487804878,"random",5,10,6,4,7,4,3,7,0.428571428571429
120,356,5,25,1,0.019,1.5,0.51538,0.84654,"Clematis occidentalis","Pulsatilla nuttalliana",-0.00609756097560976,"random",5,10,6,3,11,9,6,9,0.666666666666667
120,376,5,18,1,0.013,1.1,0.69859,0.72056,"Clematis occidentalis","Rosa woodsii",-0.00121951219512195,"random",5,10,6,6,8,3,3,6,0.5
120,409,5,25,2,0.019,1.5,0.83709,0.48462,"Clematis occidentalis","Shepherdia canadensis",0.00609756097560976,"random",5,10,6,4,5,2,1,7,0.142857142857143
120,430,5,30,1,0.022,1.8,0.39291,0.90475,"Clematis occidentalis","Symphoricarpos occidentalis",-0.00975609756097561,"random",5,10,6,6,8,3,3,6,0.5
120,442,5,30,0,0.022,1.8,0.09525,1,"Clematis occidentalis","Thermopsis rhombifolia",-0.0219512195121951,"random",5,10,6,4,7,4,3,7,0.428571428571429
120,448,5,18,1,0.013,1.1,0.69859,0.72056,"Clematis occidentalis","Tragopogon dubius",-0.00121951219512195,"random",5,10,6,5,10,6,6,6,1
120,454,5,18,2,0.013,1.1,0.93222,0.30141,"Clematis occidentalis","Trifolium pratense",0.0109756097560976,"random",5,10,6,6,10,5,5,6,0.833333333333333
121,123,8,19,2,0.023,1.9,0.72959,0.5964,"Clematis tangutica","Comandra umbellata",0.00121951219512195,"random",6,10,5,5,7,3,2,6,0.333333333333333
121,129,8,28,2,0.033,2.7,0.44224,0.83168,"Clematis tangutica","Cornus sericea",-0.00853658536585366,"random",6,10,5,5,8,4,3,6,0.5
121,141,8,34,4,0.04,3.3,0.81465,0.43853,"Clematis tangutica","Dasiphora fruticosa",0.00853658536585366,"random",6,10,5,5,10,6,5,6,0.833333333333333
121,160,8,32,5,0.038,3.1,0.96384,0.1469,"Clematis tangutica","Elaeagnus commutata",0.0231707317073171,"random",6,10,5,5,9,5,4,6,0.666666666666667
121,171,8,21,0,0.025,2,0.08262,1,"Clematis tangutica","Eriogonum flavum",-0.024390243902439,"random",6,10,5,5,9,5,4,6,0.666666666666667
121,181,8,23,1,0.027,2.2,0.28237,0.93778,"Clematis tangutica","Fragaria virginiana",-0.0146341463414634,"random",6,10,5,5,11,7,5,7,0.714285714285714
121,183,8,22,5,0.026,2.1,0.996,0.02929,"Clematis tangutica","Gaillardia aristata",0.0353658536585366,"positive",6,10,5,6,10,5,5,5,1
121,186,8,28,4,0.033,2.7,0.9146,0.26708,"Clematis tangutica","Galium boreale",0.0158536585365854,"random",6,10,5,6,8,3,3,5,0.6
121,190,8,12,1,0.014,1.2,0.66848,0.73513,"Clematis tangutica","Geranium viscosissimum",-0.0024390243902439,"random",6,10,5,5,11,7,5,7,0.714285714285714
121,192,8,22,3,0.026,2.1,0.87063,0.36535,"Clematis tangutica","Geum triflorum",0.0109756097560976,"random",6,10,5,4,7,4,2,7,0.285714285714286
121,193,8,14,1,0.017,1.4,0.5882,0.7926,"Clematis tangutica","Glycyrrhiza lepidota",-0.0048780487804878,"random",6,10,5,6,8,3,3,5,0.6
121,195,8,13,2,0.015,1.3,0.89047,0.37188,"Clematis tangutica","Grindelia squarrosa",0.00853658536585366,"random",6,10,5,7,11,5,4,6,0.666666666666667
121,196,8,14,1,0.017,1.4,0.5882,0.7926,"Clematis tangutica","Gutierrezia sarothrae",-0.0048780487804878,"random",6,10,5,6,9,4,4,5,0.8
121,199,8,11,0,0.013,1.1,0.2985,1,"Clematis tangutica","Hedysarum alpinum",-0.0134146341463415,"random",6,10,5,5,9,5,4,6,0.666666666666667
121,200,8,16,2,0.019,1.6,0.81667,0.48924,"Clematis tangutica","Hedysarum boreale",0.0048780487804878,"random",6,10,5,4,10,7,5,7,0.714285714285714
121,208,8,13,0,0.015,1.3,0.2346,1,"Clematis tangutica","Heterotheca villosa",-0.0158536585365854,"random",6,10,5,6,10,5,5,5,1
121,233,8,14,0,0.017,1.4,0.2074,1,"Clematis tangutica","Liatris punctata",-0.0170731707317073,"random",6,10,5,7,10,4,4,5,0.8
121,236,8,11,5,0.013,1.1,0.99997,0.00077,"Clematis tangutica","Linaria vulgaris",0.0475609756097561,"positive",6,10,5,5,10,6,5,6,0.833333333333333
121,239,8,23,1,0.027,2.2,0.28237,0.93778,"Clematis tangutica","Linum lewisii",-0.0146341463414634,"random",6,10,5,5,10,6,5,6,0.833333333333333
121,241,8,13,2,0.015,1.3,0.89047,0.37188,"Clematis tangutica","Lithospermum ruderale",0.00853658536585366,"random",6,10,5,5,7,3,2,6,0.333333333333333
121,246,8,12,0,0.014,1.2,0.26487,1,"Clematis tangutica","Lonicera dioica",-0.0146341463414634,"random",6,10,5,6,7,2,2,5,0.4
121,258,8,30,4,0.036,2.9,0.88641,0.32175,"Clematis tangutica","Maianthemum stellatum",0.0134146341463415,"random",6,10,5,5,7,3,2,6,0.333333333333333
121,265,8,14,3,0.017,1.4,0.97411,0.13235,"Clematis tangutica","Melilotus officinalis",0.0195121951219512,"random",6,10,5,5,11,7,5,7,0.714285714285714
121,275,8,18,1,0.021,1.8,0.43792,0.87581,"Clematis tangutica","Monarda fistulosa",-0.00975609756097561,"random",6,10,5,5,9,5,4,6,0.666666666666667
121,278,8,11,2,0.013,1.1,0.92996,0.29105,"Clematis tangutica","Musineon divaricatum",0.0109756097560976,"random",6,10,5,4,7,4,2,7,0.285714285714286
121,285,8,13,1,0.015,1.3,0.62812,0.7654,"Clematis tangutica","Oenothera suffrutescens",-0.00365853658536585,"random",6,10,5,5,8,4,3,6,0.5
121,286,8,15,0,0.018,1.5,0.183,1,"Clematis tangutica","Opuntia polyacantha",-0.0182926829268293,"random",6,10,5,5,8,4,3,6,0.5
121,310,8,15,0,0.018,1.5,0.183,1,"Clematis tangutica","Penstemon nitidus",-0.0182926829268293,"random",6,10,5,4,7,4,2,7,0.285714285714286
121,321,8,15,2,0.018,1.5,0.843,0.451,"Clematis tangutica","Phlox hoodii",0.00609756097560976,"random",6,10,5,3,10,8,5,8,0.625
121,342,8,17,0,0.02,1.7,0.14162,1,"Clematis tangutica","Populus tremuloides",-0.0207317073170732,"random",6,10,5,4,4,1,0,7,0
121,354,8,23,2,0.027,2.2,0.6022,0.71763,"Clematis tangutica","Prunus virginiana",-0.0024390243902439,"random",6,10,5,4,7,4,2,7,0.285714285714286
121,356,8,25,3,0.03,2.4,0.80745,0.46275,"Clematis tangutica","Pulsatilla nuttalliana",0.00731707317073171,"random",6,10,5,3,11,9,5,9,0.555555555555556
121,376,8,18,2,0.021,1.8,0.75976,0.56208,"Clematis tangutica","Rosa woodsii",0.0024390243902439,"random",6,10,5,6,8,3,3,5,0.6
121,409,8,25,5,0.03,2.4,0.99127,0.05235,"Clematis tangutica","Shepherdia canadensis",0.0317073170731707,"random",6,10,5,4,5,2,0,7,0
121,430,8,30,3,0.036,2.9,0.67825,0.6178,"Clematis tangutica","Symphoricarpos occidentalis",0.00121951219512195,"random",6,10,5,6,8,3,3,5,0.6
121,434,8,16,3,0.019,1.6,0.95709,0.18333,"Clematis tangutica","Symphyotrichum laeve",0.0170731707317073,"random",6,10,5,6,10,5,5,5,1
121,438,8,12,3,0.014,1.2,0.98599,0.08872,"Clematis tangutica","Taraxacum officinale",0.0219512195121951,"random",6,10,5,3,11,9,5,9,0.555555555555556
121,442,8,30,4,0.036,2.9,0.88641,0.32175,"Clematis tangutica","Thermopsis rhombifolia",0.0134146341463415,"random",6,10,5,4,7,4,2,7,0.285714285714286
121,448,8,18,3,0.021,1.8,0.93433,0.24024,"Clematis tangutica","Tragopogon dubius",0.0146341463414634,"random",6,10,5,5,10,6,5,6,0.833333333333333
121,454,8,18,3,0.021,1.8,0.93433,0.24024,"Clematis tangutica","Trifolium pratense",0.0146341463414634,"random",6,10,5,6,10,5,5,5,1
121,475,8,16,0,0.019,1.6,0.16115,1,"Clematis tangutica","Vicia americana",-0.0195121951219512,"random",6,10,5,5,9,5,4,6,0.666666666666667
121,476,8,14,4,0.017,1.4,0.99699,0.02589,"Clematis tangutica","Vicia cracca",0.0317073170731707,"positive",6,10,5,5,11,7,5,7,0.714285714285714
121,477,8,15,2,0.018,1.5,0.843,0.451,"Clematis tangutica","Viola adunca",0.00609756097560976,"random",6,10,5,4,9,6,4,7,0.571428571428571
121,488,8,14,0,0.017,1.4,0.2074,1,"Clematis tangutica","Zizia aptera",-0.0170731707317073,"random",6,10,5,5,7,3,2,6,0.333333333333333
122,129,3,28,1,0.012,1,0.73252,0.71992,"Collinsia parviflora","Cornus sericea",0,"random",5,7,3,5,8,4,3,4,0.75
122,141,3,34,0,0.015,1.2,0.1953,1,"Collinsia parviflora","Dasiphora fruticosa",-0.0146341463414634,"random",5,7,3,5,10,6,3,6,0.5
122,160,3,32,0,0.014,1.2,0.22132,1,"Collinsia parviflora","Elaeagnus commutata",-0.0146341463414634,"random",5,7,3,5,9,5,3,5,0.6
122,186,3,28,0,0.012,1,0.28008,1,"Collinsia parviflora","Galium boreale",-0.0121951219512195,"random",5,7,3,6,8,3,2,4,0.5
122,258,3,30,1,0.013,1.1,0.69874,0.75045,"Collinsia parviflora","Maianthemum stellatum",-0.00121951219512195,"random",5,7,3,5,7,3,3,3,1
122,430,3,30,0,0.013,1.1,0.24955,1,"Collinsia parviflora","Symphoricarpos occidentalis",-0.0134146341463415,"random",5,7,3,6,8,3,2,4,0.5
122,442,3,30,0,0.013,1.1,0.24955,1,"Collinsia parviflora","Thermopsis rhombifolia",-0.0134146341463415,"random",5,7,3,4,7,4,3,4,0.75
123,129,19,28,7,0.079,6.5,0.71516,0.49089,"Comandra umbellata","Cornus sericea",0.00609756097560976,"random",5,7,3,5,8,4,3,4,0.75
123,131,19,5,2,0.014,1.2,0.92127,0.32761,"Comandra umbellata","Cotoneaster acutifolius",0.00975609756097561,"random",5,7,3,5,7,3,3,3,1
123,135,19,7,3,0.02,1.6,0.95308,0.19875,"Comandra umbellata","Cypripedium parviflorum",0.0170731707317073,"random",5,7,3,5,7,3,3,3,1
123,140,19,7,1,0.02,1.6,0.4851,0.85447,"Comandra umbellata","Dalea purpurea",-0.00731707317073171,"random",5,7,3,6,9,4,2,5,0.4
123,141,19,34,7,0.096,7.9,0.42379,0.76636,"Comandra umbellata","Dasiphora fruticosa",-0.0109756097560976,"random",5,7,3,5,10,6,3,6,0.5
123,142,19,5,3,0.014,1.2,0.99062,0.07873,"Comandra umbellata","Delphinium bicolor",0.0219512195121951,"random",5,7,3,5,7,3,3,3,1
123,160,19,32,10,0.09,7.4,0.95003,0.13197,"Comandra umbellata","Elaeagnus commutata",0.0317073170731707,"random",5,7,3,5,9,5,3,5,0.6
123,171,19,21,8,0.059,4.9,0.98285,0.06031,"Comandra umbellata","Eriogonum flavum",0.0378048780487805,"random",5,7,3,5,9,5,3,5,0.6
123,178,19,5,2,0.014,1.2,0.92127,0.32761,"Comandra umbellata","Euphorbia virgata",0.00975609756097561,"random",5,7,3,5,9,5,3,5,0.6
123,179,19,5,0,0.014,1.2,0.25761,1,"Comandra umbellata","Eurybia conspicua",-0.0146341463414634,"random",5,7,3,7,10,4,1,6,0.166666666666667
123,181,19,23,4,0.065,5.3,0.3217,0.85754,"Comandra umbellata","Fragaria virginiana",-0.0158536585365854,"random",5,7,3,5,11,7,3,7,0.428571428571429
123,183,19,22,7,0.062,5.1,0.91947,0.20161,"Comandra umbellata","Gaillardia aristata",0.0231707317073171,"random",5,7,3,6,10,5,2,6,0.333333333333333
123,184,19,6,2,0.017,1.4,0.86632,0.42457,"Comandra umbellata","Galearis rotundifolia",0.00731707317073171,"random",5,7,3,6,7,2,2,3,0.666666666666667
123,186,19,28,8,0.079,6.5,0.8661,0.28484,"Comandra umbellata","Galium boreale",0.0182926829268293,"random",5,7,3,6,8,3,2,4,0.5
123,190,19,12,2,0.034,2.8,0.43722,0.82657,"Comandra umbellata","Geranium viscosissimum",-0.00975609756097561,"random",5,7,3,5,11,7,3,7,0.428571428571429
123,192,19,22,6,0.062,5.1,0.79839,0.3972,"Comandra umbellata","Geum triflorum",0.0109756097560976,"random",5,7,3,4,7,4,3,4,0.75
123,193,19,14,3,0.04,3.2,0.58639,0.685,"Comandra umbellata","Glycyrrhiza lepidota",-0.0024390243902439,"random",5,7,3,6,8,3,2,4,0.5
123,195,19,13,4,0.037,3,0.8564,0.34923,"Comandra umbellata","Grindelia squarrosa",0.0121951219512195,"random",5,7,3,7,11,5,1,7,0.142857142857143
123,196,19,14,6,0.04,3.2,0.98466,0.06313,"Comandra umbellata","Gutierrezia sarothrae",0.0341463414634146,"random",5,7,3,6,9,4,2,5,0.4
123,199,19,11,3,0.031,2.5,0.77444,0.49357,"Comandra umbellata","Hedysarum alpinum",0.00609756097560976,"random",5,7,3,5,9,5,3,5,0.6
123,200,19,16,8,0.045,3.7,0.99861,0.0084,"Comandra umbellata","Hedysarum boreale",0.0524390243902439,"positive",5,7,3,4,10,7,3,7,0.428571428571429
123,202,19,6,2,0.017,1.4,0.86632,0.42457,"Comandra umbellata","Helianthus annuus",0.00731707317073171,"random",5,7,3,6,11,6,2,7,0.285714285714286
123,206,19,8,0,0.023,1.9,0.10866,1,"Comandra umbellata","Heracleum maximum",-0.0231707317073171,"random",5,7,3,6,8,3,2,4,0.5
123,207,19,5,0,0.014,1.2,0.25761,1,"Comandra umbellata","Hesperostipa comata",-0.0146341463414634,"random",5,7,3,6,6,1,1,3,0.333333333333333
123,208,19,13,3,0.037,3,0.65077,0.62684,"Comandra umbellata","Heterotheca villosa",0,"random",5,7,3,6,10,5,2,6,0.333333333333333
123,214,19,6,0,0.017,1.4,0.19404,1,"Comandra umbellata","Hordeum jubatum",-0.0170731707317073,"random",5,7,3,6,7,2,2,3,0.666666666666667
123,216,19,7,2,0.02,1.6,0.80125,0.5149,"Comandra umbellata","Hymenoxys richardsonii",0.0048780487804878,"random",5,7,3,5,7,3,3,3,1
123,217,19,7,0,0.02,1.6,0.14553,1,"Comandra umbellata","Hyoscyamus niger",-0.0195121951219512,"random",5,7,3,5,10,6,3,6,0.5
123,222,19,7,3,0.02,1.6,0.95308,0.19875,"Comandra umbellata","Krascheninnikovia lanata",0.0170731707317073,"random",5,7,3,5,9,4,3,5,0.6
123,231,19,5,0,0.014,1.2,0.25761,1,"Comandra umbellata","Leucanthemum vulgare",-0.0146341463414634,"random",5,7,3,6,10,5,2,6,0.333333333333333
123,233,19,14,5,0.04,3.2,0.93687,0.1883,"Comandra umbellata","Liatris punctata",0.0219512195121951,"random",5,7,3,7,10,4,1,6,0.166666666666667
123,234,19,5,3,0.014,1.2,0.99062,0.07873,"Comandra umbellata","Lilium philadelphicum",0.0219512195121951,"random",5,7,3,5,9,5,3,5,0.6
123,236,19,11,0,0.031,2.5,0.04398,1,"Comandra umbellata","Linaria vulgaris",-0.0304878048780488,"negative",5,7,3,5,10,6,3,6,0.5
123,239,19,23,4,0.065,5.3,0.3217,0.85754,"Comandra umbellata","Linum lewisii",-0.0158536585365854,"random",5,7,3,5,10,6,3,6,0.5
123,240,19,6,3,0.017,1.4,0.97621,0.13368,"Comandra umbellata","Lithospermum incisum",0.0195121951219512,"random",5,7,3,4,6,3,2,4,0.5
123,241,19,13,4,0.037,3,0.8564,0.34923,"Comandra umbellata","Lithospermum ruderale",0.0121951219512195,"random",5,7,3,5,7,3,3,3,1
123,246,19,12,6,0.034,2.8,0.99514,0.02712,"Comandra umbellata","Lonicera dioica",0.0390243902439024,"positive",5,7,3,6,7,2,2,3,0.666666666666667
123,250,19,6,0,0.017,1.4,0.19404,1,"Comandra umbellata","Lotus corniculatus",-0.0170731707317073,"random",5,7,3,5,9,5,3,5,0.6
123,253,19,7,4,0.02,1.6,0.99356,0.04692,"Comandra umbellata","Lygodesmia juncea",0.0292682926829268,"positive",5,7,3,6,10,5,2,6,0.333333333333333
123,258,19,30,11,0.085,7,0.99268,0.02818,"Comandra umbellata","Maianthemum stellatum",0.0487804878048781,"positive",5,7,3,5,7,3,3,3,1
123,261,19,10,0,0.028,2.3,0.05974,1,"Comandra umbellata","Medicago lupulina",-0.0280487804878049,"random",5,7,3,5,11,7,3,7,0.428571428571429
123,262,19,10,1,0.028,2.3,0.26995,0.94026,"Comandra umbellata","Medicago sativa",-0.0158536585365854,"random",5,7,3,5,10,6,3,6,0.5
123,264,19,9,0,0.025,2.1,0.08076,1,"Comandra umbellata","Melilotus albus",-0.025609756097561,"random",5,7,3,6,11,6,2,7,0.285714285714286
123,265,19,14,1,0.04,3.2,0.10747,0.983,"Comandra umbellata","Melilotus officinalis",-0.0268292682926829,"random",5,7,3,5,11,7,3,7,0.428571428571429
123,275,19,18,3,0.051,4.2,0.34664,0.85561,"Comandra umbellata","Monarda fistulosa",-0.0146341463414634,"random",5,7,3,5,9,5,3,5,0.6
123,278,19,11,6,0.031,2.5,0.99763,0.01599,"Comandra umbellata","Musineon divaricatum",0.0426829268292683,"positive",5,7,3,4,7,4,3,4,0.75
123,285,19,13,5,0.037,3,0.95735,0.1436,"Comandra umbellata","Oenothera suffrutescens",0.024390243902439,"random",5,7,3,5,8,4,3,4,0.75
123,286,19,15,7,0.042,3.5,0.9951,0.02447,"Comandra umbellata","Opuntia polyacantha",0.0426829268292683,"positive",5,7,3,5,8,4,3,4,0.75
123,287,19,6,4,0.017,1.4,0.99783,0.02379,"Comandra umbellata","Oreocarya glomerata",0.0317073170731707,"positive",5,7,3,5,8,4,3,4,0.75
123,290,19,9,3,0.025,2.1,0.87937,0.3453,"Comandra umbellata","Oxytropis campestris",0.0109756097560976,"random",5,7,3,5,9,5,3,5,0.6
123,292,19,9,3,0.025,2.1,0.87937,0.3453,"Comandra umbellata","Oxytropis sericea",0.0109756097560976,"random",5,7,3,5,6,2,2,3,0.666666666666667
123,292,19,9,3,0.025,2.1,0.87937,0.3453,"Comandra umbellata","Oxytropis sericea",0.0109756097560976,"random",5,7,3,5,6,2,2,3,0.666666666666667
123,293,19,6,2,0.017,1.4,0.86632,0.42457,"Comandra umbellata","Oxytropis splendens",0.00731707317073171,"random",5,7,3,6,8,3,2,4,0.5
123,295,19,5,4,0.014,1.2,0.99957,0.00938,"Comandra umbellata","Packera cana",0.0341463414634146,"positive",5,7,3,5,8,4,3,4,0.75
123,304,19,8,3,0.023,1.9,0.92069,0.27041,"Comandra umbellata","Pelecyphora vivipara",0.0134146341463415,"random",5,7,3,5,7,3,3,3,1
123,307,19,6,0,0.017,1.4,0.19404,1,"Comandra umbellata","Penstemon confertus",-0.0170731707317073,"random",5,7,3,6,8,3,2,4,0.5
123,310,19,15,7,0.042,3.5,0.9951,0.02447,"Comandra umbellata","Penstemon nitidus",0.0426829268292683,"positive",5,7,3,4,7,4,3,4,0.75
123,315,19,6,2,0.017,1.4,0.86632,0.42457,"Comandra umbellata","Petasites frigidus",0.00731707317073171,"random",5,7,3,4,9,6,3,6,0.5
123,320,19,6,0,0.017,1.4,0.19404,1,"Comandra umbellata","Phleum pratense",-0.0170731707317073,"random",5,7,3,7,7,1,1,3,0.333333333333333
123,321,19,15,8,0.042,3.5,0.9993,0.0049,"Comandra umbellata","Phlox hoodii",0.0548780487804878,"positive",5,7,3,3,10,8,3,8,0.375
123,323,19,6,4,0.017,1.4,0.99783,0.02379,"Comandra umbellata","Physaria arenosa",0.0317073170731707,"positive",5,7,3,4,7,4,3,4,0.75
123,327,19,5,1,0.014,1.2,0.67239,0.74239,"Comandra umbellata","Plantago major",-0.0024390243902439,"random",5,7,3,6,8,3,2,4,0.5
123,328,19,5,2,0.014,1.2,0.92127,0.32761,"Comandra umbellata","Plantago patagonica",0.00975609756097561,"random",5,7,3,6,8,3,2,4,0.5
123,337,19,5,0,0.014,1.2,0.25761,1,"Comandra umbellata","Polemonium pulcherrimum",-0.0146341463414634,"random",5,7,3,4,9,6,3,6,0.5
123,338,19,6,4,0.017,1.4,0.99783,0.02379,"Comandra umbellata","Polygala senega",0.0317073170731707,"positive",5,7,3,5,7,3,3,3,1
123,340,19,6,0,0.017,1.4,0.19404,1,"Comandra umbellata","Populus balsamifera",-0.0170731707317073,"random",5,7,3,4,5,2,1,4,0.25
123,342,19,17,3,0.048,3.9,0.40167,0.8219,"Comandra umbellata","Populus tremuloides",-0.0109756097560976,"random",5,7,3,4,4,1,0,4,0
123,343,19,10,4,0.028,2.3,0.95323,0.16987,"Comandra umbellata","Potentilla concinna",0.0207317073170732,"random",5,7,3,4,6,3,2,4,0.5
123,354,19,23,3,0.065,5.3,0.14246,0.95611,"Comandra umbellata","Prunus virginiana",-0.0280487804878049,"random",5,7,3,4,7,4,3,4,0.75
123,356,19,25,6,0.071,5.8,0.66204,0.55794,"Comandra umbellata","Pulsatilla nuttalliana",0.0024390243902439,"random",5,7,3,3,11,9,3,9,0.333333333333333
123,358,19,10,3,0.028,2.3,0.83013,0.42048,"Comandra umbellata","Pyrola asarifolia",0.00853658536585366,"random",5,7,3,6,9,4,2,5,0.4
123,362,19,6,0,0.017,1.4,0.19404,1,"Comandra umbellata","Ratibida columnifera",-0.0170731707317073,"random",5,7,3,6,10,5,2,6,0.333333333333333
123,368,19,10,5,0.028,2.3,0.99144,0.04677,"Comandra umbellata","Rhus aromatica",0.0329268292682927,"positive",5,7,3,5,5,1,1,3,0.333333333333333
123,371,19,7,3,0.02,1.6,0.95308,0.19875,"Comandra umbellata","Ribes oxyacanthoides",0.0170731707317073,"random",5,7,3,5,6,2,2,3,0.666666666666667
123,373,19,8,3,0.023,1.9,0.92069,0.27041,"Comandra umbellata","Rosa acicularis",0.0134146341463415,"random",5,7,3,5,7,3,3,3,1
123,374,19,8,3,0.023,1.9,0.92069,0.27041,"Comandra umbellata","Rosa arkansana",0.0134146341463415,"random",5,7,3,6,9,4,2,5,0.4
123,376,19,18,3,0.051,4.2,0.34664,0.85561,"Comandra umbellata","Rosa woodsii",-0.0146341463414634,"random",5,7,3,6,8,3,2,4,0.5
123,389,19,5,0,0.014,1.2,0.25761,1,"Comandra umbellata","Salix glauca",-0.0146341463414634,"random",5,7,3,6,7,2,2,3,0.666666666666667
123,390,19,10,3,0.028,2.3,0.83013,0.42048,"Comandra umbellata","Salix interior",0.00853658536585366,"random",5,7,3,5,7,3,3,3,1
123,408,19,8,1,0.023,1.9,0.4036,0.89134,"Comandra umbellata","Shepherdia argentea",-0.0109756097560976,"random",5,7,3,4,5,2,1,4,0.25
123,409,19,25,6,0.071,5.8,0.66204,0.55794,"Comandra umbellata","Shepherdia canadensis",0.0024390243902439,"random",5,7,3,4,5,2,1,4,0.25
123,412,19,7,0,0.02,1.6,0.14553,1,"Comandra umbellata","Sisymbrium loeselii",-0.0195121951219512,"random",5,7,3,5,10,6,3,6,0.5
123,413,19,7,3,0.02,1.6,0.95308,0.19875,"Comandra umbellata","Sisyrinchium montanum",0.0170731707317073,"random",5,7,3,5,8,4,3,4,0.75
123,417,19,8,2,0.023,1.9,0.72959,0.5964,"Comandra umbellata","Solidago missouriensis",0.00121951219512195,"random",5,7,3,6,9,4,2,5,0.4
123,423,19,8,3,0.023,1.9,0.92069,0.27041,"Comandra umbellata","Sphaeralcea coccinea",0.0134146341463415,"random",5,7,3,5,9,5,3,5,0.6
123,430,19,30,8,0.085,7,0.80091,0.37846,"Comandra umbellata","Symphoricarpos occidentalis",0.0121951219512195,"random",5,7,3,6,8,3,2,4,0.5
123,434,19,16,7,0.045,3.7,0.9916,0.03697,"Comandra umbellata","Symphyotrichum laeve",0.0402439024390244,"positive",5,7,3,6,10,5,2,6,0.333333333333333
123,437,19,7,0,0.02,1.6,0.14553,1,"Comandra umbellata","Tanacetum vulgare",-0.0195121951219512,"random",5,7,3,7,10,4,1,6,0.166666666666667
123,438,19,12,4,0.034,2.8,0.89523,0.28596,"Comandra umbellata","Taraxacum officinale",0.0146341463414634,"random",5,7,3,3,11,9,3,9,0.333333333333333
123,442,19,30,10,0.085,7,0.97182,0.08426,"Comandra umbellata","Thermopsis rhombifolia",0.0365853658536585,"random",5,7,3,4,7,4,3,4,0.75
123,444,19,10,1,0.028,2.3,0.26995,0.94026,"Comandra umbellata","Thlaspi arvense",-0.0158536585365854,"random",5,7,3,4,9,6,3,6,0.5
123,448,19,18,2,0.051,4.2,0.14439,0.96268,"Comandra umbellata","Tragopogon dubius",-0.0268292682926829,"random",5,7,3,5,10,6,3,6,0.5
123,450,19,5,2,0.014,1.2,0.92127,0.32761,"Comandra umbellata","Triantha glutinosa",0.00975609756097561,"random",5,7,3,6,8,3,2,4,0.5
123,454,19,18,1,0.051,4.2,0.03732,0.99558,"Comandra umbellata","Trifolium pratense",-0.0390243902439024,"negative",5,7,3,6,10,5,2,6,0.333333333333333
123,455,19,5,0,0.014,1.2,0.25761,1,"Comandra umbellata","Trifolium repens",-0.0146341463414634,"random",5,7,3,5,10,6,3,6,0.5
123,458,19,7,0,0.02,1.6,0.14553,1,"Comandra umbellata","Tripleurospermum inodorum",-0.0195121951219512,"random",5,7,3,5,11,7,3,7,0.428571428571429
123,460,19,6,1,0.017,1.4,0.57543,0.80596,"Comandra umbellata","Typha latifolia",-0.0048780487804878,"random",5,7,3,6,7,2,2,3,0.666666666666667
123,475,19,16,4,0.045,3.7,0.70839,0.53941,"Comandra umbellata","Vicia americana",0.00365853658536585,"random",5,7,3,5,9,5,3,5,0.6
123,476,19,14,1,0.04,3.2,0.10747,0.983,"Comandra umbellata","Vicia cracca",-0.0268292682926829,"random",5,7,3,5,11,7,3,7,0.428571428571429
123,477,19,15,8,0.042,3.5,0.9993,0.0049,"Comandra umbellata","Viola adunca",0.0548780487804878,"positive",5,7,3,4,9,6,3,6,0.5
123,479,19,6,5,0.017,1.4,0.99992,0.00217,"Comandra umbellata","Viola nuttallii",0.0439024390243902,"positive",5,7,3,4,6,3,2,4,0.5
123,488,19,14,7,0.04,3.2,0.99734,0.01534,"Comandra umbellata","Zizia aptera",0.0463414634146341,"positive",5,7,3,5,7,3,3,3,1
126,129,3,28,1,0.012,1,0.73252,0.71992,"Corallorhiza striata","Cornus sericea",0,"random",5,8,4,5,8,4,4,4,1
126,141,3,34,2,0.015,1.2,0.93243,0.37164,"Corallorhiza striata","Dasiphora fruticosa",0.00975609756097561,"random",5,8,4,5,10,6,4,6,0.666666666666667
126,160,3,32,0,0.014,1.2,0.22132,1,"Corallorhiza striata","Elaeagnus commutata",-0.0146341463414634,"random",5,8,4,5,9,5,4,5,0.8
126,186,3,28,1,0.012,1,0.73252,0.71992,"Corallorhiza striata","Galium boreale",0,"random",5,8,4,6,8,3,3,4,0.75
126,258,3,30,1,0.013,1.1,0.69874,0.75045,"Corallorhiza striata","Maianthemum stellatum",-0.00121951219512195,"random",5,8,4,5,7,3,3,4,0.75
126,430,3,30,1,0.013,1.1,0.69874,0.75045,"Corallorhiza striata","Symphoricarpos occidentalis",-0.00121951219512195,"random",5,8,4,6,8,3,3,4,0.75
126,442,3,30,1,0.013,1.1,0.69874,0.75045,"Corallorhiza striata","Thermopsis rhombifolia",-0.00121951219512195,"random",5,8,4,4,7,4,3,5,0.6
128,129,4,28,0,0.017,1.4,0.18081,1,"Cornus canadensis","Cornus sericea",-0.0170731707317073,"random",5,8,4,5,8,4,4,4,1
128,141,4,34,2,0.02,1.7,0.80926,0.55253,"Cornus canadensis","Dasiphora fruticosa",0.00365853658536585,"random",5,8,4,5,10,6,4,6,0.666666666666667
128,160,4,32,0,0.019,1.6,0.13167,1,"Cornus canadensis","Elaeagnus commutata",-0.0195121951219512,"random",5,8,4,5,9,5,4,5,0.8
128,171,4,21,0,0.012,1,0.29836,1,"Cornus canadensis","Eriogonum flavum",-0.0121951219512195,"random",5,8,4,5,9,5,4,5,0.8
128,181,4,23,2,0.014,1.1,0.9352,0.3123,"Cornus canadensis","Fragaria virginiana",0.0109756097560976,"random",5,8,4,5,11,7,4,7,0.571428571428571
128,183,4,22,0,0.013,1.1,0.2788,1,"Cornus canadensis","Gaillardia aristata",-0.0134146341463415,"random",5,8,4,6,10,5,3,6,0.5
128,186,4,28,0,0.017,1.4,0.18081,1,"Cornus canadensis","Galium boreale",-0.0170731707317073,"random",5,8,4,6,8,3,3,4,0.75
128,192,4,22,0,0.013,1.1,0.2788,1,"Cornus canadensis","Geum triflorum",-0.0134146341463415,"random",5,8,4,4,7,4,3,5,0.6
128,239,4,23,0,0.014,1.1,0.26021,1,"Cornus canadensis","Linum lewisii",-0.0134146341463415,"random",5,8,4,5,10,6,4,6,0.666666666666667
128,258,4,30,0,0.018,1.5,0.15478,1,"Cornus canadensis","Maianthemum stellatum",-0.0182926829268293,"random",5,8,4,5,7,3,3,4,0.75
128,354,4,23,0,0.014,1.1,0.26021,1,"Cornus canadensis","Prunus virginiana",-0.0134146341463415,"random",5,8,4,4,7,4,3,5,0.6
128,356,4,25,0,0.015,1.2,0.22584,1,"Cornus canadensis","Pulsatilla nuttalliana",-0.0146341463414634,"random",5,8,4,3,11,9,4,9,0.444444444444444
128,409,4,25,2,0.015,1.2,0.91781,0.35593,"Cornus canadensis","Shepherdia canadensis",0.00975609756097561,"random",5,8,4,4,5,2,1,5,0.2
128,430,4,30,0,0.018,1.5,0.15478,1,"Cornus canadensis","Symphoricarpos occidentalis",-0.0182926829268293,"random",5,8,4,6,8,3,3,4,0.75
128,442,4,30,0,0.018,1.5,0.15478,1,"Cornus canadensis","Thermopsis rhombifolia",-0.0182926829268293,"random",5,8,4,4,7,4,3,5,0.6
129,131,28,5,3,0.021,1.7,0.95588,0.21594,"Cornus sericea","Cotoneaster acutifolius",0.0158536585365854,"random",5,8,4,5,7,3,3,4,0.75
129,134,28,3,1,0.012,1,0.73252,0.71992,"Cornus sericea","Cynoglossum officinale",0,"random",5,8,4,5,9,5,4,5,0.8
129,135,28,7,4,0.029,2.4,0.95734,0.17624,"Cornus sericea","Cypripedium parviflorum",0.0195121951219512,"random",5,8,4,5,7,3,3,4,0.75
129,137,28,3,1,0.012,1,0.73252,0.71992,"Cornus sericea","Dactylis glomerata",0,"random",5,8,4,6,8,3,3,4,0.75
129,139,28,4,0,0.017,1.4,0.18081,1,"Cornus sericea","Dalea candida",-0.0170731707317073,"random",5,8,4,6,8,3,3,4,0.75
129,140,28,7,2,0.029,2.4,0.55124,0.7632,"Cornus sericea","Dalea purpurea",-0.0048780487804878,"random",5,8,4,6,9,4,3,5,0.6
129,141,28,34,13,0.142,11.6,0.81436,0.33585,"Cornus sericea","Dasiphora fruticosa",0.0170731707317073,"random",5,8,4,5,10,6,4,6,0.666666666666667
129,142,28,5,1,0.021,1.7,0.44044,0.88409,"Cornus sericea","Delphinium bicolor",-0.00853658536585366,"random",5,8,4,5,7,3,3,4,0.75
129,146,28,3,0,0.012,1,0.28008,1,"Cornus sericea","Dieteria canescens",-0.0121951219512195,"random",5,8,4,6,10,5,3,6,0.5
129,154,28,3,1,0.012,1,0.73252,0.71992,"Cornus sericea","Dryas drummondii",0,"random",5,8,4,5,7,3,3,4,0.75
129,156,28,4,1,0.017,1.4,0.57789,0.81919,"Cornus sericea","Drymocallis arguta",-0.0048780487804878,"random",5,8,4,6,8,3,3,4,0.75
129,159,28,3,0,0.012,1,0.28008,1,"Cornus sericea","Elaeagnus angustifolia",-0.0121951219512195,"random",5,8,4,6,6,1,1,4,0.25
129,160,28,32,16,0.133,10.9,0.99601,0.0148,"Cornus sericea","Elaeagnus commutata",0.0621951219512195,"positive",5,8,4,5,9,5,4,5,0.8
129,167,28,4,0,0.017,1.4,0.18081,1,"Cornus sericea","Erigeron caespitosus",-0.0170731707317073,"random",5,8,4,6,9,4,3,5,0.6
129,168,28,3,2,0.012,1,0.96301,0.26748,"Cornus sericea","Erigeron compositus",0.0121951219512195,"random",5,8,4,5,10,6,4,6,0.666666666666667
129,170,28,3,0,0.012,1,0.28008,1,"Cornus sericea","Eriocoma hymenoides",-0.0121951219512195,"random",5,8,4,5,6,2,2,4,0.5
129,171,28,21,4,0.087,7.2,0.0743,0.97837,"Cornus sericea","Eriogonum flavum",-0.0390243902439024,"random",5,8,4,5,9,5,4,5,0.8
129,172,28,4,0,0.017,1.4,0.18081,1,"Cornus sericea","Eriogonum umbellatum",-0.0170731707317073,"random",5,8,4,6,9,4,3,5,0.6
129,178,28,5,5,0.021,1.7,1,0.0036,"Cornus sericea","Euphorbia virgata",0.0402439024390244,"positive",5,8,4,5,9,5,4,5,0.8
129,179,28,5,2,0.021,1.7,0.78406,0.55956,"Cornus sericea","Eurybia conspicua",0.00365853658536585,"random",5,8,4,7,10,4,2,6,0.333333333333333
129,180,28,4,0,0.017,1.4,0.18081,1,"Cornus sericea","Eurybia sibirica",-0.0170731707317073,"random",5,8,4,6,10,5,3,6,0.5
129,181,28,23,10,0.096,7.9,0.91378,0.1959,"Cornus sericea","Fragaria virginiana",0.025609756097561,"random",5,8,4,5,11,7,4,7,0.571428571428571
129,183,28,22,9,0.092,7.5,0.85178,0.29881,"Cornus sericea","Gaillardia aristata",0.0182926829268293,"random",5,8,4,6,10,5,3,6,0.5
129,184,28,6,3,0.025,2,0.90009,0.33197,"Cornus sericea","Galearis rotundifolia",0.0121951219512195,"random",5,8,4,6,7,2,2,4,0.5
129,186,28,28,14,0.117,9.6,0.99195,0.02732,"Cornus sericea","Galium boreale",0.0536585365853659,"positive",5,8,4,6,8,3,3,4,0.75
129,190,28,12,5,0.05,4.1,0.82318,0.3869,"Cornus sericea","Geranium viscosissimum",0.0109756097560976,"random",5,8,4,5,11,7,4,7,0.571428571428571
129,192,28,22,7,0.092,7.5,0.50273,0.69888,"Cornus sericea","Geum triflorum",-0.00609756097560976,"random",5,8,4,4,7,4,3,5,0.6
129,193,28,14,10,0.058,4.8,0.99974,0.00215,"Cornus sericea","Glycyrrhiza lepidota",0.0634146341463415,"positive",5,8,4,6,8,3,3,4,0.75
129,195,28,13,1,0.054,4.4,0.02401,0.99752,"Cornus sericea","Grindelia squarrosa",-0.0414634146341463,"negative",5,8,4,7,11,5,2,7,0.285714285714286
129,196,28,14,4,0.058,4.8,0.44004,0.78281,"Cornus sericea","Gutierrezia sarothrae",-0.00975609756097561,"random",5,8,4,6,9,4,3,5,0.6
129,199,28,11,8,0.046,3.8,0.99924,0.00626,"Cornus sericea","Hedysarum alpinum",0.051219512195122,"positive",5,8,4,5,9,5,4,5,0.8
129,200,28,16,6,0.067,5.5,0.73235,0.48366,"Cornus sericea","Hedysarum boreale",0.00609756097560976,"random",5,8,4,4,10,7,4,7,0.571428571428571
129,201,28,3,1,0.012,1,0.73252,0.71992,"Cornus sericea","Hedysarum sulphurescens",0,"random",5,8,4,5,8,4,4,4,1
129,202,28,6,1,0.025,2,0.32664,0.92624,"Cornus sericea","Helianthus annuus",-0.0121951219512195,"random",5,8,4,6,11,6,3,7,0.428571428571429
129,204,28,4,2,0.017,1.4,0.88715,0.42211,"Cornus sericea","Helianthus pauciflorus",0.00731707317073171,"random",5,8,4,7,9,3,2,5,0.4
129,206,28,8,4,0.033,2.7,0.9146,0.26708,"Cornus sericea","Heracleum maximum",0.0158536585365854,"random",5,8,4,6,8,3,3,4,0.75
129,207,28,5,0,0.021,1.7,0.11591,1,"Cornus sericea","Hesperostipa comata",-0.0207317073170732,"random",5,8,4,6,6,1,1,4,0.25
129,208,28,13,3,0.054,4.4,0.28086,0.89488,"Cornus sericea","Heterotheca villosa",-0.0170731707317073,"random",5,8,4,6,10,5,3,6,0.5
129,209,28,4,1,0.017,1.4,0.57789,0.81919,"Cornus sericea","Heuchera cylindrica",-0.0048780487804878,"random",5,8,4,6,9,4,3,5,0.6
129,210,28,4,1,0.017,1.4,0.57789,0.81919,"Cornus sericea","Heuchera richardsonii",-0.0048780487804878,"random",5,8,4,6,7,2,2,4,0.5
129,214,28,6,1,0.025,2,0.32664,0.92624,"Cornus sericea","Hordeum jubatum",-0.0121951219512195,"random",5,8,4,6,7,2,2,4,0.5
129,216,28,7,0,0.029,2.4,0.04658,1,"Cornus sericea","Hymenoxys richardsonii",-0.0292682926829268,"negative",5,8,4,5,7,3,3,4,0.75
129,217,28,7,6,0.029,2.4,0.99969,0.00566,"Cornus sericea","Hyoscyamus niger",0.0439024390243902,"positive",5,8,4,5,10,6,4,6,0.666666666666667
129,220,28,3,2,0.012,1,0.96301,0.26748,"Cornus sericea","Juncus balticus",0.0121951219512195,"random",5,8,4,5,7,3,3,4,0.75
129,221,28,4,0,0.017,1.4,0.18081,1,"Cornus sericea","Koeleria macrantha",-0.0170731707317073,"random",5,8,4,6,7,2,2,4,0.5
129,222,28,7,1,0.029,2.4,0.2368,0.95342,"Cornus sericea","Krascheninnikovia lanata",-0.0170731707317073,"random",5,8,4,5,9,4,4,5,0.8
129,224,28,3,0,0.012,1,0.28008,1,"Cornus sericea","Lactuca serriola",-0.0121951219512195,"random",5,8,4,7,10,4,2,6,0.333333333333333
129,225,28,3,0,0.012,1,0.28008,1,"Cornus sericea","Lappula squarrosa",-0.0121951219512195,"random",5,8,4,6,10,5,3,6,0.5
129,226,28,4,2,0.017,1.4,0.88715,0.42211,"Cornus sericea","Lathyrus ochroleucus",0.00731707317073171,"random",5,8,4,5,7,3,3,4,0.75
129,227,28,4,0,0.017,1.4,0.18081,1,"Cornus sericea","Lepidium densiflorum",-0.0170731707317073,"random",5,8,4,6,7,2,2,4,0.5
129,231,28,5,4,0.021,1.7,0.9964,0.04412,"Cornus sericea","Leucanthemum vulgare",0.0280487804878049,"positive",5,8,4,6,10,5,3,6,0.5
129,233,28,14,3,0.058,4.8,0.21719,0.92544,"Cornus sericea","Liatris punctata",-0.0219512195121951,"random",5,8,4,7,10,4,2,6,0.333333333333333
129,234,28,5,2,0.021,1.7,0.78406,0.55956,"Cornus sericea","Lilium philadelphicum",0.00365853658536585,"random",5,8,4,5,9,5,4,5,0.8
129,235,28,4,1,0.017,1.4,0.57789,0.81919,"Cornus sericea","Linaria dalmatica",-0.0048780487804878,"random",5,8,4,5,10,6,4,6,0.666666666666667
129,236,28,11,3,0.046,3.8,0.44167,0.80175,"Cornus sericea","Linaria vulgaris",-0.00975609756097561,"random",5,8,4,5,10,6,4,6,0.666666666666667
129,239,28,23,10,0.096,7.9,0.91378,0.1959,"Cornus sericea","Linum lewisii",0.025609756097561,"random",5,8,4,5,10,6,4,6,0.666666666666667
129,240,28,6,4,0.025,2,0.98377,0.09991,"Cornus sericea","Lithospermum incisum",0.024390243902439,"random",5,8,4,4,6,3,2,5,0.4
129,241,28,13,7,0.054,4.4,0.97227,0.09628,"Cornus sericea","Lithospermum ruderale",0.0317073170731707,"random",5,8,4,5,7,3,3,4,0.75
129,243,28,3,0,0.012,1,0.28008,1,"Cornus sericea","Lomatium foeniculaceum",-0.0121951219512195,"random",5,8,4,4,6,3,2,5,0.4
129,246,28,12,10,0.05,4.1,0.99999,0.00024,"Cornus sericea","Lonicera dioica",0.0719512195121951,"positive",5,8,4,6,7,2,2,4,0.5
129,248,28,4,4,0.017,1.4,1,0.01171,"Cornus sericea","Lonicera tatarica",0.0317073170731707,"positive",5,8,4,4,7,4,3,5,0.6
129,250,28,6,3,0.025,2,0.90009,0.33197,"Cornus sericea","Lotus corniculatus",0.0121951219512195,"random",5,8,4,5,9,5,4,5,0.8
129,252,28,3,1,0.012,1,0.73252,0.71992,"Cornus sericea","Lupinus sericeus",0,"random",5,8,4,6,7,2,2,4,0.5
129,253,28,7,3,0.029,2.4,0.82376,0.44876,"Cornus sericea","Lygodesmia juncea",0.00731707317073171,"random",5,8,4,6,10,5,3,6,0.5
129,256,28,4,1,0.017,1.4,0.57789,0.81919,"Cornus sericea","Mahonia repens",-0.0048780487804878,"random",5,8,4,6,6,1,1,4,0.25
129,257,28,4,1,0.017,1.4,0.57789,0.81919,"Cornus sericea","Maianthemum racemosum",-0.0048780487804878,"random",5,8,4,5,7,3,3,4,0.75
129,258,28,30,19,0.125,10.2,1,3e-05,"Cornus sericea","Maianthemum stellatum",0.107317073170732,"positive",5,8,4,5,7,3,3,4,0.75
129,261,28,10,3,0.042,3.4,0.53584,0.73536,"Cornus sericea","Medicago lupulina",-0.0048780487804878,"random",5,8,4,5,11,7,4,7,0.571428571428571
129,262,28,10,7,0.042,3.4,0.99774,0.01599,"Cornus sericea","Medicago sativa",0.0439024390243902,"positive",5,8,4,5,10,6,4,6,0.666666666666667
129,264,28,9,3,0.037,3.1,0.63472,0.654,"Cornus sericea","Melilotus albus",-0.00121951219512195,"random",5,8,4,6,11,6,3,7,0.428571428571429
129,265,28,14,4,0.058,4.8,0.44004,0.78281,"Cornus sericea","Melilotus officinalis",-0.00975609756097561,"random",5,8,4,5,11,7,4,7,0.571428571428571
129,271,28,3,2,0.012,1,0.96301,0.26748,"Cornus sericea","Mertensia paniculata",0.0121951219512195,"random",5,8,4,5,10,6,4,6,0.666666666666667
129,275,28,18,7,0.075,6.1,0.77872,0.41498,"Cornus sericea","Monarda fistulosa",0.0109756097560976,"random",5,8,4,5,9,5,4,5,0.8
129,278,28,11,4,0.046,3.8,0.70063,0.55833,"Cornus sericea","Musineon divaricatum",0.0024390243902439,"random",5,8,4,4,7,4,3,5,0.6
129,280,28,3,1,0.012,1,0.73252,0.71992,"Cornus sericea","Nassella viridula",0,"random",5,8,4,5,7,3,3,4,0.75
129,285,28,13,6,0.054,4.4,0.90372,0.24584,"Cornus sericea","Oenothera suffrutescens",0.0195121951219512,"random",5,8,4,5,8,4,4,4,1
129,286,28,15,1,0.062,5.1,0.00999,0.99913,"Cornus sericea","Opuntia polyacantha",-0.05,"negative",5,8,4,5,8,4,4,4,1
129,287,28,6,1,0.025,2,0.32664,0.92624,"Cornus sericea","Oreocarya glomerata",-0.0121951219512195,"random",5,8,4,5,8,4,4,4,1
129,290,28,9,3,0.037,3.1,0.63472,0.654,"Cornus sericea","Oxytropis campestris",-0.00121951219512195,"random",5,8,4,5,9,5,4,5,0.8
129,292,28,9,1,0.037,3.1,0.11756,0.98185,"Cornus sericea","Oxytropis sericea",-0.025609756097561,"random",5,8,4,5,6,2,2,4,0.5
129,292,28,9,1,0.037,3.1,0.11756,0.98185,"Cornus sericea","Oxytropis sericea",-0.025609756097561,"random",5,8,4,5,6,2,2,4,0.5
129,293,28,6,3,0.025,2,0.90009,0.33197,"Cornus sericea","Oxytropis splendens",0.0121951219512195,"random",5,8,4,6,8,3,3,4,0.75
129,295,28,5,2,0.021,1.7,0.78406,0.55956,"Cornus sericea","Packera cana",0.00365853658536585,"random",5,8,4,5,8,4,4,4,1
129,296,28,3,2,0.012,1,0.96301,0.26748,"Cornus sericea","Packera paupercula",0.0121951219512195,"random",5,8,4,6,10,5,3,6,0.5
129,298,28,3,0,0.012,1,0.28008,1,"Cornus sericea","Paronychia sessiliflora",-0.0121951219512195,"random",5,8,4,6,8,3,3,4,0.75
129,300,28,4,1,0.017,1.4,0.57789,0.81919,"Cornus sericea","Pedicularis bracteosa",-0.0048780487804878,"random",5,8,4,6,8,3,3,4,0.75
129,303,28,4,3,0.017,1.4,0.98829,0.11285,"Cornus sericea","Pediomelum esculentum",0.0195121951219512,"random",5,8,4,6,7,2,2,4,0.5
129,304,28,8,0,0.033,2.7,0.02919,1,"Cornus sericea","Pelecyphora vivipara",-0.0329268292682927,"negative",5,8,4,5,7,3,3,4,0.75
129,305,28,3,0,0.012,1,0.28008,1,"Cornus sericea","Penstemon albertinus",-0.0121951219512195,"random",5,8,4,6,7,2,2,4,0.5
129,306,28,4,0,0.017,1.4,0.18081,1,"Cornus sericea","Penstemon albidus",-0.0170731707317073,"random",5,8,4,5,7,3,3,4,0.75
129,307,28,6,1,0.025,2,0.32664,0.92624,"Cornus sericea","Penstemon confertus",-0.0121951219512195,"random",5,8,4,6,8,3,3,4,0.75
129,310,28,15,5,0.062,5.1,0.59735,0.63862,"Cornus sericea","Penstemon nitidus",-0.00121951219512195,"random",5,8,4,4,7,4,3,5,0.6
129,315,28,6,1,0.025,2,0.32664,0.92624,"Cornus sericea","Petasites frigidus",-0.0121951219512195,"random",5,8,4,4,9,6,4,6,0.666666666666667
129,318,28,4,1,0.017,1.4,0.57789,0.81919,"Cornus sericea","Phalaris arundinacea",-0.0048780487804878,"random",5,8,4,5,10,6,4,6,0.666666666666667
129,320,28,6,4,0.025,2,0.98377,0.09991,"Cornus sericea","Phleum pratense",0.024390243902439,"random",5,8,4,7,7,1,1,4,0.25
129,321,28,15,5,0.062,5.1,0.59735,0.63862,"Cornus sericea","Phlox hoodii",-0.00121951219512195,"random",5,8,4,3,10,8,4,8,0.5
129,323,28,6,3,0.025,2,0.90009,0.33197,"Cornus sericea","Physaria arenosa",0.0121951219512195,"random",5,8,4,4,7,4,3,5,0.6
129,327,28,5,2,0.021,1.7,0.78406,0.55956,"Cornus sericea","Plantago major",0.00365853658536585,"random",5,8,4,6,8,3,3,4,0.75
129,328,28,5,0,0.021,1.7,0.11591,1,"Cornus sericea","Plantago patagonica",-0.0207317073170732,"random",5,8,4,6,8,3,3,4,0.75
129,335,28,3,0,0.012,1,0.28008,1,"Cornus sericea","Poa pratensis",-0.0121951219512195,"random",5,8,4,5,9,5,4,5,0.8
129,337,28,5,0,0.021,1.7,0.11591,1,"Cornus sericea","Polemonium pulcherrimum",-0.0207317073170732,"random",5,8,4,4,9,6,4,6,0.666666666666667
129,338,28,6,3,0.025,2,0.90009,0.33197,"Cornus sericea","Polygala senega",0.0121951219512195,"random",5,8,4,5,7,3,3,4,0.75
129,340,28,6,5,0.025,2,0.99892,0.01623,"Cornus sericea","Populus balsamifera",0.0365853658536585,"positive",5,8,4,4,5,2,1,5,0.2
129,342,28,17,11,0.071,5.8,0.99933,0.0041,"Cornus sericea","Populus tremuloides",0.0634146341463415,"positive",5,8,4,4,4,1,0,5,0
129,343,28,10,4,0.042,3.4,0.78303,0.46416,"Cornus sericea","Potentilla concinna",0.00731707317073171,"random",5,8,4,4,6,3,2,5,0.4
129,345,28,3,1,0.012,1,0.73252,0.71992,"Cornus sericea","Potentilla gracilis",0,"random",5,8,4,6,8,3,3,4,0.75
129,348,28,3,0,0.012,1,0.28008,1,"Cornus sericea","Potentilla pulcherrima",-0.0121951219512195,"random",5,8,4,6,10,5,3,6,0.5
129,351,28,4,1,0.017,1.4,0.57789,0.81919,"Cornus sericea","Prosartes trachycarpa",-0.0048780487804878,"random",5,8,4,4,6,3,2,5,0.4
129,354,28,23,13,0.096,7.9,0.99805,0.00871,"Cornus sericea","Prunus virginiana",0.0621951219512195,"positive",5,8,4,4,7,4,3,5,0.6
129,356,28,25,7,0.104,8.5,0.3031,0.84867,"Cornus sericea","Pulsatilla nuttalliana",-0.0182926829268293,"random",5,8,4,3,11,9,4,9,0.444444444444444
129,358,28,10,4,0.042,3.4,0.78303,0.46416,"Cornus sericea","Pyrola asarifolia",0.00731707317073171,"random",5,8,4,6,9,4,3,5,0.6
129,359,28,4,2,0.017,1.4,0.88715,0.42211,"Cornus sericea","Ranunculus acris",0.00731707317073171,"random",5,8,4,5,10,6,4,6,0.666666666666667
129,362,28,6,2,0.025,2,0.66803,0.67336,"Cornus sericea","Ratibida columnifera",0,"random",5,8,4,6,10,5,3,6,0.5
129,366,28,3,1,0.012,1,0.73252,0.71992,"Cornus sericea","Rhododendron groenlandicum",0,"random",5,8,4,5,7,3,3,4,0.75
129,368,28,10,2,0.042,3.4,0.26464,0.91921,"Cornus sericea","Rhus aromatica",-0.0170731707317073,"random",5,8,4,5,5,1,1,4,0.25
129,371,28,7,4,0.029,2.4,0.95734,0.17624,"Cornus sericea","Ribes oxyacanthoides",0.0195121951219512,"random",5,8,4,5,6,2,2,4,0.5
129,373,28,8,6,0.033,2.7,0.99812,0.01701,"Cornus sericea","Rosa acicularis",0.0402439024390244,"positive",5,8,4,5,7,3,3,4,0.75
129,374,28,8,1,0.033,2.7,0.16832,0.97081,"Cornus sericea","Rosa arkansana",-0.0207317073170732,"random",5,8,4,6,9,4,3,5,0.6
129,376,28,18,12,0.075,6.1,0.99977,0.00157,"Cornus sericea","Rosa woodsii",0.0719512195121951,"positive",5,8,4,6,8,3,3,4,0.75
129,377,28,4,3,0.017,1.4,0.98829,0.11285,"Cornus sericea","Rubus idaeus",0.0195121951219512,"random",5,8,4,6,7,2,2,4,0.5
129,382,28,3,0,0.012,1,0.28008,1,"Cornus sericea","Salix barrattiana",-0.0121951219512195,"random",5,8,4,5,7,3,3,4,0.75
129,383,28,4,2,0.017,1.4,0.88715,0.42211,"Cornus sericea","Salix bebbiana",0.00731707317073171,"random",5,8,4,5,8,4,4,4,1
129,389,28,5,0,0.021,1.7,0.11591,1,"Cornus sericea","Salix glauca",-0.0207317073170732,"random",5,8,4,6,7,2,2,4,0.5
129,390,28,10,6,0.042,3.4,0.98401,0.07168,"Cornus sericea","Salix interior",0.0317073170731707,"random",5,8,4,5,7,3,3,4,0.75
129,393,28,4,0,0.017,1.4,0.18081,1,"Cornus sericea","Salsola tragus",-0.0170731707317073,"random",5,8,4,7,10,4,2,6,0.333333333333333
129,396,28,3,0,0.012,1,0.28008,1,"Cornus sericea","Sarcobatus vermiculatus",-0.0121951219512195,"random",5,8,4,6,7,2,2,4,0.5
129,408,28,8,2,0.033,2.7,0.44224,0.83168,"Cornus sericea","Shepherdia argentea",-0.00853658536585366,"random",5,8,4,4,5,2,1,5,0.2
129,409,28,25,9,0.104,8.5,0.68958,0.5031,"Cornus sericea","Shepherdia canadensis",0.00609756097560976,"random",5,8,4,4,5,2,1,5,0.2
129,412,28,7,4,0.029,2.4,0.95734,0.17624,"Cornus sericea","Sisymbrium loeselii",0.0195121951219512,"random",5,8,4,5,10,6,4,6,0.666666666666667
129,413,28,7,5,0.029,2.4,0.99434,0.04266,"Cornus sericea","Sisyrinchium montanum",0.0317073170731707,"positive",5,8,4,5,8,4,4,4,1
129,417,28,8,2,0.033,2.7,0.44224,0.83168,"Cornus sericea","Solidago missouriensis",-0.00853658536585366,"random",5,8,4,6,9,4,3,5,0.6
129,419,28,3,0,0.012,1,0.28008,1,"Cornus sericea","Solidago multiradiata",-0.0121951219512195,"random",5,8,4,6,9,4,3,5,0.6
129,420,28,3,1,0.012,1,0.73252,0.71992,"Cornus sericea","Solidago rigida",0,"random",5,8,4,7,10,4,2,6,0.333333333333333
129,422,28,3,1,0.012,1,0.73252,0.71992,"Cornus sericea","Sonchus arvensis",0,"random",5,8,4,7,10,4,2,6,0.333333333333333
129,423,28,8,0,0.033,2.7,0.02919,1,"Cornus sericea","Sphaeralcea coccinea",-0.0329268292682927,"negative",5,8,4,5,9,5,4,5,0.8
129,426,28,3,0,0.012,1,0.28008,1,"Cornus sericea","Sporobolus rigidus",-0.0121951219512195,"random",5,8,4,7,8,2,2,4,0.5
129,430,28,30,12,0.125,10.2,0.86212,0.27059,"Cornus sericea","Symphoricarpos occidentalis",0.0219512195121951,"random",5,8,4,6,8,3,3,4,0.75
129,432,28,3,1,0.012,1,0.73252,0.71992,"Cornus sericea","Symphyotrichum ericoides",0,"random",5,8,4,7,10,4,2,6,0.333333333333333
129,434,28,16,9,0.067,5.5,0.99,0.03931,"Cornus sericea","Symphyotrichum laeve",0.0426829268292683,"positive",5,8,4,6,10,5,3,6,0.5
129,437,28,7,4,0.029,2.4,0.95734,0.17624,"Cornus sericea","Tanacetum vulgare",0.0195121951219512,"random",5,8,4,7,10,4,2,6,0.333333333333333
129,438,28,12,7,0.05,4.1,0.98583,0.05937,"Cornus sericea","Taraxacum officinale",0.0353658536585366,"random",5,8,4,3,11,9,4,9,0.444444444444444
129,442,28,30,9,0.125,10.2,0.36209,0.79967,"Cornus sericea","Thermopsis rhombifolia",-0.0146341463414634,"random",5,8,4,4,7,4,3,5,0.6
129,444,28,10,5,0.042,3.4,0.92832,0.21697,"Cornus sericea","Thlaspi arvense",0.0195121951219512,"random",5,8,4,4,9,6,4,6,0.666666666666667
129,448,28,18,4,0.075,6.1,0.17806,0.9355,"Cornus sericea","Tragopogon dubius",-0.025609756097561,"random",5,8,4,5,10,6,4,6,0.666666666666667
129,450,28,5,0,0.021,1.7,0.11591,1,"Cornus sericea","Triantha glutinosa",-0.0207317073170732,"random",5,8,4,6,8,3,3,4,0.75
129,453,28,4,3,0.017,1.4,0.98829,0.11285,"Cornus sericea","Trifolium hybridum",0.0195121951219512,"random",5,8,4,6,10,5,3,6,0.5
129,454,28,18,7,0.075,6.1,0.77872,0.41498,"Cornus sericea","Trifolium pratense",0.0109756097560976,"random",5,8,4,6,10,5,3,6,0.5
129,455,28,5,2,0.021,1.7,0.78406,0.55956,"Cornus sericea","Trifolium repens",0.00365853658536585,"random",5,8,4,5,10,6,4,6,0.666666666666667
129,458,28,7,5,0.029,2.4,0.99434,0.04266,"Cornus sericea","Tripleurospermum inodorum",0.0317073170731707,"positive",5,8,4,5,11,7,4,7,0.571428571428571
129,460,28,6,3,0.025,2,0.90009,0.33197,"Cornus sericea","Typha latifolia",0.0121951219512195,"random",5,8,4,6,7,2,2,4,0.5
129,461,28,3,1,0.012,1,0.73252,0.71992,"Cornus sericea","Urtica gracilis",0,"random",5,8,4,6,8,3,3,4,0.75
129,468,28,3,0,0.012,1,0.28008,1,"Cornus sericea","Valeriana sitchensis",-0.0121951219512195,"random",5,8,4,6,9,4,3,5,0.6
129,469,28,3,1,0.012,1,0.73252,0.71992,"Cornus sericea","Veratrum viride",0,"random",5,8,4,7,8,2,2,4,0.5
129,470,28,3,1,0.012,1,0.73252,0.71992,"Cornus sericea","Verbascum thapsus",0,"random",5,8,4,6,10,5,3,6,0.5
129,471,28,3,0,0.012,1,0.28008,1,"Cornus sericea","Verbena bracteata",-0.0121951219512195,"random",5,8,4,6,10,5,3,6,0.5
129,473,28,3,2,0.012,1,0.96301,0.26748,"Cornus sericea","Viburnum edule",0.0121951219512195,"random",5,8,4,5,8,4,4,4,1
129,475,28,16,7,0.067,5.5,0.88321,0.26765,"Cornus sericea","Vicia americana",0.0182926829268293,"random",5,8,4,5,9,5,4,5,0.8
129,476,28,14,6,0.058,4.8,0.85603,0.32225,"Cornus sericea","Vicia cracca",0.0146341463414634,"random",5,8,4,5,11,7,4,7,0.571428571428571
129,477,28,15,10,0.062,5.1,0.99924,0.00493,"Cornus sericea","Viola adunca",0.0597560975609756,"positive",5,8,4,4,9,6,4,6,0.666666666666667
129,478,28,3,2,0.012,1,0.96301,0.26748,"Cornus sericea","Viola canadensis",0.0121951219512195,"random",5,8,4,5,10,6,4,6,0.666666666666667
129,479,28,6,2,0.025,2,0.66803,0.67336,"Cornus sericea","Viola nuttallii",0,"random",5,8,4,4,6,3,2,5,0.4
129,484,28,3,0,0.012,1,0.28008,1,"Cornus sericea","Xanthisma spinulosum",-0.0121951219512195,"random",5,8,4,6,10,5,3,6,0.5
129,486,28,3,0,0.012,1,0.28008,1,"Cornus sericea","Xerophyllum tenax",-0.0121951219512195,"random",5,8,4,5,8,4,4,4,1
129,488,28,14,6,0.058,4.8,0.85603,0.32225,"Cornus sericea","Zizia aptera",0.0146341463414634,"random",5,8,4,5,7,3,3,4,0.75
131,141,5,34,1,0.025,2.1,0.30522,0.93724,"Cotoneaster acutifolius","Dasiphora fruticosa",-0.0134146341463415,"random",5,7,3,5,10,6,3,6,0.5
131,160,5,32,4,0.024,2,0.99262,0.07328,"Cotoneaster acutifolius","Elaeagnus commutata",0.024390243902439,"random",5,7,3,5,9,5,3,5,0.6
131,171,5,21,0,0.016,1.3,0.21803,1,"Cotoneaster acutifolius","Eriogonum flavum",-0.0158536585365854,"random",5,7,3,5,9,5,3,5,0.6
131,181,5,23,2,0.017,1.4,0.86856,0.43287,"Cotoneaster acutifolius","Fragaria virginiana",0.00731707317073171,"random",5,7,3,5,11,7,3,7,0.428571428571429
131,183,5,22,1,0.016,1.3,0.59334,0.79984,"Cotoneaster acutifolius","Gaillardia aristata",-0.00365853658536585,"random",5,7,3,6,10,5,2,6,0.333333333333333
131,186,5,28,4,0.021,1.7,0.9964,0.04412,"Cotoneaster acutifolius","Galium boreale",0.0280487804878049,"positive",5,7,3,6,8,3,2,4,0.5
131,192,5,22,1,0.016,1.3,0.59334,0.79984,"Cotoneaster acutifolius","Geum triflorum",-0.00365853658536585,"random",5,7,3,4,7,4,3,4,0.75
131,239,5,23,1,0.017,1.4,0.56713,0.81652,"Cotoneaster acutifolius","Linum lewisii",-0.0048780487804878,"random",5,7,3,5,10,6,3,6,0.5
131,258,5,30,4,0.022,1.8,0.99478,0.05745,"Cotoneaster acutifolius","Maianthemum stellatum",0.0268292682926829,"random",5,7,3,5,7,3,3,3,1
131,275,5,18,2,0.013,1.1,0.93222,0.30141,"Cotoneaster acutifolius","Monarda fistulosa",0.0109756097560976,"random",5,7,3,5,9,5,3,5,0.6
131,342,5,17,2,0.013,1,0.94227,0.27545,"Cotoneaster acutifolius","Populus tremuloides",0.0121951219512195,"random",5,7,3,4,4,1,0,4,0
131,354,5,23,3,0.017,1.4,0.97962,0.13144,"Cotoneaster acutifolius","Prunus virginiana",0.0195121951219512,"random",5,7,3,4,7,4,3,4,0.75
131,356,5,25,0,0.019,1.5,0.15346,1,"Cotoneaster acutifolius","Pulsatilla nuttalliana",-0.0182926829268293,"random",5,7,3,3,11,9,3,9,0.333333333333333
131,376,5,18,3,0.013,1.1,0.99251,0.06778,"Cotoneaster acutifolius","Rosa woodsii",0.0231707317073171,"random",5,7,3,6,8,3,2,4,0.5
131,409,5,25,2,0.019,1.5,0.83709,0.48462,"Cotoneaster acutifolius","Shepherdia canadensis",0.00609756097560976,"random",5,7,3,4,5,2,1,4,0.25
131,430,5,30,3,0.022,1.8,0.94255,0.25476,"Cotoneaster acutifolius","Symphoricarpos occidentalis",0.0146341463414634,"random",5,7,3,6,8,3,2,4,0.5
131,442,5,30,3,0.022,1.8,0.94255,0.25476,"Cotoneaster acutifolius","Thermopsis rhombifolia",0.0146341463414634,"random",5,7,3,4,7,4,3,4,0.75
131,448,5,18,1,0.013,1.1,0.69859,0.72056,"Cotoneaster acutifolius","Tragopogon dubius",-0.00121951219512195,"random",5,7,3,5,10,6,3,6,0.5
131,454,5,18,3,0.013,1.1,0.99251,0.06778,"Cotoneaster acutifolius","Trifolium pratense",0.0231707317073171,"random",5,7,3,6,10,5,2,6,0.333333333333333
134,141,3,34,1,0.015,1.2,0.62836,0.8047,"Cynoglossum officinale","Dasiphora fruticosa",-0.0024390243902439,"random",5,9,5,5,10,6,5,6,0.833333333333333
134,160,3,32,2,0.014,1.2,0.94399,0.33604,"Cynoglossum officinale","Elaeagnus commutata",0.00975609756097561,"random",5,9,5,5,9,5,5,5,1
134,186,3,28,0,0.012,1,0.28008,1,"Cynoglossum officinale","Galium boreale",-0.0121951219512195,"random",5,9,5,6,8,3,3,5,0.6
134,258,3,30,1,0.013,1.1,0.69874,0.75045,"Cynoglossum officinale","Maianthemum stellatum",-0.00121951219512195,"random",5,9,5,5,7,3,3,5,0.6
134,430,3,30,0,0.013,1.1,0.24955,1,"Cynoglossum officinale","Symphoricarpos occidentalis",-0.0134146341463415,"random",5,9,5,6,8,3,3,5,0.6
134,442,3,30,1,0.013,1.1,0.69874,0.75045,"Cynoglossum officinale","Thermopsis rhombifolia",-0.00121951219512195,"random",5,9,5,4,7,4,3,6,0.5
135,141,7,34,5,0.035,2.9,0.9816,0.10096,"Cypripedium parviflorum","Dasiphora fruticosa",0.025609756097561,"random",5,7,3,5,10,6,3,6,0.5
135,160,7,32,6,0.033,2.7,0.99911,0.0128,"Cypripedium parviflorum","Elaeagnus commutata",0.0402439024390244,"positive",5,7,3,5,9,5,3,5,0.6
135,171,7,21,0,0.022,1.8,0.11476,1,"Cypripedium parviflorum","Eriogonum flavum",-0.0219512195121951,"random",5,7,3,5,9,5,3,5,0.6
135,181,7,23,3,0.024,2,0.90751,0.30451,"Cypripedium parviflorum","Fragaria virginiana",0.0121951219512195,"random",5,7,3,5,11,7,3,7,0.428571428571429
135,183,7,22,5,0.023,1.9,0.99878,0.01348,"Cypripedium parviflorum","Gaillardia aristata",0.0378048780487805,"positive",5,7,3,6,10,5,2,6,0.333333333333333
135,186,7,28,6,0.029,2.4,0.99969,0.00566,"Cypripedium parviflorum","Galium boreale",0.0439024390243902,"positive",5,7,3,6,8,3,2,4,0.5
135,190,7,12,1,0.012,1,0.72918,0.68468,"Cypripedium parviflorum","Geranium viscosissimum",0,"random",5,7,3,5,11,7,3,7,0.428571428571429
135,192,7,22,3,0.023,1.9,0.92067,0.27686,"Cypripedium parviflorum","Geum triflorum",0.0134146341463415,"random",5,7,3,4,7,4,3,4,0.75
135,193,7,14,0,0.015,1.2,0.255,1,"Cypripedium parviflorum","Glycyrrhiza lepidota",-0.0146341463414634,"random",5,7,3,6,8,3,2,4,0.5
135,195,7,13,0,0.014,1.1,0.28379,1,"Cypripedium parviflorum","Grindelia squarrosa",-0.0134146341463415,"random",5,7,3,7,11,5,1,7,0.142857142857143
135,196,7,14,0,0.015,1.2,0.255,1,"Cypripedium parviflorum","Gutierrezia sarothrae",-0.0146341463414634,"random",5,7,3,6,9,4,2,5,0.4
135,200,7,16,3,0.017,1.4,0.97549,0.13068,"Cypripedium parviflorum","Hedysarum boreale",0.0195121951219512,"random",5,7,3,4,10,7,3,7,0.428571428571429
135,208,7,13,2,0.014,1.1,0.92429,0.30629,"Cypripedium parviflorum","Heterotheca villosa",0.0109756097560976,"random",5,7,3,6,10,5,2,6,0.333333333333333
135,233,7,14,0,0.015,1.2,0.255,1,"Cypripedium parviflorum","Liatris punctata",-0.0146341463414634,"random",5,7,3,7,10,4,1,6,0.166666666666667
135,239,7,23,4,0.024,2,0.98323,0.09249,"Cypripedium parviflorum","Linum lewisii",0.024390243902439,"random",5,7,3,5,10,6,3,6,0.5
135,241,7,13,1,0.014,1.1,0.69371,0.71621,"Cypripedium parviflorum","Lithospermum ruderale",-0.00121951219512195,"random",5,7,3,5,7,3,3,3,1
135,246,7,12,2,0.012,1,0.93929,0.27082,"Cypripedium parviflorum","Lonicera dioica",0.0121951219512195,"random",5,7,3,6,7,2,2,3,0.666666666666667
135,258,7,30,6,0.031,2.6,0.99946,0.00866,"Cypripedium parviflorum","Maianthemum stellatum",0.0414634146341463,"positive",5,7,3,5,7,3,3,3,1
135,265,7,14,1,0.015,1.2,0.65806,0.745,"Cypripedium parviflorum","Melilotus officinalis",-0.0024390243902439,"random",5,7,3,5,11,7,3,7,0.428571428571429
135,275,7,18,3,0.019,1.5,0.9616,0.17477,"Cypripedium parviflorum","Monarda fistulosa",0.0182926829268293,"random",5,7,3,5,9,5,3,5,0.6
135,285,7,13,1,0.014,1.1,0.69371,0.71621,"Cypripedium parviflorum","Oenothera suffrutescens",-0.00121951219512195,"random",5,7,3,5,8,4,3,4,0.75
135,286,7,15,0,0.016,1.3,0.22875,1,"Cypripedium parviflorum","Opuntia polyacantha",-0.0158536585365854,"random",5,7,3,5,8,4,3,4,0.75
135,310,7,15,1,0.016,1.3,0.6225,0.77125,"Cypripedium parviflorum","Penstemon nitidus",-0.00365853658536585,"random",5,7,3,4,7,4,3,4,0.75
135,321,7,15,1,0.016,1.3,0.6225,0.77125,"Cypripedium parviflorum","Phlox hoodii",-0.00365853658536585,"random",5,7,3,3,10,8,3,8,0.375
135,342,7,17,4,0.018,1.5,0.9964,0.03095,"Cypripedium parviflorum","Populus tremuloides",0.0304878048780488,"positive",5,7,3,4,4,1,0,4,0
135,354,7,23,0,0.024,2,0.08973,1,"Cypripedium parviflorum","Prunus virginiana",-0.024390243902439,"random",5,7,3,4,7,4,3,4,0.75
135,356,7,25,3,0.026,2.1,0.87755,0.36142,"Cypripedium parviflorum","Pulsatilla nuttalliana",0.0109756097560976,"random",5,7,3,3,11,9,3,9,0.333333333333333
135,376,7,18,1,0.019,1.5,0.51838,0.8366,"Cypripedium parviflorum","Rosa woodsii",-0.00609756097560976,"random",5,7,3,6,8,3,2,4,0.5
135,409,7,25,6,0.026,2.1,0.99987,0.00278,"Cypripedium parviflorum","Shepherdia canadensis",0.0475609756097561,"positive",5,7,3,4,5,2,1,4,0.25
135,430,7,30,5,0.031,2.6,0.99134,0.05836,"Cypripedium parviflorum","Symphoricarpos occidentalis",0.0292682926829268,"random",5,7,3,6,8,3,2,4,0.5
135,434,7,16,5,0.017,1.4,0.99986,0.00261,"Cypripedium parviflorum","Symphyotrichum laeve",0.0439024390243902,"positive",5,7,3,6,10,5,2,6,0.333333333333333
135,438,7,12,3,0.012,1,0.99235,0.06071,"Cypripedium parviflorum","Taraxacum officinale",0.024390243902439,"random",5,7,3,3,11,9,3,9,0.333333333333333
135,442,7,30,5,0.031,2.6,0.99134,0.05836,"Cypripedium parviflorum","Thermopsis rhombifolia",0.0292682926829268,"random",5,7,3,4,7,4,3,4,0.75
135,448,7,18,3,0.019,1.5,0.9616,0.17477,"Cypripedium parviflorum","Tragopogon dubius",0.0182926829268293,"random",5,7,3,5,10,6,3,6,0.5
135,454,7,18,1,0.019,1.5,0.51838,0.8366,"Cypripedium parviflorum","Trifolium pratense",-0.00609756097560976,"random",5,7,3,6,10,5,2,6,0.333333333333333
135,475,7,16,1,0.017,1.4,0.58724,0.79515,"Cypripedium parviflorum","Vicia americana",-0.0048780487804878,"random",5,7,3,5,9,5,3,5,0.6
135,476,7,14,0,0.015,1.2,0.255,1,"Cypripedium parviflorum","Vicia cracca",-0.0146341463414634,"random",5,7,3,5,11,7,3,7,0.428571428571429
135,477,7,15,3,0.016,1.3,0.98096,0.11077,"Cypripedium parviflorum","Viola adunca",0.0207317073170732,"random",5,7,3,4,9,6,3,6,0.5
135,488,7,14,5,0.015,1.2,0.99995,0.00125,"Cypripedium parviflorum","Zizia aptera",0.0463414634146341,"positive",5,7,3,5,7,3,3,3,1
137,141,3,34,1,0.015,1.2,0.62836,0.8047,"Dactylis glomerata","Dasiphora fruticosa",-0.0024390243902439,"random",6,8,3,5,10,6,3,6,0.5
137,160,3,32,2,0.014,1.2,0.94399,0.33604,"Dactylis glomerata","Elaeagnus commutata",0.00975609756097561,"random",6,8,3,5,9,5,3,5,0.6
137,186,3,28,2,0.012,1,0.96301,0.26748,"Dactylis glomerata","Galium boreale",0.0121951219512195,"random",6,8,3,6,8,3,3,3,1
137,258,3,30,1,0.013,1.1,0.69874,0.75045,"Dactylis glomerata","Maianthemum stellatum",-0.00121951219512195,"random",6,8,3,5,7,3,2,4,0.5
137,430,3,30,2,0.013,1.1,0.95416,0.30126,"Dactylis glomerata","Symphoricarpos occidentalis",0.0109756097560976,"random",6,8,3,6,8,3,3,3,1
137,442,3,30,0,0.013,1.1,0.24955,1,"Dactylis glomerata","Thermopsis rhombifolia",-0.0134146341463415,"random",6,8,3,4,7,4,2,5,0.4
139,141,4,34,1,0.02,1.7,0.44747,0.88875,"Dalea candida","Dasiphora fruticosa",-0.00853658536585366,"random",6,8,3,5,10,6,3,6,0.5
139,160,4,32,1,0.019,1.6,0.49026,0.86833,"Dalea candida","Elaeagnus commutata",-0.00731707317073171,"random",6,8,3,5,9,5,3,5,0.6
139,171,4,21,3,0.012,1,0.99658,0.04981,"Dalea candida","Eriogonum flavum",0.024390243902439,"positive",6,8,3,5,9,5,3,5,0.6
139,181,4,23,0,0.014,1.1,0.26021,1,"Dalea candida","Fragaria virginiana",-0.0134146341463415,"random",6,8,3,5,11,7,3,7,0.428571428571429
139,183,4,22,0,0.013,1.1,0.2788,1,"Dalea candida","Gaillardia aristata",-0.0134146341463415,"random",6,8,3,6,10,5,3,5,0.6
139,186,4,28,1,0.017,1.4,0.57789,0.81919,"Dalea candida","Galium boreale",-0.0048780487804878,"random",6,8,3,6,8,3,3,3,1
139,192,4,22,0,0.013,1.1,0.2788,1,"Dalea candida","Geum triflorum",-0.0134146341463415,"random",6,8,3,4,7,4,2,5,0.4
139,239,4,23,1,0.014,1.1,0.6877,0.73979,"Dalea candida","Linum lewisii",-0.00121951219512195,"random",6,8,3,5,10,6,3,6,0.5
139,258,4,30,2,0.018,1.5,0.86363,0.46616,"Dalea candida","Maianthemum stellatum",0.00609756097560976,"random",6,8,3,5,7,3,2,4,0.5
139,354,4,23,0,0.014,1.1,0.26021,1,"Dalea candida","Prunus virginiana",-0.0134146341463415,"random",6,8,3,4,7,4,2,5,0.4
139,356,4,25,1,0.015,1.2,0.64407,0.77416,"Dalea candida","Pulsatilla nuttalliana",-0.0024390243902439,"random",6,8,3,3,11,9,3,9,0.333333333333333
139,409,4,25,0,0.015,1.2,0.22584,1,"Dalea candida","Shepherdia canadensis",-0.0146341463414634,"random",6,8,3,4,5,2,0,5,0
139,430,4,30,1,0.018,1.5,0.53384,0.84522,"Dalea candida","Symphoricarpos occidentalis",-0.00609756097560976,"random",6,8,3,6,8,3,3,3,1
139,442,4,30,4,0.018,1.5,1,0.01567,"Dalea candida","Thermopsis rhombifolia",0.0304878048780488,"positive",6,8,3,4,7,4,2,5,0.4
140,141,7,34,4,0.035,2.9,0.89904,0.31194,"Dalea purpurea","Dasiphora fruticosa",0.0134146341463415,"random",6,9,4,5,10,6,4,6,0.666666666666667
140,160,7,32,6,0.033,2.7,0.99911,0.0128,"Dalea purpurea","Elaeagnus commutata",0.0402439024390244,"positive",6,9,4,5,9,5,4,5,0.8
140,171,7,21,1,0.022,1.8,0.42146,0.88524,"Dalea purpurea","Eriogonum flavum",-0.00975609756097561,"random",6,9,4,5,9,5,4,5,0.8
140,181,7,23,1,0.024,2,0.36232,0.91027,"Dalea purpurea","Fragaria virginiana",-0.0121951219512195,"random",6,9,4,5,11,7,4,7,0.571428571428571
140,183,7,22,5,0.023,1.9,0.99878,0.01348,"Dalea purpurea","Gaillardia aristata",0.0378048780487805,"positive",6,9,4,6,10,5,4,5,0.8
140,186,7,28,2,0.029,2.4,0.55124,0.7632,"Dalea purpurea","Galium boreale",-0.0048780487804878,"random",6,9,4,6,8,3,3,4,0.75
140,190,7,12,0,0.012,1,0.31532,1,"Dalea purpurea","Geranium viscosissimum",-0.0121951219512195,"random",6,9,4,5,11,7,4,7,0.571428571428571
140,192,7,22,1,0.023,1.9,0.3913,0.89841,"Dalea purpurea","Geum triflorum",-0.0109756097560976,"random",6,9,4,4,7,4,2,6,0.333333333333333
140,193,7,14,2,0.015,1.2,0.90758,0.34194,"Dalea purpurea","Glycyrrhiza lepidota",0.00975609756097561,"random",6,9,4,6,8,3,3,4,0.75
140,195,7,13,1,0.014,1.1,0.69371,0.71621,"Dalea purpurea","Grindelia squarrosa",-0.00121951219512195,"random",6,9,4,7,11,5,3,6,0.5
140,196,7,14,0,0.015,1.2,0.255,1,"Dalea purpurea","Gutierrezia sarothrae",-0.0146341463414634,"random",6,9,4,6,9,4,4,4,1
140,200,7,16,2,0.017,1.4,0.86932,0.41276,"Dalea purpurea","Hedysarum boreale",0.00731707317073171,"random",6,9,4,4,10,7,4,7,0.571428571428571
140,208,7,13,2,0.014,1.1,0.92429,0.30629,"Dalea purpurea","Heterotheca villosa",0.0109756097560976,"random",6,9,4,6,10,5,4,5,0.8
140,233,7,14,0,0.015,1.2,0.255,1,"Dalea purpurea","Liatris punctata",-0.0146341463414634,"random",6,9,4,7,10,4,3,5,0.6
140,239,7,23,6,0.024,2,0.99994,0.00163,"Dalea purpurea","Linum lewisii",0.0487804878048781,"positive",6,9,4,5,10,6,4,6,0.666666666666667
140,241,7,13,0,0.014,1.1,0.28379,1,"Dalea purpurea","Lithospermum ruderale",-0.0134146341463415,"random",6,9,4,5,7,3,2,5,0.4
140,246,7,12,0,0.012,1,0.31532,1,"Dalea purpurea","Lonicera dioica",-0.0121951219512195,"random",6,9,4,6,7,2,2,4,0.5
140,258,7,30,3,0.031,2.6,0.78233,0.50678,"Dalea purpurea","Maianthemum stellatum",0.0048780487804878,"random",6,9,4,5,7,3,2,5,0.4
140,265,7,14,3,0.015,1.2,0.98555,0.09242,"Dalea purpurea","Melilotus officinalis",0.0219512195121951,"random",6,9,4,5,11,7,4,7,0.571428571428571
140,275,7,18,2,0.019,1.5,0.82523,0.48162,"Dalea purpurea","Monarda fistulosa",0.00609756097560976,"random",6,9,4,5,9,5,4,5,0.8
140,285,7,13,1,0.014,1.1,0.69371,0.71621,"Dalea purpurea","Oenothera suffrutescens",-0.00121951219512195,"random",6,9,4,5,8,4,3,5,0.6
140,286,7,15,1,0.016,1.3,0.6225,0.77125,"Dalea purpurea","Opuntia polyacantha",-0.00365853658536585,"random",6,9,4,5,8,4,3,5,0.6
140,310,7,15,2,0.016,1.3,0.88923,0.3775,"Dalea purpurea","Penstemon nitidus",0.00853658536585366,"random",6,9,4,4,7,4,2,6,0.333333333333333
140,321,7,15,0,0.016,1.3,0.22875,1,"Dalea purpurea","Phlox hoodii",-0.0158536585365854,"random",6,9,4,3,10,8,4,8,0.5
140,342,7,17,2,0.018,1.5,0.84795,0.44753,"Dalea purpurea","Populus tremuloides",0.00609756097560976,"random",6,9,4,4,4,1,0,6,0
140,354,7,23,0,0.024,2,0.08973,1,"Dalea purpurea","Prunus virginiana",-0.024390243902439,"random",6,9,4,4,7,4,2,6,0.333333333333333
140,356,7,25,1,0.026,2.1,0.30817,0.93046,"Dalea purpurea","Pulsatilla nuttalliana",-0.0134146341463415,"random",6,9,4,3,11,9,4,9,0.444444444444444
140,376,7,18,3,0.019,1.5,0.9616,0.17477,"Dalea purpurea","Rosa woodsii",0.0182926829268293,"random",6,9,4,6,8,3,3,4,0.75
140,409,7,25,3,0.026,2.1,0.87755,0.36142,"Dalea purpurea","Shepherdia canadensis",0.0109756097560976,"random",6,9,4,4,5,2,0,6,0
140,430,7,30,4,0.031,2.6,0.94164,0.21767,"Dalea purpurea","Symphoricarpos occidentalis",0.0170731707317073,"random",6,9,4,6,8,3,3,4,0.75
140,434,7,16,1,0.017,1.4,0.58724,0.79515,"Dalea purpurea","Symphyotrichum laeve",-0.0048780487804878,"random",6,9,4,6,10,5,4,5,0.8
140,438,7,12,3,0.012,1,0.99235,0.06071,"Dalea purpurea","Taraxacum officinale",0.024390243902439,"random",6,9,4,3,11,9,4,9,0.444444444444444
140,442,7,30,3,0.031,2.6,0.78233,0.50678,"Dalea purpurea","Thermopsis rhombifolia",0.0048780487804878,"random",6,9,4,4,7,4,2,6,0.333333333333333
140,448,7,18,2,0.019,1.5,0.82523,0.48162,"Dalea purpurea","Tragopogon dubius",0.00609756097560976,"random",6,9,4,5,10,6,4,6,0.666666666666667
140,454,7,18,1,0.019,1.5,0.51838,0.8366,"Dalea purpurea","Trifolium pratense",-0.00609756097560976,"random",6,9,4,6,10,5,4,5,0.8
140,475,7,16,2,0.017,1.4,0.86932,0.41276,"Dalea purpurea","Vicia americana",0.00731707317073171,"random",6,9,4,5,9,5,4,5,0.8
140,476,7,14,3,0.015,1.2,0.98555,0.09242,"Dalea purpurea","Vicia cracca",0.0219512195121951,"random",6,9,4,5,11,7,4,7,0.571428571428571
140,477,7,15,0,0.016,1.3,0.22875,1,"Dalea purpurea","Viola adunca",-0.0158536585365854,"random",6,9,4,4,9,6,4,6,0.666666666666667
140,488,7,14,1,0.015,1.2,0.65806,0.745,"Dalea purpurea","Zizia aptera",-0.0024390243902439,"random",6,9,4,5,7,3,2,5,0.4
141,142,34,5,1,0.025,2.1,0.30522,0.93724,"Dasiphora fruticosa","Delphinium bicolor",-0.0134146341463415,"random",5,10,6,5,7,3,3,6,0.5
141,146,34,3,1,0.015,1.2,0.62836,0.8047,"Dasiphora fruticosa","Dieteria canescens",-0.0024390243902439,"random",5,10,6,6,10,5,5,6,0.833333333333333
141,154,34,3,2,0.015,1.2,0.93243,0.37164,"Dasiphora fruticosa","Dryas drummondii",0.00975609756097561,"random",5,10,6,5,7,3,3,6,0.5
141,156,34,4,2,0.02,1.7,0.80926,0.55253,"Dasiphora fruticosa","Drymocallis arguta",0.00365853658536585,"random",5,10,6,6,8,3,3,6,0.5
141,159,34,3,0,0.015,1.2,0.1953,1,"Dasiphora fruticosa","Elaeagnus angustifolia",-0.0146341463414634,"random",5,10,6,6,6,1,1,6,0.166666666666667
141,160,34,32,20,0.162,13.3,0.99958,0.00205,"Dasiphora fruticosa","Elaeagnus commutata",0.0817073170731707,"positive",5,10,6,5,9,5,5,6,0.833333333333333
141,167,34,4,3,0.02,1.7,0.97349,0.19074,"Dasiphora fruticosa","Erigeron caespitosus",0.0158536585365854,"random",5,10,6,6,9,4,4,6,0.666666666666667
141,168,34,3,0,0.015,1.2,0.1953,1,"Dasiphora fruticosa","Erigeron compositus",-0.0146341463414634,"random",5,10,6,5,10,6,6,6,1
141,170,34,3,0,0.015,1.2,0.1953,1,"Dasiphora fruticosa","Eriocoma hymenoides",-0.0146341463414634,"random",5,10,6,5,6,2,2,6,0.333333333333333
141,171,34,21,3,0.106,8.7,0.00277,0.99961,"Dasiphora fruticosa","Eriogonum flavum",-0.0695121951219512,"negative",5,10,6,5,9,5,5,6,0.833333333333333
141,172,34,4,0,0.02,1.7,0.11125,1,"Dasiphora fruticosa","Eriogonum umbellatum",-0.0207317073170732,"random",5,10,6,6,9,4,4,6,0.666666666666667
141,178,34,5,1,0.025,2.1,0.30522,0.93724,"Dasiphora fruticosa","Euphorbia virgata",-0.0134146341463415,"random",5,10,6,5,9,5,5,6,0.833333333333333
141,179,34,5,3,0.025,2.1,0.90822,0.33917,"Dasiphora fruticosa","Eurybia conspicua",0.0109756097560976,"random",5,10,6,7,10,4,4,6,0.666666666666667
141,180,34,4,4,0.02,1.7,1,0.02651,"Dasiphora fruticosa","Eurybia sibirica",0.0280487804878049,"positive",5,10,6,6,10,5,5,6,0.833333333333333
141,181,34,23,12,0.116,9.5,0.92986,0.16359,"Dasiphora fruticosa","Fragaria virginiana",0.0304878048780488,"random",5,10,6,5,11,7,6,7,0.857142857142857
141,183,34,22,13,0.111,9.1,0.98636,0.04426,"Dasiphora fruticosa","Gaillardia aristata",0.0475609756097561,"positive",5,10,6,6,10,5,5,6,0.833333333333333
141,184,34,6,2,0.03,2.5,0.51305,0.79869,"Dasiphora fruticosa","Galearis rotundifolia",-0.00609756097560976,"random",5,10,6,6,7,2,2,6,0.333333333333333
141,186,34,28,16,0.142,11.6,0.98951,0.03322,"Dasiphora fruticosa","Galium boreale",0.0536585365853659,"positive",5,10,6,6,8,3,3,6,0.5
141,190,34,12,5,0.061,5,0.63406,0.61323,"Dasiphora fruticosa","Geranium viscosissimum",0,"random",5,10,6,5,11,7,6,7,0.857142857142857
141,192,34,22,9,0.111,9.1,0.57824,0.62086,"Dasiphora fruticosa","Geum triflorum",-0.00121951219512195,"random",5,10,6,4,7,4,3,7,0.428571428571429
141,193,34,14,5,0.071,5.8,0.43269,0.77956,"Dasiphora fruticosa","Glycyrrhiza lepidota",-0.00975609756097561,"random",5,10,6,6,8,3,3,6,0.5
141,195,34,13,2,0.066,5.4,0.03416,0.99426,"Dasiphora fruticosa","Grindelia squarrosa",-0.0414634146341463,"negative",5,10,6,7,11,5,4,7,0.571428571428571
141,196,34,14,3,0.071,5.8,0.08248,0.97902,"Dasiphora fruticosa","Gutierrezia sarothrae",-0.0341463414634146,"random",5,10,6,6,9,4,4,6,0.666666666666667
141,199,34,11,10,0.056,4.6,0.99998,0.00047,"Dasiphora fruticosa","Hedysarum alpinum",0.0658536585365854,"positive",5,10,6,5,9,5,5,6,0.833333333333333
141,200,34,16,12,0.081,6.6,0.99958,0.00298,"Dasiphora fruticosa","Hedysarum boreale",0.0658536585365854,"positive",5,10,6,4,10,7,6,7,0.857142857142857
141,201,34,3,1,0.015,1.2,0.62836,0.8047,"Dasiphora fruticosa","Hedysarum sulphurescens",-0.0024390243902439,"random",5,10,6,5,8,4,4,6,0.666666666666667
141,202,34,6,1,0.03,2.5,0.20131,0.96495,"Dasiphora fruticosa","Helianthus annuus",-0.0182926829268293,"random",5,10,6,6,11,6,5,7,0.714285714285714
141,204,34,4,2,0.02,1.7,0.80926,0.55253,"Dasiphora fruticosa","Helianthus pauciflorus",0.00365853658536585,"random",5,10,6,7,9,3,3,6,0.5
141,206,34,8,5,0.04,3.3,0.94968,0.18535,"Dasiphora fruticosa","Heracleum maximum",0.0207317073170732,"random",5,10,6,6,8,3,3,6,0.5
141,207,34,5,0,0.025,2.1,0.06276,1,"Dasiphora fruticosa","Hesperostipa comata",-0.025609756097561,"random",5,10,6,6,6,1,1,6,0.166666666666667
141,208,34,13,3,0.066,5.4,0.12189,0.96584,"Dasiphora fruticosa","Heterotheca villosa",-0.0292682926829268,"random",5,10,6,6,10,5,5,6,0.833333333333333
141,209,34,4,0,0.02,1.7,0.11125,1,"Dasiphora fruticosa","Heuchera cylindrica",-0.0207317073170732,"random",5,10,6,6,9,4,4,6,0.666666666666667
141,210,34,4,2,0.02,1.7,0.80926,0.55253,"Dasiphora fruticosa","Heuchera richardsonii",0.00365853658536585,"random",5,10,6,6,7,2,2,6,0.333333333333333
141,214,34,6,2,0.03,2.5,0.51305,0.79869,"Dasiphora fruticosa","Hordeum jubatum",-0.00609756097560976,"random",5,10,6,6,7,2,2,6,0.333333333333333
141,216,34,7,0,0.035,2.9,0.01937,1,"Dasiphora fruticosa","Hymenoxys richardsonii",-0.0353658536585366,"negative",5,10,6,5,7,3,3,6,0.5
141,217,34,7,3,0.035,2.9,0.68806,0.61821,"Dasiphora fruticosa","Hyoscyamus niger",0.00121951219512195,"random",5,10,6,5,10,6,6,6,1
141,220,34,3,2,0.015,1.2,0.93243,0.37164,"Dasiphora fruticosa","Juncus balticus",0.00975609756097561,"random",5,10,6,5,7,3,3,6,0.5
141,221,34,4,0,0.02,1.7,0.11125,1,"Dasiphora fruticosa","Koeleria macrantha",-0.0207317073170732,"random",5,10,6,6,7,2,2,6,0.333333333333333
141,222,34,7,0,0.035,2.9,0.01937,1,"Dasiphora fruticosa","Krascheninnikovia lanata",-0.0353658536585366,"negative",5,10,6,5,9,4,5,6,0.833333333333333
141,224,34,3,1,0.015,1.2,0.62836,0.8047,"Dasiphora fruticosa","Lactuca serriola",-0.0024390243902439,"random",5,10,6,7,10,4,4,6,0.666666666666667
141,225,34,3,3,0.015,1.2,1,0.06757,"Dasiphora fruticosa","Lappula squarrosa",0.0219512195121951,"random",5,10,6,6,10,5,5,6,0.833333333333333
141,226,34,4,3,0.02,1.7,0.97349,0.19074,"Dasiphora fruticosa","Lathyrus ochroleucus",0.0158536585365854,"random",5,10,6,5,7,3,3,6,0.5
141,227,34,4,0,0.02,1.7,0.11125,1,"Dasiphora fruticosa","Lepidium densiflorum",-0.0207317073170732,"random",5,10,6,6,7,2,2,6,0.333333333333333
141,231,34,5,2,0.025,2.1,0.66083,0.69478,"Dasiphora fruticosa","Leucanthemum vulgare",-0.00121951219512195,"random",5,10,6,6,10,5,5,6,0.833333333333333
141,233,34,14,0,0.071,5.8,0.00022,1,"Dasiphora fruticosa","Liatris punctata",-0.0707317073170732,"negative",5,10,6,7,10,4,4,6,0.666666666666667
141,234,34,5,4,0.025,2.1,0.9898,0.09178,"Dasiphora fruticosa","Lilium philadelphicum",0.0231707317073171,"random",5,10,6,5,9,5,5,6,0.833333333333333
141,235,34,4,0,0.02,1.7,0.11125,1,"Dasiphora fruticosa","Linaria dalmatica",-0.0207317073170732,"random",5,10,6,5,10,6,6,6,1
141,236,34,11,5,0.056,4.6,0.73366,0.5102,"Dasiphora fruticosa","Linaria vulgaris",0.00487804878048781,"random",5,10,6,5,10,6,6,6,1
141,239,34,23,12,0.116,9.5,0.92986,0.16359,"Dasiphora fruticosa","Linum lewisii",0.0304878048780488,"random",5,10,6,5,10,6,6,6,1
141,240,34,6,1,0.03,2.5,0.20131,0.96495,"Dasiphora fruticosa","Lithospermum incisum",-0.0182926829268293,"random",5,10,6,4,6,3,2,7,0.285714285714286
141,241,34,13,7,0.066,5.4,0.90156,0.24642,"Dasiphora fruticosa","Lithospermum ruderale",0.0195121951219512,"random",5,10,6,5,7,3,3,6,0.5
141,243,34,3,0,0.015,1.2,0.1953,1,"Dasiphora fruticosa","Lomatium foeniculaceum",-0.0146341463414634,"random",5,10,6,4,6,3,2,7,0.285714285714286
141,246,34,12,8,0.061,5,0.98709,0.05555,"Dasiphora fruticosa","Lonicera dioica",0.0365853658536585,"random",5,10,6,6,7,2,2,6,0.333333333333333
141,248,34,4,3,0.02,1.7,0.97349,0.19074,"Dasiphora fruticosa","Lonicera tatarica",0.0158536585365854,"random",5,10,6,4,7,4,3,7,0.428571428571429
141,250,34,6,4,0.03,2.5,0.95802,0.19138,"Dasiphora fruticosa","Lotus corniculatus",0.0182926829268293,"random",5,10,6,5,9,5,5,6,0.833333333333333
141,252,34,3,0,0.015,1.2,0.1953,1,"Dasiphora fruticosa","Lupinus sericeus",-0.0146341463414634,"random",5,10,6,6,7,2,2,6,0.333333333333333
141,253,34,7,3,0.035,2.9,0.68806,0.61821,"Dasiphora fruticosa","Lygodesmia juncea",0.00121951219512195,"random",5,10,6,6,10,5,5,6,0.833333333333333
141,256,34,4,1,0.02,1.7,0.44747,0.88875,"Dasiphora fruticosa","Mahonia repens",-0.00853658536585366,"random",5,10,6,6,6,1,1,6,0.166666666666667
141,257,34,4,2,0.02,1.7,0.80926,0.55253,"Dasiphora fruticosa","Maianthemum racemosum",0.00365853658536585,"random",5,10,6,5,7,3,3,6,0.5
141,258,34,30,16,0.152,12.4,0.97045,0.07739,"Dasiphora fruticosa","Maianthemum stellatum",0.0439024390243902,"random",5,10,6,5,7,3,3,6,0.5
141,261,34,10,5,0.051,4.1,0.82337,0.39935,"Dasiphora fruticosa","Medicago lupulina",0.0109756097560976,"random",5,10,6,5,11,7,6,7,0.857142857142857
141,262,34,10,2,0.051,4.1,0.12867,0.97029,"Dasiphora fruticosa","Medicago sativa",-0.025609756097561,"random",5,10,6,5,10,6,6,6,1
141,264,34,9,6,0.046,3.7,0.97614,0.10324,"Dasiphora fruticosa","Melilotus albus",0.0280487804878049,"random",5,10,6,6,11,6,5,7,0.714285714285714
141,265,34,14,5,0.071,5.8,0.43269,0.77956,"Dasiphora fruticosa","Melilotus officinalis",-0.00975609756097561,"random",5,10,6,5,11,7,6,7,0.857142857142857
141,271,34,3,3,0.015,1.2,1,0.06757,"Dasiphora fruticosa","Mertensia paniculata",0.0219512195121951,"random",5,10,6,5,10,6,6,6,1
141,275,34,18,8,0.091,7.5,0.71437,0.48858,"Dasiphora fruticosa","Monarda fistulosa",0.00609756097560976,"random",5,10,6,5,9,5,5,6,0.833333333333333
141,278,34,11,5,0.056,4.6,0.73366,0.5102,"Dasiphora fruticosa","Musineon divaricatum",0.00487804878048781,"random",5,10,6,4,7,4,3,7,0.428571428571429
141,280,34,3,0,0.015,1.2,0.1953,1,"Dasiphora fruticosa","Nassella viridula",-0.0146341463414634,"random",5,10,6,5,7,3,3,6,0.5
141,285,34,13,4,0.066,5.4,0.29624,0.87811,"Dasiphora fruticosa","Oenothera suffrutescens",-0.0170731707317073,"random",5,10,6,5,8,4,4,6,0.666666666666667
141,286,34,15,1,0.076,6.2,0.00175,0.99989,"Dasiphora fruticosa","Opuntia polyacantha",-0.0634146341463415,"negative",5,10,6,5,8,4,4,6,0.666666666666667
141,287,34,6,0,0.03,2.5,0.03505,1,"Dasiphora fruticosa","Oreocarya glomerata",-0.0304878048780488,"negative",5,10,6,5,8,4,4,6,0.666666666666667
141,290,34,9,7,0.046,3.7,0.99685,0.02386,"Dasiphora fruticosa","Oxytropis campestris",0.0402439024390244,"positive",5,10,6,5,9,5,5,6,0.833333333333333
141,292,34,9,5,0.046,3.7,0.89676,0.28799,"Dasiphora fruticosa","Oxytropis sericea",0.0158536585365854,"random",5,10,6,5,6,2,2,6,0.333333333333333
141,292,34,9,5,0.046,3.7,0.89676,0.28799,"Dasiphora fruticosa","Oxytropis sericea",0.0158536585365854,"random",5,10,6,5,6,2,2,6,0.333333333333333
141,293,34,6,3,0.03,2.5,0.80862,0.48695,"Dasiphora fruticosa","Oxytropis splendens",0.00609756097560976,"random",5,10,6,6,8,3,3,6,0.5
141,295,34,5,2,0.025,2.1,0.66083,0.69478,"Dasiphora fruticosa","Packera cana",-0.00121951219512195,"random",5,10,6,5,8,4,4,6,0.666666666666667
141,296,34,3,2,0.015,1.2,0.93243,0.37164,"Dasiphora fruticosa","Packera paupercula",0.00975609756097561,"random",5,10,6,6,10,5,5,6,0.833333333333333
141,298,34,3,0,0.015,1.2,0.1953,1,"Dasiphora fruticosa","Paronychia sessiliflora",-0.0146341463414634,"random",5,10,6,6,8,3,3,6,0.5
141,300,34,4,2,0.02,1.7,0.80926,0.55253,"Dasiphora fruticosa","Pedicularis bracteosa",0.00365853658536585,"random",5,10,6,6,8,3,3,6,0.5
141,303,34,4,2,0.02,1.7,0.80926,0.55253,"Dasiphora fruticosa","Pediomelum esculentum",0.00365853658536585,"random",5,10,6,6,7,2,2,6,0.333333333333333
141,304,34,8,0,0.04,3.3,0.01059,1,"Dasiphora fruticosa","Pelecyphora vivipara",-0.0402439024390244,"negative",5,10,6,5,7,3,3,6,0.5
141,305,34,3,1,0.015,1.2,0.62836,0.8047,"Dasiphora fruticosa","Penstemon albertinus",-0.0024390243902439,"random",5,10,6,6,7,2,2,6,0.333333333333333
141,306,34,4,0,0.02,1.7,0.11125,1,"Dasiphora fruticosa","Penstemon albidus",-0.0207317073170732,"random",5,10,6,5,7,3,3,6,0.5
141,307,34,6,0,0.03,2.5,0.03505,1,"Dasiphora fruticosa","Penstemon confertus",-0.0304878048780488,"negative",5,10,6,6,8,3,3,6,0.5
141,310,34,15,3,0.076,6.2,0.05444,0.98739,"Dasiphora fruticosa","Penstemon nitidus",-0.0390243902439024,"random",5,10,6,4,7,4,3,7,0.428571428571429
141,315,34,6,5,0.03,2.5,0.99616,0.04198,"Dasiphora fruticosa","Petasites frigidus",0.0304878048780488,"positive",5,10,6,4,9,6,5,7,0.714285714285714
141,318,34,4,1,0.02,1.7,0.44747,0.88875,"Dasiphora fruticosa","Phalaris arundinacea",-0.00853658536585366,"random",5,10,6,5,10,6,6,6,1
141,320,34,6,4,0.03,2.5,0.95802,0.19138,"Dasiphora fruticosa","Phleum pratense",0.0182926829268293,"random",5,10,6,7,7,1,1,6,0.166666666666667
141,321,34,15,4,0.076,6.2,0.15957,0.94556,"Dasiphora fruticosa","Phlox hoodii",-0.0268292682926829,"random",5,10,6,3,10,8,6,8,0.75
141,323,34,6,0,0.03,2.5,0.03505,1,"Dasiphora fruticosa","Physaria arenosa",-0.0304878048780488,"negative",5,10,6,4,7,4,3,7,0.428571428571429
141,327,34,5,2,0.025,2.1,0.66083,0.69478,"Dasiphora fruticosa","Plantago major",-0.00121951219512195,"random",5,10,6,6,8,3,3,6,0.5
141,328,34,5,0,0.025,2.1,0.06276,1,"Dasiphora fruticosa","Plantago patagonica",-0.025609756097561,"random",5,10,6,6,8,3,3,6,0.5
141,335,34,3,2,0.015,1.2,0.93243,0.37164,"Dasiphora fruticosa","Poa pratensis",0.00975609756097561,"random",5,10,6,5,9,5,5,6,0.833333333333333
141,337,34,5,1,0.025,2.1,0.30522,0.93724,"Dasiphora fruticosa","Polemonium pulcherrimum",-0.0134146341463415,"random",5,10,6,4,9,6,5,7,0.714285714285714
141,338,34,6,5,0.03,2.5,0.99616,0.04198,"Dasiphora fruticosa","Polygala senega",0.0304878048780488,"positive",5,10,6,5,7,3,3,6,0.5
141,340,34,6,4,0.03,2.5,0.95802,0.19138,"Dasiphora fruticosa","Populus balsamifera",0.0182926829268293,"random",5,10,6,4,5,2,1,7,0.142857142857143
141,342,34,17,9,0.086,7,0.91168,0.21046,"Dasiphora fruticosa","Populus tremuloides",0.024390243902439,"random",5,10,6,4,4,1,0,7,0
141,343,34,10,5,0.051,4.1,0.82337,0.39935,"Dasiphora fruticosa","Potentilla concinna",0.0109756097560976,"random",5,10,6,4,6,3,2,7,0.285714285714286
141,345,34,3,3,0.015,1.2,1,0.06757,"Dasiphora fruticosa","Potentilla gracilis",0.0219512195121951,"random",5,10,6,6,8,3,3,6,0.5
141,348,34,3,2,0.015,1.2,0.93243,0.37164,"Dasiphora fruticosa","Potentilla pulcherrima",0.00975609756097561,"random",5,10,6,6,10,5,5,6,0.833333333333333
141,351,34,4,2,0.02,1.7,0.80926,0.55253,"Dasiphora fruticosa","Prosartes trachycarpa",0.00365853658536585,"random",5,10,6,4,6,3,2,7,0.285714285714286
141,354,34,23,10,0.116,9.5,0.68609,0.50472,"Dasiphora fruticosa","Prunus virginiana",0.00609756097560976,"random",5,10,6,4,7,4,3,7,0.428571428571429
141,356,34,25,12,0.126,10.4,0.85056,0.28934,"Dasiphora fruticosa","Pulsatilla nuttalliana",0.0195121951219512,"random",5,10,6,3,11,9,6,9,0.666666666666667
141,358,34,10,7,0.051,4.1,0.98919,0.05431,"Dasiphora fruticosa","Pyrola asarifolia",0.0353658536585366,"random",5,10,6,6,9,4,4,6,0.666666666666667
141,359,34,4,2,0.02,1.7,0.80926,0.55253,"Dasiphora fruticosa","Ranunculus acris",0.00365853658536585,"random",5,10,6,5,10,6,6,6,1
141,362,34,6,0,0.03,2.5,0.03505,1,"Dasiphora fruticosa","Ratibida columnifera",-0.0304878048780488,"negative",5,10,6,6,10,5,5,6,0.833333333333333
141,366,34,3,2,0.015,1.2,0.93243,0.37164,"Dasiphora fruticosa","Rhododendron groenlandicum",0.00975609756097561,"random",5,10,6,5,7,3,3,6,0.5
141,368,34,10,1,0.051,4.1,0.02971,0.99694,"Dasiphora fruticosa","Rhus aromatica",-0.0378048780487805,"negative",5,10,6,5,5,1,1,6,0.166666666666667
141,371,34,7,5,0.035,2.9,0.9816,0.10096,"Dasiphora fruticosa","Ribes oxyacanthoides",0.025609756097561,"random",5,10,6,5,6,2,2,6,0.333333333333333
141,373,34,8,6,0.04,3.3,0.99225,0.05032,"Dasiphora fruticosa","Rosa acicularis",0.0329268292682927,"random",5,10,6,5,7,3,3,6,0.5
141,374,34,8,2,0.04,3.3,0.27398,0.91917,"Dasiphora fruticosa","Rosa arkansana",-0.0158536585365854,"random",5,10,6,6,9,4,4,6,0.666666666666667
141,376,34,18,8,0.091,7.5,0.71437,0.48858,"Dasiphora fruticosa","Rosa woodsii",0.00609756097560976,"random",5,10,6,6,8,3,3,6,0.5
141,377,34,4,3,0.02,1.7,0.97349,0.19074,"Dasiphora fruticosa","Rubus idaeus",0.0158536585365854,"random",5,10,6,6,7,2,2,6,0.333333333333333
141,382,34,3,2,0.015,1.2,0.93243,0.37164,"Dasiphora fruticosa","Salix barrattiana",0.00975609756097561,"random",5,10,6,5,7,3,3,6,0.5
141,383,34,4,2,0.02,1.7,0.80926,0.55253,"Dasiphora fruticosa","Salix bebbiana",0.00365853658536585,"random",5,10,6,5,8,4,4,6,0.666666666666667
141,389,34,5,3,0.025,2.1,0.90822,0.33917,"Dasiphora fruticosa","Salix glauca",0.0109756097560976,"random",5,10,6,6,7,2,2,6,0.333333333333333
141,390,34,10,4,0.051,4.1,0.60065,0.66538,"Dasiphora fruticosa","Salix interior",-0.00121951219512195,"random",5,10,6,5,7,3,3,6,0.5
141,393,34,4,0,0.02,1.7,0.11125,1,"Dasiphora fruticosa","Salsola tragus",-0.0207317073170732,"random",5,10,6,7,10,4,4,6,0.666666666666667
141,396,34,3,0,0.015,1.2,0.1953,1,"Dasiphora fruticosa","Sarcobatus vermiculatus",-0.0146341463414634,"random",5,10,6,6,7,2,2,6,0.333333333333333
141,408,34,8,3,0.04,3.3,0.56147,0.72602,"Dasiphora fruticosa","Shepherdia argentea",-0.00365853658536585,"random",5,10,6,4,5,2,1,7,0.142857142857143
141,409,34,25,14,0.126,10.4,0.97765,0.06395,"Dasiphora fruticosa","Shepherdia canadensis",0.0439024390243902,"random",5,10,6,4,5,2,1,7,0.142857142857143
141,412,34,7,2,0.035,2.9,0.38179,0.87089,"Dasiphora fruticosa","Sisymbrium loeselii",-0.0109756097560976,"random",5,10,6,5,10,6,6,6,1
141,413,34,7,5,0.035,2.9,0.9816,0.10096,"Dasiphora fruticosa","Sisyrinchium montanum",0.025609756097561,"random",5,10,6,5,8,4,4,6,0.666666666666667
141,417,34,8,4,0.04,3.3,0.81465,0.43853,"Dasiphora fruticosa","Solidago missouriensis",0.00853658536585366,"random",5,10,6,6,9,4,4,6,0.666666666666667
141,419,34,3,1,0.015,1.2,0.62836,0.8047,"Dasiphora fruticosa","Solidago multiradiata",-0.0024390243902439,"random",5,10,6,6,9,4,4,6,0.666666666666667
141,420,34,3,2,0.015,1.2,0.93243,0.37164,"Dasiphora fruticosa","Solidago rigida",0.00975609756097561,"random",5,10,6,7,10,4,4,6,0.666666666666667
141,422,34,3,1,0.015,1.2,0.62836,0.8047,"Dasiphora fruticosa","Sonchus arvensis",-0.0024390243902439,"random",5,10,6,7,10,4,4,6,0.666666666666667
141,423,34,8,0,0.04,3.3,0.01059,1,"Dasiphora fruticosa","Sphaeralcea coccinea",-0.0402439024390244,"negative",5,10,6,5,9,5,5,6,0.833333333333333
141,426,34,3,0,0.015,1.2,0.1953,1,"Dasiphora fruticosa","Sporobolus rigidus",-0.0146341463414634,"random",5,10,6,7,8,2,2,6,0.333333333333333
141,430,34,30,17,0.152,12.4,0.99071,0.02955,"Dasiphora fruticosa","Symphoricarpos occidentalis",0.0560975609756098,"positive",5,10,6,6,8,3,3,6,0.5
141,432,34,3,2,0.015,1.2,0.93243,0.37164,"Dasiphora fruticosa","Symphyotrichum ericoides",0.00975609756097561,"random",5,10,6,7,10,4,4,6,0.666666666666667
141,434,34,16,9,0.081,6.6,0.94673,0.1458,"Dasiphora fruticosa","Symphyotrichum laeve",0.0292682926829268,"random",5,10,6,6,10,5,5,6,0.833333333333333
141,437,34,7,3,0.035,2.9,0.68806,0.61821,"Dasiphora fruticosa","Tanacetum vulgare",0.00121951219512195,"random",5,10,6,7,10,4,4,6,0.666666666666667
141,438,34,12,6,0.061,5,0.83326,0.36594,"Dasiphora fruticosa","Taraxacum officinale",0.0121951219512195,"random",5,10,6,3,11,9,6,9,0.666666666666667
141,442,34,30,13,0.152,12.4,0.69002,0.48725,"Dasiphora fruticosa","Thermopsis rhombifolia",0.0073170731707317,"random",5,10,6,4,7,4,3,7,0.428571428571429
141,444,34,10,5,0.051,4.1,0.82337,0.39935,"Dasiphora fruticosa","Thlaspi arvense",0.0109756097560976,"random",5,10,6,4,9,6,5,7,0.714285714285714
141,448,34,18,10,0.091,7.5,0.94926,0.1353,"Dasiphora fruticosa","Tragopogon dubius",0.0304878048780488,"random",5,10,6,5,10,6,6,6,1
141,450,34,5,2,0.025,2.1,0.66083,0.69478,"Dasiphora fruticosa","Triantha glutinosa",-0.00121951219512195,"random",5,10,6,6,8,3,3,6,0.5
141,453,34,4,1,0.02,1.7,0.44747,0.88875,"Dasiphora fruticosa","Trifolium hybridum",-0.00853658536585366,"random",5,10,6,6,10,5,5,6,0.833333333333333
141,454,34,18,12,0.091,7.5,0.99676,0.01474,"Dasiphora fruticosa","Trifolium pratense",0.0548780487804878,"positive",5,10,6,6,10,5,5,6,0.833333333333333
141,455,34,5,3,0.025,2.1,0.90822,0.33917,"Dasiphora fruticosa","Trifolium repens",0.0109756097560976,"random",5,10,6,5,10,6,6,6,1
141,458,34,7,3,0.035,2.9,0.68806,0.61821,"Dasiphora fruticosa","Tripleurospermum inodorum",0.00121951219512195,"random",5,10,6,5,11,7,6,7,0.857142857142857
141,460,34,6,2,0.03,2.5,0.51305,0.79869,"Dasiphora fruticosa","Typha latifolia",-0.00609756097560976,"random",5,10,6,6,7,2,2,6,0.333333333333333
141,461,34,3,1,0.015,1.2,0.62836,0.8047,"Dasiphora fruticosa","Urtica gracilis",-0.0024390243902439,"random",5,10,6,6,8,3,3,6,0.5
141,468,34,3,2,0.015,1.2,0.93243,0.37164,"Dasiphora fruticosa","Valeriana sitchensis",0.00975609756097561,"random",5,10,6,6,9,4,4,6,0.666666666666667
141,469,34,3,1,0.015,1.2,0.62836,0.8047,"Dasiphora fruticosa","Veratrum viride",-0.0024390243902439,"random",5,10,6,7,8,2,2,6,0.333333333333333
141,470,34,3,1,0.015,1.2,0.62836,0.8047,"Dasiphora fruticosa","Verbascum thapsus",-0.0024390243902439,"random",5,10,6,6,10,5,5,6,0.833333333333333
141,471,34,3,0,0.015,1.2,0.1953,1,"Dasiphora fruticosa","Verbena bracteata",-0.0146341463414634,"random",5,10,6,6,10,5,5,6,0.833333333333333
141,473,34,3,2,0.015,1.2,0.93243,0.37164,"Dasiphora fruticosa","Viburnum edule",0.00975609756097561,"random",5,10,6,5,8,4,4,6,0.666666666666667
141,475,34,16,6,0.081,6.6,0.47389,0.73687,"Dasiphora fruticosa","Vicia americana",-0.0073170731707317,"random",5,10,6,5,9,5,5,6,0.833333333333333
141,476,34,14,6,0.071,5.8,0.66351,0.56731,"Dasiphora fruticosa","Vicia cracca",0.0024390243902439,"random",5,10,6,5,11,7,6,7,0.857142857142857
141,477,34,15,9,0.076,6.2,0.97082,0.09375,"Dasiphora fruticosa","Viola adunca",0.0341463414634146,"random",5,10,6,4,9,6,5,7,0.714285714285714
141,478,34,3,1,0.015,1.2,0.62836,0.8047,"Dasiphora fruticosa","Viola canadensis",-0.0024390243902439,"random",5,10,6,5,10,6,6,6,1
141,479,34,6,0,0.03,2.5,0.03505,1,"Dasiphora fruticosa","Viola nuttallii",-0.0304878048780488,"negative",5,10,6,4,6,3,2,7,0.285714285714286
141,484,34,3,0,0.015,1.2,0.1953,1,"Dasiphora fruticosa","Xanthisma spinulosum",-0.0146341463414634,"random",5,10,6,6,10,5,5,6,0.833333333333333
141,486,34,3,1,0.015,1.2,0.62836,0.8047,"Dasiphora fruticosa","Xerophyllum tenax",-0.0024390243902439,"random",5,10,6,5,8,4,4,6,0.666666666666667
141,488,34,14,10,0.071,5.8,0.99745,0.01416,"Dasiphora fruticosa","Zizia aptera",0.051219512195122,"positive",5,10,6,5,7,3,3,6,0.5
142,160,5,32,0,0.024,2,0.07765,1,"Delphinium bicolor","Elaeagnus commutata",-0.024390243902439,"random",5,7,3,5,9,5,3,5,0.6
142,171,5,21,3,0.016,1.3,0.98587,0.10333,"Delphinium bicolor","Eriogonum flavum",0.0207317073170732,"random",5,7,3,5,9,5,3,5,0.6
142,181,5,23,1,0.017,1.4,0.56713,0.81652,"Delphinium bicolor","Fragaria virginiana",-0.0048780487804878,"random",5,7,3,5,11,7,3,7,0.428571428571429
142,183,5,22,1,0.016,1.3,0.59334,0.79984,"Delphinium bicolor","Gaillardia aristata",-0.00365853658536585,"random",5,7,3,6,10,5,2,6,0.333333333333333
142,186,5,28,1,0.021,1.7,0.44044,0.88409,"Delphinium bicolor","Galium boreale",-0.00853658536585366,"random",5,7,3,6,8,3,2,4,0.5
142,192,5,22,2,0.016,1.3,0.88305,0.40666,"Delphinium bicolor","Geum triflorum",0.00853658536585366,"random",5,7,3,4,7,4,3,4,0.75
142,239,5,23,0,0.017,1.4,0.18348,1,"Delphinium bicolor","Linum lewisii",-0.0170731707317073,"random",5,7,3,5,10,6,3,6,0.5
142,258,5,30,2,0.022,1.8,0.74524,0.60709,"Delphinium bicolor","Maianthemum stellatum",0.0024390243902439,"random",5,7,3,5,7,3,3,3,1
142,275,5,18,0,0.013,1.1,0.27944,1,"Delphinium bicolor","Monarda fistulosa",-0.0134146341463415,"random",5,7,3,5,9,5,3,5,0.6
142,342,5,17,0,0.013,1,0.30272,1,"Delphinium bicolor","Populus tremuloides",-0.0121951219512195,"random",5,7,3,4,4,1,0,4,0
142,354,5,23,0,0.017,1.4,0.18348,1,"Delphinium bicolor","Prunus virginiana",-0.0170731707317073,"random",5,7,3,4,7,4,3,4,0.75
142,356,5,25,1,0.019,1.5,0.51538,0.84654,"Delphinium bicolor","Pulsatilla nuttalliana",-0.00609756097560976,"random",5,7,3,3,11,9,3,9,0.333333333333333
142,376,5,18,1,0.013,1.1,0.69859,0.72056,"Delphinium bicolor","Rosa woodsii",-0.00121951219512195,"random",5,7,3,6,8,3,2,4,0.5
142,409,5,25,0,0.019,1.5,0.15346,1,"Delphinium bicolor","Shepherdia canadensis",-0.0182926829268293,"random",5,7,3,4,5,2,1,4,0.25
142,430,5,30,1,0.022,1.8,0.39291,0.90475,"Delphinium bicolor","Symphoricarpos occidentalis",-0.00975609756097561,"random",5,7,3,6,8,3,2,4,0.5
142,442,5,30,3,0.022,1.8,0.94255,0.25476,"Delphinium bicolor","Thermopsis rhombifolia",0.0146341463414634,"random",5,7,3,4,7,4,3,4,0.75
142,448,5,18,0,0.013,1.1,0.27944,1,"Delphinium bicolor","Tragopogon dubius",-0.0134146341463415,"random",5,7,3,5,10,6,3,6,0.5
142,454,5,18,0,0.013,1.1,0.27944,1,"Delphinium bicolor","Trifolium pratense",-0.0134146341463415,"random",5,7,3,6,10,5,2,6,0.333333333333333
146,160,3,32,0,0.014,1.2,0.22132,1,"Dieteria canescens","Elaeagnus commutata",-0.0146341463414634,"random",6,10,5,5,9,5,4,6,0.666666666666667
146,186,3,28,0,0.012,1,0.28008,1,"Dieteria canescens","Galium boreale",-0.0121951219512195,"random",6,10,5,6,8,3,3,5,0.6
146,258,3,30,0,0.013,1.1,0.24955,1,"Dieteria canescens","Maianthemum stellatum",-0.0134146341463415,"random",6,10,5,5,7,3,2,6,0.333333333333333
146,430,3,30,1,0.013,1.1,0.69874,0.75045,"Dieteria canescens","Symphoricarpos occidentalis",-0.00121951219512195,"random",6,10,5,6,8,3,3,5,0.6
146,442,3,30,1,0.013,1.1,0.69874,0.75045,"Dieteria canescens","Thermopsis rhombifolia",-0.00121951219512195,"random",6,10,5,4,7,4,2,7,0.285714285714286
154,160,3,32,2,0.014,1.2,0.94399,0.33604,"Dryas drummondii","Elaeagnus commutata",0.00975609756097561,"random",5,7,3,5,9,5,3,5,0.6
154,186,3,28,1,0.012,1,0.73252,0.71992,"Dryas drummondii","Galium boreale",0,"random",5,7,3,6,8,3,2,4,0.5
154,258,3,30,1,0.013,1.1,0.69874,0.75045,"Dryas drummondii","Maianthemum stellatum",-0.00121951219512195,"random",5,7,3,5,7,3,3,3,1
154,430,3,30,0,0.013,1.1,0.24955,1,"Dryas drummondii","Symphoricarpos occidentalis",-0.0134146341463415,"random",5,7,3,6,8,3,2,4,0.5
154,442,3,30,0,0.013,1.1,0.24955,1,"Dryas drummondii","Thermopsis rhombifolia",-0.0134146341463415,"random",5,7,3,4,7,4,3,4,0.75
156,160,4,32,0,0.019,1.6,0.13167,1,"Drymocallis arguta","Elaeagnus commutata",-0.0195121951219512,"random",6,8,3,5,9,5,3,5,0.6
156,171,4,21,0,0.012,1,0.29836,1,"Drymocallis arguta","Eriogonum flavum",-0.0121951219512195,"random",6,8,3,5,9,5,3,5,0.6
156,181,4,23,1,0.014,1.1,0.6877,0.73979,"Drymocallis arguta","Fragaria virginiana",-0.00121951219512195,"random",6,8,3,5,11,7,3,7,0.428571428571429
156,183,4,22,3,0.013,1.1,0.99582,0.05701,"Drymocallis arguta","Gaillardia aristata",0.0231707317073171,"random",6,8,3,6,10,5,3,5,0.6
156,186,4,28,2,0.017,1.4,0.88715,0.42211,"Drymocallis arguta","Galium boreale",0.00731707317073171,"random",6,8,3,6,8,3,3,3,1
156,192,4,22,1,0.013,1.1,0.70922,0.7212,"Drymocallis arguta","Geum triflorum",-0.00121951219512195,"random",6,8,3,4,7,4,2,5,0.4
156,239,4,23,2,0.014,1.1,0.9352,0.3123,"Drymocallis arguta","Linum lewisii",0.0109756097560976,"random",6,8,3,5,10,6,3,6,0.5
156,258,4,30,1,0.018,1.5,0.53384,0.84522,"Drymocallis arguta","Maianthemum stellatum",-0.00609756097560976,"random",6,8,3,5,7,3,2,4,0.5
156,354,4,23,1,0.014,1.1,0.6877,0.73979,"Drymocallis arguta","Prunus virginiana",-0.00121951219512195,"random",6,8,3,4,7,4,2,5,0.4
156,356,4,25,1,0.015,1.2,0.64407,0.77416,"Drymocallis arguta","Pulsatilla nuttalliana",-0.0024390243902439,"random",6,8,3,3,11,9,3,9,0.333333333333333
156,409,4,25,0,0.015,1.2,0.22584,1,"Drymocallis arguta","Shepherdia canadensis",-0.0146341463414634,"random",6,8,3,4,5,2,0,5,0
156,430,4,30,0,0.018,1.5,0.15478,1,"Drymocallis arguta","Symphoricarpos occidentalis",-0.0182926829268293,"random",6,8,3,6,8,3,3,3,1
156,442,4,30,0,0.018,1.5,0.15478,1,"Drymocallis arguta","Thermopsis rhombifolia",-0.0182926829268293,"random",6,8,3,4,7,4,2,5,0.4
159,160,3,32,1,0.014,1.2,0.66396,0.77868,"Elaeagnus angustifolia","Elaeagnus commutata",-0.0024390243902439,"random",6,6,1,5,9,5,1,5,0.2
159,186,3,28,0,0.012,1,0.28008,1,"Elaeagnus angustifolia","Galium boreale",-0.0121951219512195,"random",6,6,1,6,8,3,1,3,0.333333333333333
159,258,3,30,1,0.013,1.1,0.69874,0.75045,"Elaeagnus angustifolia","Maianthemum stellatum",-0.00121951219512195,"random",6,6,1,5,7,3,1,3,0.333333333333333
159,430,3,30,1,0.013,1.1,0.69874,0.75045,"Elaeagnus angustifolia","Symphoricarpos occidentalis",-0.00121951219512195,"random",6,6,1,6,8,3,1,3,0.333333333333333
159,442,3,30,1,0.013,1.1,0.69874,0.75045,"Elaeagnus angustifolia","Thermopsis rhombifolia",-0.00121951219512195,"random",6,6,1,4,7,4,1,4,0.25
160,167,32,4,3,0.019,1.6,0.97944,0.16235,"Elaeagnus commutata","Erigeron caespitosus",0.0170731707317073,"random",5,9,5,6,9,4,4,5,0.8
160,168,32,3,0,0.014,1.2,0.22132,1,"Elaeagnus commutata","Erigeron compositus",-0.0146341463414634,"random",5,9,5,5,10,6,5,6,0.833333333333333
160,170,32,3,0,0.014,1.2,0.22132,1,"Elaeagnus commutata","Eriocoma hymenoides",-0.0146341463414634,"random",5,9,5,5,6,2,2,5,0.4
160,171,32,21,3,0.1,8.2,0.00579,0.99909,"Elaeagnus commutata","Eriogonum flavum",-0.0634146341463415,"negative",5,9,5,5,9,5,5,5,1
160,172,32,4,0,0.019,1.6,0.13167,1,"Elaeagnus commutata","Eriogonum umbellatum",-0.0195121951219512,"random",5,9,5,6,9,4,4,5,0.8
160,178,32,5,2,0.024,2,0.70404,0.65225,"Elaeagnus commutata","Euphorbia virgata",0,"random",5,9,5,5,9,5,5,5,1
160,179,32,5,3,0.024,2,0.92672,0.29596,"Elaeagnus commutata","Eurybia conspicua",0.0121951219512195,"random",5,9,5,7,10,4,3,6,0.5
160,180,32,4,1,0.019,1.6,0.49026,0.86833,"Elaeagnus commutata","Eurybia sibirica",-0.00731707317073171,"random",5,9,5,6,10,5,4,6,0.666666666666667
160,181,32,23,8,0.109,9,0.40855,0.77,"Elaeagnus commutata","Fragaria virginiana",-0.0121951219512195,"random",5,9,5,5,11,7,5,7,0.714285714285714
160,183,32,22,12,0.105,8.6,0.97657,0.06906,"Elaeagnus commutata","Gaillardia aristata",0.0414634146341463,"random",5,9,5,6,10,5,4,6,0.666666666666667
160,184,32,6,4,0.029,2.3,0.96866,0.15714,"Elaeagnus commutata","Galearis rotundifolia",0.0207317073170732,"random",5,9,5,6,7,2,2,5,0.4
160,186,32,28,15,0.133,10.9,0.9852,0.04452,"Elaeagnus commutata","Galium boreale",0.05,"positive",5,9,5,6,8,3,3,5,0.6
160,190,32,12,1,0.057,4.7,0.01589,0.99853,"Elaeagnus commutata","Geranium viscosissimum",-0.0451219512195122,"negative",5,9,5,5,11,7,5,7,0.714285714285714
160,192,32,22,6,0.105,8.6,0.14305,0.94474,"Elaeagnus commutata","Geum triflorum",-0.0317073170731707,"random",5,9,5,4,7,4,3,6,0.5
160,193,32,14,8,0.067,5.5,0.96493,0.11109,"Elaeagnus commutata","Glycyrrhiza lepidota",0.0304878048780488,"random",5,9,5,6,8,3,3,5,0.6
160,195,32,13,3,0.062,5.1,0.16525,0.94896,"Elaeagnus commutata","Grindelia squarrosa",-0.025609756097561,"random",5,9,5,7,11,5,3,7,0.428571428571429
160,196,32,14,3,0.067,5.5,0.11724,0.96702,"Elaeagnus commutata","Gutierrezia sarothrae",-0.0304878048780488,"random",5,9,5,6,9,4,4,5,0.8
160,199,32,11,7,0.052,4.3,0.98258,0.07277,"Elaeagnus commutata","Hedysarum alpinum",0.0329268292682927,"random",5,9,5,5,9,5,5,5,1
160,200,32,16,10,0.076,6.2,0.99203,0.03253,"Elaeagnus commutata","Hedysarum boreale",0.0463414634146341,"positive",5,9,5,4,10,7,5,7,0.714285714285714
160,201,32,3,0,0.014,1.2,0.22132,1,"Elaeagnus commutata","Hedysarum sulphurescens",-0.0146341463414634,"random",5,9,5,5,8,4,4,5,0.8
160,202,32,6,2,0.029,2.3,0.56522,0.76099,"Elaeagnus commutata","Helianthus annuus",-0.00365853658536585,"random",5,9,5,6,11,6,4,7,0.571428571428571
160,204,32,4,3,0.019,1.6,0.97944,0.16235,"Elaeagnus commutata","Helianthus pauciflorus",0.0170731707317073,"random",5,9,5,7,9,3,3,5,0.6
160,206,32,8,3,0.038,3.1,0.62074,0.67412,"Elaeagnus commutata","Heracleum maximum",-0.00121951219512195,"random",5,9,5,6,8,3,3,5,0.6
160,207,32,5,0,0.024,2,0.07765,1,"Elaeagnus commutata","Hesperostipa comata",-0.024390243902439,"random",5,9,5,6,6,1,1,5,0.2
160,208,32,13,4,0.062,5.1,0.36721,0.83475,"Elaeagnus commutata","Heterotheca villosa",-0.0134146341463415,"random",5,9,5,6,10,5,4,6,0.666666666666667
160,209,32,4,0,0.019,1.6,0.13167,1,"Elaeagnus commutata","Heuchera cylindrica",-0.0195121951219512,"random",5,9,5,6,9,4,4,5,0.8
160,210,32,4,2,0.019,1.6,0.83765,0.50974,"Elaeagnus commutata","Heuchera richardsonii",0.0048780487804878,"random",5,9,5,6,7,2,2,5,0.4
160,214,32,6,3,0.029,2.3,0.84286,0.43478,"Elaeagnus commutata","Hordeum jubatum",0.00853658536585366,"random",5,9,5,6,7,2,2,5,0.4
160,216,32,7,0,0.033,2.7,0.02627,1,"Elaeagnus commutata","Hymenoxys richardsonii",-0.0329268292682927,"negative",5,9,5,5,7,3,3,5,0.6
160,217,32,7,3,0.033,2.7,0.73692,0.56355,"Elaeagnus commutata","Hyoscyamus niger",0.00365853658536585,"random",5,9,5,5,10,6,5,6,0.833333333333333
160,220,32,3,3,0.014,1.2,1,0.05601,"Elaeagnus commutata","Juncus balticus",0.0219512195121951,"random",5,9,5,5,7,3,3,5,0.6
160,221,32,4,1,0.019,1.6,0.49026,0.86833,"Elaeagnus commutata","Koeleria macrantha",-0.00731707317073171,"random",5,9,5,6,7,2,2,5,0.4
160,222,32,7,0,0.033,2.7,0.02627,1,"Elaeagnus commutata","Krascheninnikovia lanata",-0.0329268292682927,"negative",5,9,5,5,9,4,5,5,1
160,224,32,3,2,0.014,1.2,0.94399,0.33604,"Elaeagnus commutata","Lactuca serriola",0.00975609756097561,"random",5,9,5,7,10,4,3,6,0.5
160,225,32,3,3,0.014,1.2,1,0.05601,"Elaeagnus commutata","Lappula squarrosa",0.0219512195121951,"random",5,9,5,6,10,5,4,6,0.666666666666667
160,226,32,4,1,0.019,1.6,0.49026,0.86833,"Elaeagnus commutata","Lathyrus ochroleucus",-0.00731707317073171,"random",5,9,5,5,7,3,3,5,0.6
160,227,32,4,0,0.019,1.6,0.13167,1,"Elaeagnus commutata","Lepidium densiflorum",-0.0195121951219512,"random",5,9,5,6,7,2,2,5,0.4
160,231,32,5,2,0.024,2,0.70404,0.65225,"Elaeagnus commutata","Leucanthemum vulgare",0,"random",5,9,5,6,10,5,4,6,0.666666666666667
160,233,32,14,1,0.067,5.5,0.00559,0.99957,"Elaeagnus commutata","Liatris punctata",-0.0548780487804878,"negative",5,9,5,7,10,4,3,6,0.5
160,234,32,5,4,0.024,2,0.99262,0.07328,"Elaeagnus commutata","Lilium philadelphicum",0.024390243902439,"random",5,9,5,5,9,5,5,5,1
160,235,32,4,1,0.019,1.6,0.49026,0.86833,"Elaeagnus commutata","Linaria dalmatica",-0.00731707317073171,"random",5,9,5,5,10,6,5,6,0.833333333333333
160,236,32,11,8,0.052,4.3,0.99731,0.01742,"Elaeagnus commutata","Linaria vulgaris",0.0451219512195122,"positive",5,9,5,5,10,6,5,6,0.833333333333333
160,239,32,23,14,0.109,9,0.99718,0.01173,"Elaeagnus commutata","Linum lewisii",0.0609756097560976,"positive",5,9,5,5,10,6,5,6,0.833333333333333
160,240,32,6,2,0.029,2.3,0.56522,0.76099,"Elaeagnus commutata","Lithospermum incisum",-0.00365853658536585,"random",5,9,5,4,6,3,2,6,0.333333333333333
160,241,32,13,2,0.062,5.1,0.05104,0.9905,"Elaeagnus commutata","Lithospermum ruderale",-0.0378048780487805,"random",5,9,5,5,7,3,3,5,0.6
160,243,32,3,0,0.014,1.2,0.22132,1,"Elaeagnus commutata","Lomatium foeniculaceum",-0.0146341463414634,"random",5,9,5,4,6,3,2,6,0.333333333333333
160,246,32,12,10,0.057,4.7,0.99992,0.00103,"Elaeagnus commutata","Lonicera dioica",0.0646341463414634,"positive",5,9,5,6,7,2,2,5,0.4
160,248,32,4,4,0.019,1.6,1,0.02056,"Elaeagnus commutata","Lonicera tatarica",0.0292682926829268,"positive",5,9,5,4,7,4,3,6,0.5
160,250,32,6,4,0.029,2.3,0.96866,0.15714,"Elaeagnus commutata","Lotus corniculatus",0.0207317073170732,"random",5,9,5,5,9,5,5,5,1
160,252,32,3,0,0.014,1.2,0.22132,1,"Elaeagnus commutata","Lupinus sericeus",-0.0146341463414634,"random",5,9,5,6,7,2,2,5,0.4
160,253,32,7,3,0.033,2.7,0.73692,0.56355,"Elaeagnus commutata","Lygodesmia juncea",0.00365853658536585,"random",5,9,5,6,10,5,4,6,0.666666666666667
160,256,32,4,0,0.019,1.6,0.13167,1,"Elaeagnus commutata","Mahonia repens",-0.0195121951219512,"random",5,9,5,6,6,1,1,5,0.2
160,257,32,4,0,0.019,1.6,0.13167,1,"Elaeagnus commutata","Maianthemum racemosum",-0.0195121951219512,"random",5,9,5,5,7,3,3,5,0.6
160,258,32,30,19,0.143,11.7,0.99988,7e-04,"Elaeagnus commutata","Maianthemum stellatum",0.0890243902439024,"positive",5,9,5,5,7,3,3,5,0.6
160,261,32,10,7,0.048,3.9,0.99329,0.03755,"Elaeagnus commutata","Medicago lupulina",0.0378048780487805,"positive",5,9,5,5,11,7,5,7,0.714285714285714
160,262,32,10,5,0.048,3.9,0.8649,0.33455,"Elaeagnus commutata","Medicago sativa",0.0134146341463415,"random",5,9,5,5,10,6,5,6,0.833333333333333
160,264,32,9,6,0.043,3.5,0.98404,0.07657,"Elaeagnus commutata","Melilotus albus",0.0304878048780488,"random",5,9,5,6,11,6,4,7,0.571428571428571
160,265,32,14,9,0.067,5.5,0.99196,0.03507,"Elaeagnus commutata","Melilotus officinalis",0.0426829268292683,"positive",5,9,5,5,11,7,5,7,0.714285714285714
160,271,32,3,1,0.014,1.2,0.66396,0.77868,"Elaeagnus commutata","Mertensia paniculata",-0.0024390243902439,"random",5,9,5,5,10,6,5,6,0.833333333333333
160,275,32,18,9,0.086,7,0.91119,0.20891,"Elaeagnus commutata","Monarda fistulosa",0.024390243902439,"random",5,9,5,5,9,5,5,5,1
160,278,32,11,4,0.052,4.3,0.56158,0.69494,"Elaeagnus commutata","Musineon divaricatum",-0.00365853658536585,"random",5,9,5,4,7,4,3,6,0.5
160,280,32,3,1,0.014,1.2,0.66396,0.77868,"Elaeagnus commutata","Nassella viridula",-0.0024390243902439,"random",5,9,5,5,7,3,3,5,0.6
160,285,32,13,4,0.062,5.1,0.36721,0.83475,"Elaeagnus commutata","Oenothera suffrutescens",-0.0134146341463415,"random",5,9,5,5,8,4,4,5,0.8
160,286,32,15,1,0.071,5.9,0.00324,0.99977,"Elaeagnus commutata","Opuntia polyacantha",-0.0597560975609756,"negative",5,9,5,5,8,4,4,5,0.8
160,287,32,6,1,0.029,2.3,0.23901,0.95462,"Elaeagnus commutata","Oreocarya glomerata",-0.0158536585365854,"random",5,9,5,5,8,4,4,5,0.8
160,290,32,9,6,0.043,3.5,0.98404,0.07657,"Elaeagnus commutata","Oxytropis campestris",0.0304878048780488,"random",5,9,5,5,9,5,5,5,1
160,292,32,9,1,0.043,3.5,0.06717,0.99145,"Elaeagnus commutata","Oxytropis sericea",-0.0304878048780488,"random",5,9,5,5,6,2,2,5,0.4
160,292,32,9,1,0.043,3.5,0.06717,0.99145,"Elaeagnus commutata","Oxytropis sericea",-0.0304878048780488,"random",5,9,5,5,6,2,2,5,0.4
160,293,32,6,3,0.029,2.3,0.84286,0.43478,"Elaeagnus commutata","Oxytropis splendens",0.00853658536585366,"random",5,9,5,6,8,3,3,5,0.6
160,295,32,5,3,0.024,2,0.92672,0.29596,"Elaeagnus commutata","Packera cana",0.0121951219512195,"random",5,9,5,5,8,4,4,5,0.8
160,296,32,3,2,0.014,1.2,0.94399,0.33604,"Elaeagnus commutata","Packera paupercula",0.00975609756097561,"random",5,9,5,6,10,5,4,6,0.666666666666667
160,298,32,3,1,0.014,1.2,0.66396,0.77868,"Elaeagnus commutata","Paronychia sessiliflora",-0.0024390243902439,"random",5,9,5,6,8,3,3,5,0.6
160,300,32,4,0,0.019,1.6,0.13167,1,"Elaeagnus commutata","Pedicularis bracteosa",-0.0195121951219512,"random",5,9,5,6,8,3,3,5,0.6
160,303,32,4,2,0.019,1.6,0.83765,0.50974,"Elaeagnus commutata","Pediomelum esculentum",0.0048780487804878,"random",5,9,5,6,7,2,2,5,0.4
160,304,32,8,1,0.038,3.1,0.10474,0.98494,"Elaeagnus commutata","Pelecyphora vivipara",-0.025609756097561,"random",5,9,5,5,7,3,3,5,0.6
160,305,32,3,0,0.014,1.2,0.22132,1,"Elaeagnus commutata","Penstemon albertinus",-0.0146341463414634,"random",5,9,5,6,7,2,2,5,0.4
160,306,32,4,0,0.019,1.6,0.13167,1,"Elaeagnus commutata","Penstemon albidus",-0.0195121951219512,"random",5,9,5,5,7,3,3,5,0.6
160,307,32,6,0,0.029,2.3,0.04538,1,"Elaeagnus commutata","Penstemon confertus",-0.0280487804878049,"negative",5,9,5,6,8,3,3,5,0.6
160,310,32,15,4,0.071,5.9,0.21607,0.91869,"Elaeagnus commutata","Penstemon nitidus",-0.0231707317073171,"random",5,9,5,4,7,4,3,6,0.5
160,315,32,6,4,0.029,2.3,0.96866,0.15714,"Elaeagnus commutata","Petasites frigidus",0.0207317073170732,"random",5,9,5,4,9,6,5,6,0.833333333333333
160,318,32,4,3,0.019,1.6,0.97944,0.16235,"Elaeagnus commutata","Phalaris arundinacea",0.0170731707317073,"random",5,9,5,5,10,6,5,6,0.833333333333333
160,320,32,6,4,0.029,2.3,0.96866,0.15714,"Elaeagnus commutata","Phleum pratense",0.0207317073170732,"random",5,9,5,7,7,1,1,5,0.2
160,321,32,15,5,0.071,5.9,0.42361,0.78393,"Elaeagnus commutata","Phlox hoodii",-0.0109756097560976,"random",5,9,5,3,10,8,5,8,0.625
160,323,32,6,1,0.029,2.3,0.23901,0.95462,"Elaeagnus commutata","Physaria arenosa",-0.0158536585365854,"random",5,9,5,4,7,4,3,6,0.5
160,327,32,5,3,0.024,2,0.92672,0.29596,"Elaeagnus commutata","Plantago major",0.0121951219512195,"random",5,9,5,6,8,3,3,5,0.6
160,328,32,5,0,0.024,2,0.07765,1,"Elaeagnus commutata","Plantago patagonica",-0.024390243902439,"random",5,9,5,6,8,3,3,5,0.6
160,335,32,3,2,0.014,1.2,0.94399,0.33604,"Elaeagnus commutata","Poa pratensis",0.00975609756097561,"random",5,9,5,5,9,5,5,5,1
160,337,32,5,0,0.024,2,0.07765,1,"Elaeagnus commutata","Polemonium pulcherrimum",-0.024390243902439,"random",5,9,5,4,9,6,5,6,0.833333333333333
160,338,32,6,6,0.029,2.3,1,0.00259,"Elaeagnus commutata","Polygala senega",0.0451219512195122,"positive",5,9,5,5,7,3,3,5,0.6
160,340,32,6,3,0.029,2.3,0.84286,0.43478,"Elaeagnus commutata","Populus balsamifera",0.00853658536585366,"random",5,9,5,4,5,2,1,6,0.166666666666667
160,342,32,17,11,0.081,6.6,0.99649,0.01616,"Elaeagnus commutata","Populus tremuloides",0.0536585365853659,"positive",5,9,5,4,4,1,0,6,0
160,343,32,10,5,0.048,3.9,0.8649,0.33455,"Elaeagnus commutata","Potentilla concinna",0.0134146341463415,"random",5,9,5,4,6,3,2,6,0.333333333333333
160,345,32,3,1,0.014,1.2,0.66396,0.77868,"Elaeagnus commutata","Potentilla gracilis",-0.0024390243902439,"random",5,9,5,6,8,3,3,5,0.6
160,348,32,3,0,0.014,1.2,0.22132,1,"Elaeagnus commutata","Potentilla pulcherrima",-0.0146341463414634,"random",5,9,5,6,10,5,4,6,0.666666666666667
160,351,32,4,0,0.019,1.6,0.13167,1,"Elaeagnus commutata","Prosartes trachycarpa",-0.0195121951219512,"random",5,9,5,4,6,3,2,6,0.333333333333333
160,354,32,23,9,0.109,9,0.60695,0.59145,"Elaeagnus commutata","Prunus virginiana",0,"random",5,9,5,4,7,4,3,6,0.5
160,356,32,25,7,0.119,9.8,0.1332,0.94715,"Elaeagnus commutata","Pulsatilla nuttalliana",-0.0341463414634146,"random",5,9,5,3,11,9,5,9,0.555555555555556
160,358,32,10,3,0.048,3.9,0.39834,0.83324,"Elaeagnus commutata","Pyrola asarifolia",-0.0109756097560976,"random",5,9,5,6,9,4,4,5,0.8
160,359,32,4,1,0.019,1.6,0.49026,0.86833,"Elaeagnus commutata","Ranunculus acris",-0.00731707317073171,"random",5,9,5,5,10,6,5,6,0.833333333333333
160,362,32,6,1,0.029,2.3,0.23901,0.95462,"Elaeagnus commutata","Ratibida columnifera",-0.0158536585365854,"random",5,9,5,6,10,5,4,6,0.666666666666667
160,366,32,3,1,0.014,1.2,0.66396,0.77868,"Elaeagnus commutata","Rhododendron groenlandicum",-0.0024390243902439,"random",5,9,5,5,7,3,3,5,0.6
160,368,32,10,1,0.048,3.9,0.04228,0.9952,"Elaeagnus commutata","Rhus aromatica",-0.0353658536585366,"negative",5,9,5,5,5,1,1,5,0.2
160,371,32,7,6,0.033,2.7,0.99911,0.0128,"Elaeagnus commutata","Ribes oxyacanthoides",0.0402439024390244,"positive",5,9,5,5,6,2,2,5,0.4
160,373,32,8,6,0.038,3.1,0.99498,0.03616,"Elaeagnus commutata","Rosa acicularis",0.0353658536585366,"positive",5,9,5,5,7,3,3,5,0.6
160,374,32,8,3,0.038,3.1,0.62074,0.67412,"Elaeagnus commutata","Rosa arkansana",-0.00121951219512195,"random",5,9,5,6,9,4,4,5,0.8
160,376,32,18,11,0.086,7,0.9924,0.02962,"Elaeagnus commutata","Rosa woodsii",0.0487804878048781,"positive",5,9,5,6,8,3,3,5,0.6
160,377,32,4,4,0.019,1.6,1,0.02056,"Elaeagnus commutata","Rubus idaeus",0.0292682926829268,"positive",5,9,5,6,7,2,2,5,0.4
160,382,32,3,0,0.014,1.2,0.22132,1,"Elaeagnus commutata","Salix barrattiana",-0.0146341463414634,"random",5,9,5,5,7,3,3,5,0.6
160,383,32,4,2,0.019,1.6,0.83765,0.50974,"Elaeagnus commutata","Salix bebbiana",0.0048780487804878,"random",5,9,5,5,8,4,4,5,0.8
160,389,32,5,1,0.024,2,0.34775,0.92235,"Elaeagnus commutata","Salix glauca",-0.0121951219512195,"random",5,9,5,6,7,2,2,5,0.4
160,390,32,10,7,0.048,3.9,0.99329,0.03755,"Elaeagnus commutata","Salix interior",0.0378048780487805,"positive",5,9,5,5,7,3,3,5,0.6
160,393,32,4,0,0.019,1.6,0.13167,1,"Elaeagnus commutata","Salsola tragus",-0.0195121951219512,"random",5,9,5,7,10,4,3,6,0.5
160,396,32,3,0,0.014,1.2,0.22132,1,"Elaeagnus commutata","Sarcobatus vermiculatus",-0.0146341463414634,"random",5,9,5,6,7,2,2,5,0.4
160,408,32,8,6,0.038,3.1,0.99498,0.03616,"Elaeagnus commutata","Shepherdia argentea",0.0353658536585366,"positive",5,9,5,4,5,2,1,6,0.166666666666667
160,409,32,25,16,0.119,9.8,0.99953,0.00246,"Elaeagnus commutata","Shepherdia canadensis",0.075609756097561,"positive",5,9,5,4,5,2,1,6,0.166666666666667
160,412,32,7,4,0.033,2.7,0.92231,0.26308,"Elaeagnus commutata","Sisymbrium loeselii",0.0158536585365854,"random",5,9,5,5,10,6,5,6,0.833333333333333
160,413,32,7,7,0.033,2.7,1,0.00089,"Elaeagnus commutata","Sisyrinchium montanum",0.0524390243902439,"positive",5,9,5,5,8,4,4,5,0.8
160,417,32,8,4,0.038,3.1,0.8531,0.37926,"Elaeagnus commutata","Solidago missouriensis",0.0109756097560976,"random",5,9,5,6,9,4,4,5,0.8
160,419,32,3,0,0.014,1.2,0.22132,1,"Elaeagnus commutata","Solidago multiradiata",-0.0146341463414634,"random",5,9,5,6,9,4,4,5,0.8
160,420,32,3,2,0.014,1.2,0.94399,0.33604,"Elaeagnus commutata","Solidago rigida",0.00975609756097561,"random",5,9,5,7,10,4,3,6,0.5
160,422,32,3,3,0.014,1.2,1,0.05601,"Elaeagnus commutata","Sonchus arvensis",0.0219512195121951,"random",5,9,5,7,10,4,3,6,0.5
160,423,32,8,0,0.038,3.1,0.01506,1,"Elaeagnus commutata","Sphaeralcea coccinea",-0.0378048780487805,"negative",5,9,5,5,9,5,5,5,1
160,426,32,3,0,0.014,1.2,0.22132,1,"Elaeagnus commutata","Sporobolus rigidus",-0.0146341463414634,"random",5,9,5,7,8,2,2,5,0.4
160,430,32,30,16,0.143,11.7,0.98768,0.03769,"Elaeagnus commutata","Symphoricarpos occidentalis",0.0524390243902439,"positive",5,9,5,6,8,3,3,5,0.6
160,432,32,3,1,0.014,1.2,0.66396,0.77868,"Elaeagnus commutata","Symphyotrichum ericoides",-0.0024390243902439,"random",5,9,5,7,10,4,3,6,0.5
160,434,32,16,12,0.076,6.2,0.99982,0.00142,"Elaeagnus commutata","Symphyotrichum laeve",0.0707317073170732,"positive",5,9,5,6,10,5,4,6,0.666666666666667
160,437,32,7,5,0.033,2.7,0.9872,0.07769,"Elaeagnus commutata","Tanacetum vulgare",0.0280487804878049,"random",5,9,5,7,10,4,3,6,0.5
160,438,32,12,6,0.057,4.7,0.87701,0.2968,"Elaeagnus commutata","Taraxacum officinale",0.0158536585365854,"random",5,9,5,3,11,9,5,9,0.555555555555556
160,442,32,30,13,0.143,11.7,0.80053,0.35342,"Elaeagnus commutata","Thermopsis rhombifolia",0.0158536585365854,"random",5,9,5,4,7,4,3,6,0.5
160,444,32,10,3,0.048,3.9,0.39834,0.83324,"Elaeagnus commutata","Thlaspi arvense",-0.0109756097560976,"random",5,9,5,4,9,6,5,6,0.833333333333333
160,448,32,18,12,0.086,7,0.99854,0.0076,"Elaeagnus commutata","Tragopogon dubius",0.0609756097560976,"positive",5,9,5,5,10,6,5,6,0.833333333333333
160,450,32,5,2,0.024,2,0.70404,0.65225,"Elaeagnus commutata","Triantha glutinosa",0,"random",5,9,5,6,8,3,3,5,0.6
160,453,32,4,3,0.019,1.6,0.97944,0.16235,"Elaeagnus commutata","Trifolium hybridum",0.0170731707317073,"random",5,9,5,6,10,5,4,6,0.666666666666667
160,454,32,18,11,0.086,7,0.9924,0.02962,"Elaeagnus commutata","Trifolium pratense",0.0487804878048781,"positive",5,9,5,6,10,5,4,6,0.666666666666667
160,455,32,5,3,0.024,2,0.92672,0.29596,"Elaeagnus commutata","Trifolium repens",0.0121951219512195,"random",5,9,5,5,10,6,5,6,0.833333333333333
160,458,32,7,5,0.033,2.7,0.9872,0.07769,"Elaeagnus commutata","Tripleurospermum inodorum",0.0280487804878049,"random",5,9,5,5,11,7,5,7,0.714285714285714
160,460,32,6,3,0.029,2.3,0.84286,0.43478,"Elaeagnus commutata","Typha latifolia",0.00853658536585366,"random",5,9,5,6,7,2,2,5,0.4
160,461,32,3,0,0.014,1.2,0.22132,1,"Elaeagnus commutata","Urtica gracilis",-0.0146341463414634,"random",5,9,5,6,8,3,3,5,0.6
160,468,32,3,0,0.014,1.2,0.22132,1,"Elaeagnus commutata","Valeriana sitchensis",-0.0146341463414634,"random",5,9,5,6,9,4,4,5,0.8
160,469,32,3,0,0.014,1.2,0.22132,1,"Elaeagnus commutata","Veratrum viride",-0.0146341463414634,"random",5,9,5,7,8,2,2,5,0.4
160,470,32,3,1,0.014,1.2,0.66396,0.77868,"Elaeagnus commutata","Verbascum thapsus",-0.0024390243902439,"random",5,9,5,6,10,5,4,6,0.666666666666667
160,471,32,3,0,0.014,1.2,0.22132,1,"Elaeagnus commutata","Verbena bracteata",-0.0146341463414634,"random",5,9,5,6,10,5,4,6,0.666666666666667
160,473,32,3,2,0.014,1.2,0.94399,0.33604,"Elaeagnus commutata","Viburnum edule",0.00975609756097561,"random",5,9,5,5,8,4,4,5,0.8
160,475,32,16,6,0.076,6.2,0.563,0.66003,"Elaeagnus commutata","Vicia americana",-0.0024390243902439,"random",5,9,5,5,9,5,5,5,1
160,476,32,14,9,0.067,5.5,0.99196,0.03507,"Elaeagnus commutata","Vicia cracca",0.0426829268292683,"positive",5,9,5,5,11,7,5,7,0.714285714285714
160,477,32,15,9,0.071,5.9,0.98282,0.0619,"Elaeagnus commutata","Viola adunca",0.0378048780487805,"random",5,9,5,4,9,6,5,6,0.833333333333333
160,478,32,3,0,0.014,1.2,0.22132,1,"Elaeagnus commutata","Viola canadensis",-0.0146341463414634,"random",5,9,5,5,10,6,5,6,0.833333333333333
160,479,32,6,2,0.029,2.3,0.56522,0.76099,"Elaeagnus commutata","Viola nuttallii",-0.00365853658536585,"random",5,9,5,4,6,3,2,6,0.333333333333333
160,484,32,3,0,0.014,1.2,0.22132,1,"Elaeagnus commutata","Xanthisma spinulosum",-0.0146341463414634,"random",5,9,5,6,10,5,4,6,0.666666666666667
160,486,32,3,0,0.014,1.2,0.22132,1,"Elaeagnus commutata","Xerophyllum tenax",-0.0146341463414634,"random",5,9,5,5,8,4,4,5,0.8
160,488,32,14,10,0.067,5.5,0.99872,0.00804,"Elaeagnus commutata","Zizia aptera",0.0548780487804878,"positive",5,9,5,5,7,3,3,5,0.6
167,171,4,21,2,0.012,1,0.95019,0.26952,"Erigeron caespitosus","Eriogonum flavum",0.0121951219512195,"random",6,9,4,5,9,5,4,5,0.8
167,181,4,23,1,0.014,1.1,0.6877,0.73979,"Erigeron caespitosus","Fragaria virginiana",-0.00121951219512195,"random",6,9,4,5,11,7,4,7,0.571428571428571
167,183,4,22,4,0.013,1.1,1,0.00418,"Erigeron caespitosus","Gaillardia aristata",0.0353658536585366,"positive",6,9,4,6,10,5,4,5,0.8
167,186,4,28,3,0.017,1.4,0.98829,0.11285,"Erigeron caespitosus","Galium boreale",0.0195121951219512,"random",6,9,4,6,8,3,3,4,0.75
167,192,4,22,1,0.013,1.1,0.70922,0.7212,"Erigeron caespitosus","Geum triflorum",-0.00121951219512195,"random",6,9,4,4,7,4,2,6,0.333333333333333
167,239,4,23,2,0.014,1.1,0.9352,0.3123,"Erigeron caespitosus","Linum lewisii",0.0109756097560976,"random",6,9,4,5,10,6,4,6,0.666666666666667
167,258,4,30,3,0.018,1.5,0.98433,0.13637,"Erigeron caespitosus","Maianthemum stellatum",0.0182926829268293,"random",6,9,4,5,7,3,2,5,0.4
167,354,4,23,1,0.014,1.1,0.6877,0.73979,"Erigeron caespitosus","Prunus virginiana",-0.00121951219512195,"random",6,9,4,4,7,4,2,6,0.333333333333333
167,356,4,25,2,0.015,1.2,0.91781,0.35593,"Erigeron caespitosus","Pulsatilla nuttalliana",0.00975609756097561,"random",6,9,4,3,11,9,4,9,0.444444444444444
167,409,4,25,2,0.015,1.2,0.91781,0.35593,"Erigeron caespitosus","Shepherdia canadensis",0.00975609756097561,"random",6,9,4,4,5,2,0,6,0
167,430,4,30,3,0.018,1.5,0.98433,0.13637,"Erigeron caespitosus","Symphoricarpos occidentalis",0.0182926829268293,"random",6,9,4,6,8,3,3,4,0.75
167,442,4,30,2,0.018,1.5,0.86363,0.46616,"Erigeron caespitosus","Thermopsis rhombifolia",0.00609756097560976,"random",6,9,4,4,7,4,2,6,0.333333333333333
168,186,3,28,0,0.012,1,0.28008,1,"Erigeron compositus","Galium boreale",-0.0121951219512195,"random",5,10,6,6,8,3,3,6,0.5
168,258,3,30,1,0.013,1.1,0.69874,0.75045,"Erigeron compositus","Maianthemum stellatum",-0.00121951219512195,"random",5,10,6,5,7,3,3,6,0.5
168,430,3,30,0,0.013,1.1,0.24955,1,"Erigeron compositus","Symphoricarpos occidentalis",-0.0134146341463415,"random",5,10,6,6,8,3,3,6,0.5
168,442,3,30,0,0.013,1.1,0.24955,1,"Erigeron compositus","Thermopsis rhombifolia",-0.0134146341463415,"random",5,10,6,4,7,4,3,7,0.428571428571429
170,186,3,28,0,0.012,1,0.28008,1,"Eriocoma hymenoides","Galium boreale",-0.0121951219512195,"random",5,6,2,6,8,3,1,4,0.25
170,258,3,30,0,0.013,1.1,0.24955,1,"Eriocoma hymenoides","Maianthemum stellatum",-0.0134146341463415,"random",5,6,2,5,7,3,2,3,0.666666666666667
170,430,3,30,0,0.013,1.1,0.24955,1,"Eriocoma hymenoides","Symphoricarpos occidentalis",-0.0134146341463415,"random",5,6,2,6,8,3,1,4,0.25
170,442,3,30,1,0.013,1.1,0.69874,0.75045,"Eriocoma hymenoides","Thermopsis rhombifolia",-0.00121951219512195,"random",5,6,2,4,7,4,2,4,0.5
171,172,21,4,2,0.012,1,0.95019,0.26952,"Eriogonum flavum","Eriogonum umbellatum",0.0121951219512195,"random",5,9,5,6,9,4,4,5,0.8
171,178,21,5,0,0.016,1.3,0.21803,1,"Eriogonum flavum","Euphorbia virgata",-0.0158536585365854,"random",5,9,5,5,9,5,5,5,1
171,179,21,5,1,0.016,1.3,0.61968,0.78197,"Eriogonum flavum","Eurybia conspicua",-0.00365853658536585,"random",5,9,5,7,10,4,3,6,0.5
171,180,21,4,0,0.012,1,0.29836,1,"Eriogonum flavum","Eurybia sibirica",-0.0121951219512195,"random",5,9,5,6,10,5,4,6,0.666666666666667
171,181,21,23,1,0.072,5.9,0.00379,0.99972,"Eriogonum flavum","Fragaria virginiana",-0.0597560975609756,"negative",5,9,5,5,11,7,5,7,0.714285714285714
171,183,21,22,4,0.069,5.6,0.26347,0.89105,"Eriogonum flavum","Gaillardia aristata",-0.0195121951219512,"random",5,9,5,6,10,5,4,6,0.666666666666667
171,184,21,6,0,0.019,1.5,0.15857,1,"Eriogonum flavum","Galearis rotundifolia",-0.0182926829268293,"random",5,9,5,6,7,2,2,5,0.4
171,186,21,28,4,0.087,7.2,0.0743,0.97837,"Eriogonum flavum","Galium boreale",-0.0390243902439024,"random",5,9,5,6,8,3,3,5,0.6
171,190,21,12,3,0.037,3.1,0.63397,0.64442,"Eriogonum flavum","Geranium viscosissimum",-0.00121951219512195,"random",5,9,5,5,11,7,5,7,0.714285714285714
171,192,21,22,6,0.069,5.6,0.69492,0.5216,"Eriogonum flavum","Geum triflorum",0.00487804878048781,"random",5,9,5,4,7,4,3,6,0.5
171,193,21,14,4,0.044,3.6,0.73772,0.50775,"Eriogonum flavum","Glycyrrhiza lepidota",0.0048780487804878,"random",5,9,5,6,8,3,3,5,0.6
171,195,21,13,7,0.041,3.3,0.99691,0.01756,"Eriogonum flavum","Grindelia squarrosa",0.0451219512195122,"positive",5,9,5,7,11,5,3,7,0.428571428571429
171,196,21,14,9,0.044,3.6,0.99991,0.00089,"Eriogonum flavum","Gutierrezia sarothrae",0.0658536585365854,"positive",5,9,5,6,9,4,4,5,0.8
171,199,21,11,3,0.034,2.8,0.70489,0.57482,"Eriogonum flavum","Hedysarum alpinum",0.0024390243902439,"random",5,9,5,5,9,5,5,5,1
171,200,21,16,3,0.05,4.1,0.36286,0.84638,"Eriogonum flavum","Hedysarum boreale",-0.0134146341463415,"random",5,9,5,4,10,7,5,7,0.714285714285714
171,202,21,6,5,0.019,1.5,0.99985,0.0037,"Eriogonum flavum","Helianthus annuus",0.0426829268292683,"positive",5,9,5,6,11,6,4,7,0.571428571428571
171,204,21,4,2,0.012,1,0.95019,0.26952,"Eriogonum flavum","Helianthus pauciflorus",0.0121951219512195,"random",5,9,5,7,9,3,3,5,0.6
171,206,21,8,0,0.025,2,0.08262,1,"Eriogonum flavum","Heracleum maximum",-0.024390243902439,"random",5,9,5,6,8,3,3,5,0.6
171,207,21,5,5,0.016,1.3,1,0.00075,"Eriogonum flavum","Hesperostipa comata",0.0451219512195122,"positive",5,9,5,6,6,1,1,5,0.2
171,208,21,13,9,0.041,3.3,0.99997,0.00037,"Eriogonum flavum","Heterotheca villosa",0.0695121951219512,"positive",5,9,5,6,10,5,4,6,0.666666666666667
171,209,21,4,3,0.012,1,0.99658,0.04981,"Eriogonum flavum","Heuchera cylindrica",0.024390243902439,"positive",5,9,5,6,9,4,4,5,0.8
171,210,21,4,1,0.012,1,0.73048,0.70164,"Eriogonum flavum","Heuchera richardsonii",0,"random",5,9,5,6,7,2,2,5,0.4
171,214,21,6,1,0.019,1.5,0.51535,0.84143,"Eriogonum flavum","Hordeum jubatum",-0.00609756097560976,"random",5,9,5,6,7,2,2,5,0.4
171,216,21,7,7,0.022,1.8,1,3e-05,"Eriogonum flavum","Hymenoxys richardsonii",0.0634146341463415,"positive",5,9,5,5,7,3,3,5,0.6
171,217,21,7,3,0.022,1.8,0.93265,0.24992,"Eriogonum flavum","Hyoscyamus niger",0.0146341463414634,"random",5,9,5,5,10,6,5,6,0.833333333333333
171,221,21,4,2,0.012,1,0.95019,0.26952,"Eriogonum flavum","Koeleria macrantha",0.0121951219512195,"random",5,9,5,6,7,2,2,5,0.4
171,222,21,7,6,0.022,1.8,0.99997,9e-04,"Eriogonum flavum","Krascheninnikovia lanata",0.051219512195122,"positive",5,9,5,5,9,4,5,5,1
171,226,21,4,0,0.012,1,0.29836,1,"Eriogonum flavum","Lathyrus ochroleucus",-0.0121951219512195,"random",5,9,5,5,7,3,3,5,0.6
171,227,21,4,4,0.012,1,1,0.00342,"Eriogonum flavum","Lepidium densiflorum",0.0365853658536585,"positive",5,9,5,6,7,2,2,5,0.4
171,231,21,5,0,0.016,1.3,0.21803,1,"Eriogonum flavum","Leucanthemum vulgare",-0.0158536585365854,"random",5,9,5,6,10,5,4,6,0.666666666666667
171,233,21,14,10,0.044,3.6,0.99999,9e-05,"Eriogonum flavum","Liatris punctata",0.0780487804878049,"positive",5,9,5,7,10,4,3,6,0.5
171,234,21,5,0,0.016,1.3,0.21803,1,"Eriogonum flavum","Lilium philadelphicum",-0.0158536585365854,"random",5,9,5,5,9,5,5,5,1
171,235,21,4,3,0.012,1,0.99658,0.04981,"Eriogonum flavum","Linaria dalmatica",0.024390243902439,"positive",5,9,5,5,10,6,5,6,0.833333333333333
171,236,21,11,0,0.034,2.8,0.02986,1,"Eriogonum flavum","Linaria vulgaris",-0.0341463414634146,"negative",5,9,5,5,10,6,5,6,0.833333333333333
171,239,21,23,5,0.072,5.9,0.42109,0.78031,"Eriogonum flavum","Linum lewisii",-0.0109756097560976,"random",5,9,5,5,10,6,5,6,0.833333333333333
171,240,21,6,3,0.019,1.5,0.96502,0.17168,"Eriogonum flavum","Lithospermum incisum",0.0182926829268293,"random",5,9,5,4,6,3,2,6,0.333333333333333
171,241,21,13,2,0.041,3.3,0.29354,0.90328,"Eriogonum flavum","Lithospermum ruderale",-0.0158536585365854,"random",5,9,5,5,7,3,3,5,0.6
171,246,21,12,0,0.037,3.1,0.02103,1,"Eriogonum flavum","Lonicera dioica",-0.0378048780487805,"negative",5,9,5,6,7,2,2,5,0.4
171,248,21,4,1,0.012,1,0.73048,0.70164,"Eriogonum flavum","Lonicera tatarica",0,"random",5,9,5,4,7,4,3,6,0.5
171,250,21,6,0,0.019,1.5,0.15857,1,"Eriogonum flavum","Lotus corniculatus",-0.0182926829268293,"random",5,9,5,5,9,5,5,5,1
171,253,21,7,3,0.022,1.8,0.93265,0.24992,"Eriogonum flavum","Lygodesmia juncea",0.0146341463414634,"random",5,9,5,6,10,5,4,6,0.666666666666667
171,256,21,4,2,0.012,1,0.95019,0.26952,"Eriogonum flavum","Mahonia repens",0.0121951219512195,"random",5,9,5,6,6,1,1,5,0.2
171,257,21,4,1,0.012,1,0.73048,0.70164,"Eriogonum flavum","Maianthemum racemosum",0,"random",5,9,5,5,7,3,3,5,0.6
171,258,21,30,5,0.094,7.7,0.12485,0.95571,"Eriogonum flavum","Maianthemum stellatum",-0.0329268292682927,"random",5,9,5,5,7,3,3,5,0.6
171,261,21,10,1,0.031,2.6,0.21239,0.95785,"Eriogonum flavum","Medicago lupulina",-0.0195121951219512,"random",5,9,5,5,11,7,5,7,0.714285714285714
171,262,21,10,0,0.031,2.6,0.04215,1,"Eriogonum flavum","Medicago sativa",-0.0317073170731707,"negative",5,9,5,5,10,6,5,6,0.833333333333333
171,264,21,9,0,0.028,2.3,0.05918,1,"Eriogonum flavum","Melilotus albus",-0.0280487804878049,"random",5,9,5,6,11,6,4,7,0.571428571428571
171,265,21,14,3,0.044,3.6,0.49225,0.76066,"Eriogonum flavum","Melilotus officinalis",-0.00731707317073171,"random",5,9,5,5,11,7,5,7,0.714285714285714
171,275,21,18,4,0.056,4.6,0.48488,0.74538,"Eriogonum flavum","Monarda fistulosa",-0.0073170731707317,"random",5,9,5,5,9,5,5,5,1
171,278,21,11,5,0.034,2.8,0.97205,0.10864,"Eriogonum flavum","Musineon divaricatum",0.0268292682926829,"random",5,9,5,4,7,4,3,6,0.5
171,285,21,13,6,0.041,3.3,0.98244,0.07063,"Eriogonum flavum","Oenothera suffrutescens",0.0329268292682927,"random",5,9,5,5,8,4,4,5,0.8
171,286,21,15,14,0.047,3.8,1,0,"Eriogonum flavum","Opuntia polyacantha",0.124390243902439,"positive",5,9,5,5,8,4,4,5,0.8
171,287,21,6,6,0.019,1.5,1,0.00015,"Eriogonum flavum","Oreocarya glomerata",0.0548780487804878,"positive",5,9,5,5,8,4,4,5,0.8
171,290,21,9,0,0.028,2.3,0.05918,1,"Eriogonum flavum","Oxytropis campestris",-0.0280487804878049,"random",5,9,5,5,9,5,5,5,1
171,292,21,9,5,0.028,2.3,0.99257,0.04367,"Eriogonum flavum","Oxytropis sericea",0.0329268292682927,"positive",5,9,5,5,6,2,2,5,0.4
171,292,21,9,5,0.028,2.3,0.99257,0.04367,"Eriogonum flavum","Oxytropis sericea",0.0329268292682927,"positive",5,9,5,5,6,2,2,5,0.4
171,293,21,6,1,0.019,1.5,0.51535,0.84143,"Eriogonum flavum","Oxytropis splendens",-0.00609756097560976,"random",5,9,5,6,8,3,3,5,0.6
171,295,21,5,1,0.016,1.3,0.61968,0.78197,"Eriogonum flavum","Packera cana",-0.00365853658536585,"random",5,9,5,5,8,4,4,5,0.8
171,300,21,4,0,0.012,1,0.29836,1,"Eriogonum flavum","Pedicularis bracteosa",-0.0121951219512195,"random",5,9,5,6,8,3,3,5,0.6
171,303,21,4,1,0.012,1,0.73048,0.70164,"Eriogonum flavum","Pediomelum esculentum",0,"random",5,9,5,6,7,2,2,5,0.4
171,304,21,8,8,0.025,2,1,1e-05,"Eriogonum flavum","Pelecyphora vivipara",0.0731707317073171,"positive",5,9,5,5,7,3,3,5,0.6
171,306,21,4,3,0.012,1,0.99658,0.04981,"Eriogonum flavum","Penstemon albidus",0.024390243902439,"positive",5,9,5,5,7,3,3,5,0.6
171,307,21,6,2,0.019,1.5,0.82832,0.48465,"Eriogonum flavum","Penstemon confertus",0.00609756097560976,"random",5,9,5,6,8,3,3,5,0.6
171,310,21,15,11,0.047,3.8,1,2e-05,"Eriogonum flavum","Penstemon nitidus",0.0878048780487805,"positive",5,9,5,4,7,4,3,6,0.5
171,315,21,6,0,0.019,1.5,0.15857,1,"Eriogonum flavum","Petasites frigidus",-0.0182926829268293,"random",5,9,5,4,9,6,5,6,0.833333333333333
171,318,21,4,0,0.012,1,0.29836,1,"Eriogonum flavum","Phalaris arundinacea",-0.0121951219512195,"random",5,9,5,5,10,6,5,6,0.833333333333333
171,320,21,6,3,0.019,1.5,0.96502,0.17168,"Eriogonum flavum","Phleum pratense",0.0182926829268293,"random",5,9,5,7,7,1,1,5,0.2
171,321,21,15,10,0.047,3.8,0.99998,0.00023,"Eriogonum flavum","Phlox hoodii",0.075609756097561,"positive",5,9,5,3,10,8,5,8,0.625
171,323,21,6,4,0.019,1.5,0.9963,0.03498,"Eriogonum flavum","Physaria arenosa",0.0304878048780488,"positive",5,9,5,4,7,4,3,6,0.5
171,327,21,5,0,0.016,1.3,0.21803,1,"Eriogonum flavum","Plantago major",-0.0158536585365854,"random",5,9,5,6,8,3,3,5,0.6
171,328,21,5,5,0.016,1.3,1,0.00075,"Eriogonum flavum","Plantago patagonica",0.0451219512195122,"positive",5,9,5,6,8,3,3,5,0.6
171,337,21,5,2,0.016,1.3,0.89667,0.38032,"Eriogonum flavum","Polemonium pulcherrimum",0.00853658536585366,"random",5,9,5,4,9,6,5,6,0.833333333333333
171,338,21,6,0,0.019,1.5,0.15857,1,"Eriogonum flavum","Polygala senega",-0.0182926829268293,"random",5,9,5,5,7,3,3,5,0.6
171,340,21,6,1,0.019,1.5,0.51535,0.84143,"Eriogonum flavum","Populus balsamifera",-0.00609756097560976,"random",5,9,5,4,5,2,1,6,0.166666666666667
171,342,21,17,2,0.053,4.4,0.12101,0.9704,"Eriogonum flavum","Populus tremuloides",-0.0292682926829268,"random",5,9,5,4,4,1,0,6,0
171,343,21,10,3,0.031,2.6,0.77269,0.49854,"Eriogonum flavum","Potentilla concinna",0.0048780487804878,"random",5,9,5,4,6,3,2,6,0.333333333333333
171,351,21,4,0,0.012,1,0.29836,1,"Eriogonum flavum","Prosartes trachycarpa",-0.0121951219512195,"random",5,9,5,4,6,3,2,6,0.333333333333333
171,354,21,23,7,0.072,5.9,0.81865,0.35921,"Eriogonum flavum","Prunus virginiana",0.0134146341463415,"random",5,9,5,4,7,4,3,6,0.5
171,356,21,25,9,0.078,6.4,0.9535,0.12532,"Eriogonum flavum","Pulsatilla nuttalliana",0.0317073170731707,"random",5,9,5,3,11,9,5,9,0.555555555555556
171,358,21,10,2,0.031,2.6,0.50146,0.78761,"Eriogonum flavum","Pyrola asarifolia",-0.00731707317073171,"random",5,9,5,6,9,4,4,5,0.8
171,359,21,4,0,0.012,1,0.29836,1,"Eriogonum flavum","Ranunculus acris",-0.0121951219512195,"random",5,9,5,5,10,6,5,6,0.833333333333333
171,362,21,6,1,0.019,1.5,0.51535,0.84143,"Eriogonum flavum","Ratibida columnifera",-0.00609756097560976,"random",5,9,5,6,10,5,4,6,0.666666666666667
171,368,21,10,8,0.031,2.6,0.99999,0.00018,"Eriogonum flavum","Rhus aromatica",0.0658536585365854,"positive",5,9,5,5,5,1,1,5,0.2
171,371,21,7,0,0.022,1.8,0.11476,1,"Eriogonum flavum","Ribes oxyacanthoides",-0.0219512195121951,"random",5,9,5,5,6,2,2,5,0.4
171,373,21,8,0,0.025,2,0.08262,1,"Eriogonum flavum","Rosa acicularis",-0.024390243902439,"random",5,9,5,5,7,3,3,5,0.6
171,374,21,8,2,0.025,2,0.66683,0.66033,"Eriogonum flavum","Rosa arkansana",0,"random",5,9,5,6,9,4,4,5,0.8
171,376,21,18,5,0.056,4.6,0.71323,0.51512,"Eriogonum flavum","Rosa woodsii",0.00487804878048781,"random",5,9,5,6,8,3,3,5,0.6
171,377,21,4,0,0.012,1,0.29836,1,"Eriogonum flavum","Rubus idaeus",-0.0121951219512195,"random",5,9,5,6,7,2,2,5,0.4
171,383,21,4,0,0.012,1,0.29836,1,"Eriogonum flavum","Salix bebbiana",-0.0121951219512195,"random",5,9,5,5,8,4,4,5,0.8
171,389,21,5,0,0.016,1.3,0.21803,1,"Eriogonum flavum","Salix glauca",-0.0158536585365854,"random",5,9,5,6,7,2,2,5,0.4
171,390,21,10,1,0.031,2.6,0.21239,0.95785,"Eriogonum flavum","Salix interior",-0.0195121951219512,"random",5,9,5,5,7,3,3,5,0.6
171,393,21,4,4,0.012,1,1,0.00342,"Eriogonum flavum","Salsola tragus",0.0365853658536585,"positive",5,9,5,7,10,4,3,6,0.5
171,408,21,8,3,0.025,2,0.88883,0.33317,"Eriogonum flavum","Shepherdia argentea",0.0121951219512195,"random",5,9,5,4,5,2,1,6,0.166666666666667
171,409,21,25,2,0.078,6.4,0.01219,0.99823,"Eriogonum flavum","Shepherdia canadensis",-0.0536585365853659,"negative",5,9,5,4,5,2,1,6,0.166666666666667
171,412,21,7,1,0.022,1.8,0.42146,0.88524,"Eriogonum flavum","Sisymbrium loeselii",-0.00975609756097561,"random",5,9,5,5,10,6,5,6,0.833333333333333
171,413,21,7,0,0.022,1.8,0.11476,1,"Eriogonum flavum","Sisyrinchium montanum",-0.0219512195121951,"random",5,9,5,5,8,4,4,5,0.8
171,417,21,8,2,0.025,2,0.66683,0.66033,"Eriogonum flavum","Solidago missouriensis",0,"random",5,9,5,6,9,4,4,5,0.8
171,423,21,8,8,0.025,2,1,1e-05,"Eriogonum flavum","Sphaeralcea coccinea",0.0731707317073171,"positive",5,9,5,5,9,5,5,5,1
171,430,21,30,7,0.094,7.7,0.46648,0.72998,"Eriogonum flavum","Symphoricarpos occidentalis",-0.00853658536585366,"random",5,9,5,6,8,3,3,5,0.6
171,434,21,16,3,0.05,4.1,0.36286,0.84638,"Eriogonum flavum","Symphyotrichum laeve",-0.0134146341463415,"random",5,9,5,6,10,5,4,6,0.666666666666667
171,437,21,7,0,0.022,1.8,0.11476,1,"Eriogonum flavum","Tanacetum vulgare",-0.0219512195121951,"random",5,9,5,7,10,4,3,6,0.5
171,438,21,12,0,0.037,3.1,0.02103,1,"Eriogonum flavum","Taraxacum officinale",-0.0378048780487805,"negative",5,9,5,3,11,9,5,9,0.555555555555556
171,442,21,30,11,0.094,7.7,0.97647,0.07068,"Eriogonum flavum","Thermopsis rhombifolia",0.0402439024390244,"random",5,9,5,4,7,4,3,6,0.5
171,444,21,10,0,0.031,2.6,0.04215,1,"Eriogonum flavum","Thlaspi arvense",-0.0317073170731707,"negative",5,9,5,4,9,6,5,6,0.833333333333333
171,448,21,18,5,0.056,4.6,0.71323,0.51512,"Eriogonum flavum","Tragopogon dubius",0.00487804878048781,"random",5,9,5,5,10,6,5,6,0.833333333333333
171,450,21,5,0,0.016,1.3,0.21803,1,"Eriogonum flavum","Triantha glutinosa",-0.0158536585365854,"random",5,9,5,6,8,3,3,5,0.6
171,453,21,4,0,0.012,1,0.29836,1,"Eriogonum flavum","Trifolium hybridum",-0.0121951219512195,"random",5,9,5,6,10,5,4,6,0.666666666666667
171,454,21,18,0,0.056,4.6,0.00224,1,"Eriogonum flavum","Trifolium pratense",-0.0560975609756098,"negative",5,9,5,6,10,5,4,6,0.666666666666667
171,455,21,5,0,0.016,1.3,0.21803,1,"Eriogonum flavum","Trifolium repens",-0.0158536585365854,"random",5,9,5,5,10,6,5,6,0.833333333333333
171,458,21,7,1,0.022,1.8,0.42146,0.88524,"Eriogonum flavum","Tripleurospermum inodorum",-0.00975609756097561,"random",5,9,5,5,11,7,5,7,0.714285714285714
171,460,21,6,1,0.019,1.5,0.51535,0.84143,"Eriogonum flavum","Typha latifolia",-0.00609756097560976,"random",5,9,5,6,7,2,2,5,0.4
171,475,21,16,4,0.05,4.1,0.61266,0.63714,"Eriogonum flavum","Vicia americana",-0.00121951219512195,"random",5,9,5,5,9,5,5,5,1
171,476,21,14,1,0.044,3.6,0.07295,0.98976,"Eriogonum flavum","Vicia cracca",-0.0317073170731707,"random",5,9,5,5,11,7,5,7,0.714285714285714
171,477,21,15,1,0.047,3.8,0.05451,0.99292,"Eriogonum flavum","Viola adunca",-0.0341463414634146,"random",5,9,5,4,9,6,5,6,0.833333333333333
171,479,21,6,4,0.019,1.5,0.9963,0.03498,"Eriogonum flavum","Viola nuttallii",0.0304878048780488,"positive",5,9,5,4,6,3,2,6,0.333333333333333
171,488,21,14,1,0.044,3.6,0.07295,0.98976,"Eriogonum flavum","Zizia aptera",-0.0317073170731707,"random",5,9,5,5,7,3,3,5,0.6
172,181,4,23,2,0.014,1.1,0.9352,0.3123,"Eriogonum umbellatum","Fragaria virginiana",0.0109756097560976,"random",6,9,4,5,11,7,4,7,0.571428571428571
172,183,4,22,0,0.013,1.1,0.2788,1,"Eriogonum umbellatum","Gaillardia aristata",-0.0134146341463415,"random",6,9,4,6,10,5,4,5,0.8
172,186,4,28,0,0.017,1.4,0.18081,1,"Eriogonum umbellatum","Galium boreale",-0.0170731707317073,"random",6,9,4,6,8,3,3,4,0.75
172,192,4,22,4,0.013,1.1,1,0.00418,"Eriogonum umbellatum","Geum triflorum",0.0353658536585366,"positive",6,9,4,4,7,4,2,6,0.333333333333333
172,239,4,23,0,0.014,1.1,0.26021,1,"Eriogonum umbellatum","Linum lewisii",-0.0134146341463415,"random",6,9,4,5,10,6,4,6,0.666666666666667
172,258,4,30,0,0.018,1.5,0.15478,1,"Eriogonum umbellatum","Maianthemum stellatum",-0.0182926829268293,"random",6,9,4,5,7,3,2,5,0.4
172,354,4,23,2,0.014,1.1,0.9352,0.3123,"Eriogonum umbellatum","Prunus virginiana",0.0109756097560976,"random",6,9,4,4,7,4,2,6,0.333333333333333
172,356,4,25,3,0.015,1.2,0.99277,0.08219,"Eriogonum umbellatum","Pulsatilla nuttalliana",0.0219512195121951,"random",6,9,4,3,11,9,4,9,0.444444444444444
172,409,4,25,3,0.015,1.2,0.99277,0.08219,"Eriogonum umbellatum","Shepherdia canadensis",0.0219512195121951,"random",6,9,4,4,5,2,0,6,0
172,430,4,30,0,0.018,1.5,0.15478,1,"Eriogonum umbellatum","Symphoricarpos occidentalis",-0.0182926829268293,"random",6,9,4,6,8,3,3,4,0.75
172,442,4,30,0,0.018,1.5,0.15478,1,"Eriogonum umbellatum","Thermopsis rhombifolia",-0.0182926829268293,"random",6,9,4,4,7,4,2,6,0.333333333333333
178,181,5,23,3,0.017,1.4,0.97962,0.13144,"Euphorbia virgata","Fragaria virginiana",0.0195121951219512,"random",5,9,5,5,11,7,5,7,0.714285714285714
178,183,5,22,2,0.016,1.3,0.88305,0.40666,"Euphorbia virgata","Gaillardia aristata",0.00853658536585366,"random",5,9,5,6,10,5,4,6,0.666666666666667
178,186,5,28,3,0.021,1.7,0.95588,0.21594,"Euphorbia virgata","Galium boreale",0.0158536585365854,"random",5,9,5,6,8,3,3,5,0.6
178,192,5,22,1,0.016,1.3,0.59334,0.79984,"Euphorbia virgata","Geum triflorum",-0.00365853658536585,"random",5,9,5,4,7,4,3,6,0.5
178,239,5,23,2,0.017,1.4,0.86856,0.43287,"Euphorbia virgata","Linum lewisii",0.00731707317073171,"random",5,9,5,5,10,6,5,6,0.833333333333333
178,258,5,30,4,0.022,1.8,0.99478,0.05745,"Euphorbia virgata","Maianthemum stellatum",0.0268292682926829,"random",5,9,5,5,7,3,3,5,0.6
178,275,5,18,1,0.013,1.1,0.69859,0.72056,"Euphorbia virgata","Monarda fistulosa",-0.00121951219512195,"random",5,9,5,5,9,5,5,5,1
178,342,5,17,2,0.013,1,0.94227,0.27545,"Euphorbia virgata","Populus tremuloides",0.0121951219512195,"random",5,9,5,4,4,1,0,6,0
178,354,5,23,3,0.017,1.4,0.97962,0.13144,"Euphorbia virgata","Prunus virginiana",0.0195121951219512,"random",5,9,5,4,7,4,3,6,0.5
178,356,5,25,0,0.019,1.5,0.15346,1,"Euphorbia virgata","Pulsatilla nuttalliana",-0.0182926829268293,"random",5,9,5,3,11,9,5,9,0.555555555555556
178,376,5,18,3,0.013,1.1,0.99251,0.06778,"Euphorbia virgata","Rosa woodsii",0.0231707317073171,"random",5,9,5,6,8,3,3,5,0.6
178,409,5,25,1,0.019,1.5,0.51538,0.84654,"Euphorbia virgata","Shepherdia canadensis",-0.00609756097560976,"random",5,9,5,4,5,2,1,6,0.166666666666667
178,430,5,30,2,0.022,1.8,0.74524,0.60709,"Euphorbia virgata","Symphoricarpos occidentalis",0.0024390243902439,"random",5,9,5,6,8,3,3,5,0.6
178,442,5,30,2,0.022,1.8,0.74524,0.60709,"Euphorbia virgata","Thermopsis rhombifolia",0.0024390243902439,"random",5,9,5,4,7,4,3,6,0.5
178,448,5,18,0,0.013,1.1,0.27944,1,"Euphorbia virgata","Tragopogon dubius",-0.0134146341463415,"random",5,9,5,5,10,6,5,6,0.833333333333333
178,454,5,18,1,0.013,1.1,0.69859,0.72056,"Euphorbia virgata","Trifolium pratense",-0.00121951219512195,"random",5,9,5,6,10,5,4,6,0.666666666666667
179,181,5,23,2,0.017,1.4,0.86856,0.43287,"Eurybia conspicua","Fragaria virginiana",0.00731707317073171,"random",7,10,4,5,11,7,4,7,0.571428571428571
179,183,5,22,0,0.016,1.3,0.20016,1,"Eurybia conspicua","Gaillardia aristata",-0.0158536585365854,"random",7,10,4,6,10,5,4,5,0.8
179,186,5,28,1,0.021,1.7,0.44044,0.88409,"Eurybia conspicua","Galium boreale",-0.00853658536585366,"random",7,10,4,6,8,3,2,5,0.4
179,192,5,22,2,0.016,1.3,0.88305,0.40666,"Eurybia conspicua","Geum triflorum",0.00853658536585366,"random",7,10,4,4,7,4,1,7,0.142857142857143
179,239,5,23,1,0.017,1.4,0.56713,0.81652,"Eurybia conspicua","Linum lewisii",-0.0048780487804878,"random",7,10,4,5,10,6,4,6,0.666666666666667
179,258,5,30,2,0.022,1.8,0.74524,0.60709,"Eurybia conspicua","Maianthemum stellatum",0.0024390243902439,"random",7,10,4,5,7,3,1,6,0.166666666666667
179,275,5,18,1,0.013,1.1,0.69859,0.72056,"Eurybia conspicua","Monarda fistulosa",-0.00121951219512195,"random",7,10,4,5,9,5,3,6,0.5
179,342,5,17,3,0.013,1,0.9941,0.05773,"Eurybia conspicua","Populus tremuloides",0.024390243902439,"random",7,10,4,4,4,1,0,7,0
179,354,5,23,3,0.017,1.4,0.97962,0.13144,"Eurybia conspicua","Prunus virginiana",0.0195121951219512,"random",7,10,4,4,7,4,1,7,0.142857142857143
179,356,5,25,1,0.019,1.5,0.51538,0.84654,"Eurybia conspicua","Pulsatilla nuttalliana",-0.00609756097560976,"random",7,10,4,3,11,9,4,9,0.444444444444444
179,376,5,18,1,0.013,1.1,0.69859,0.72056,"Eurybia conspicua","Rosa woodsii",-0.00121951219512195,"random",7,10,4,6,8,3,2,5,0.4
179,409,5,25,5,0.019,1.5,1,0.00195,"Eurybia conspicua","Shepherdia canadensis",0.0426829268292683,"positive",7,10,4,4,5,2,0,7,0
179,430,5,30,0,0.022,1.8,0.09525,1,"Eurybia conspicua","Symphoricarpos occidentalis",-0.0219512195121951,"random",7,10,4,6,8,3,2,5,0.4
179,442,5,30,0,0.022,1.8,0.09525,1,"Eurybia conspicua","Thermopsis rhombifolia",-0.0219512195121951,"random",7,10,4,4,7,4,1,7,0.142857142857143
179,448,5,18,2,0.013,1.1,0.93222,0.30141,"Eurybia conspicua","Tragopogon dubius",0.0109756097560976,"random",7,10,4,5,10,6,4,6,0.666666666666667
179,454,5,18,3,0.013,1.1,0.99251,0.06778,"Eurybia conspicua","Trifolium pratense",0.0231707317073171,"random",7,10,4,6,10,5,4,5,0.8
180,181,4,23,2,0.014,1.1,0.9352,0.3123,"Eurybia sibirica","Fragaria virginiana",0.0109756097560976,"random",6,10,5,5,11,7,5,7,0.714285714285714
180,183,4,22,1,0.013,1.1,0.70922,0.7212,"Eurybia sibirica","Gaillardia aristata",-0.00121951219512195,"random",6,10,5,6,10,5,5,5,1
180,186,4,28,0,0.017,1.4,0.18081,1,"Eurybia sibirica","Galium boreale",-0.0170731707317073,"random",6,10,5,6,8,3,3,5,0.6
180,192,4,22,0,0.013,1.1,0.2788,1,"Eurybia sibirica","Geum triflorum",-0.0134146341463415,"random",6,10,5,4,7,4,2,7,0.285714285714286
180,239,4,23,1,0.014,1.1,0.6877,0.73979,"Eurybia sibirica","Linum lewisii",-0.00121951219512195,"random",6,10,5,5,10,6,5,6,0.833333333333333
180,258,4,30,0,0.018,1.5,0.15478,1,"Eurybia sibirica","Maianthemum stellatum",-0.0182926829268293,"random",6,10,5,5,7,3,2,6,0.333333333333333
180,354,4,23,0,0.014,1.1,0.26021,1,"Eurybia sibirica","Prunus virginiana",-0.0134146341463415,"random",6,10,5,4,7,4,2,7,0.285714285714286
180,356,4,25,0,0.015,1.2,0.22584,1,"Eurybia sibirica","Pulsatilla nuttalliana",-0.0146341463414634,"random",6,10,5,3,11,9,5,9,0.555555555555556
180,409,4,25,3,0.015,1.2,0.99277,0.08219,"Eurybia sibirica","Shepherdia canadensis",0.0219512195121951,"random",6,10,5,4,5,2,0,7,0
180,430,4,30,0,0.018,1.5,0.15478,1,"Eurybia sibirica","Symphoricarpos occidentalis",-0.0182926829268293,"random",6,10,5,6,8,3,3,5,0.6
180,442,4,30,0,0.018,1.5,0.15478,1,"Eurybia sibirica","Thermopsis rhombifolia",-0.0182926829268293,"random",6,10,5,4,7,4,2,7,0.285714285714286
181,183,23,22,7,0.075,6.2,0.772,0.42044,"Fragaria virginiana","Gaillardia aristata",0.00975609756097561,"random",5,11,7,6,10,5,5,7,0.714285714285714
181,184,23,6,1,0.021,1.7,0.45752,0.87132,"Fragaria virginiana","Galearis rotundifolia",-0.00853658536585366,"random",5,11,7,6,7,2,2,7,0.285714285714286
181,186,23,28,9,0.096,7.9,0.8041,0.36496,"Fragaria virginiana","Galium boreale",0.0134146341463415,"random",5,11,7,6,8,3,3,7,0.428571428571429
181,190,23,12,3,0.041,3.4,0.55168,0.71693,"Fragaria virginiana","Geranium viscosissimum",-0.0048780487804878,"random",5,11,7,5,11,7,7,7,1
181,192,23,22,8,0.075,6.2,0.90029,0.228,"Fragaria virginiana","Geum triflorum",0.0219512195121951,"random",5,11,7,4,7,4,3,8,0.375
181,193,23,14,2,0.048,3.9,0.17721,0.95161,"Fragaria virginiana","Glycyrrhiza lepidota",-0.0231707317073171,"random",5,11,7,6,8,3,3,7,0.428571428571429
181,195,23,13,0,0.044,3.6,0.00907,1,"Fragaria virginiana","Grindelia squarrosa",-0.0439024390243902,"negative",5,11,7,7,11,5,5,7,0.714285714285714
181,196,23,14,0,0.048,3.9,0.00605,1,"Fragaria virginiana","Gutierrezia sarothrae",-0.0475609756097561,"negative",5,11,7,6,9,4,4,7,0.571428571428571
181,199,23,11,4,0.038,3.1,0.84642,0.36932,"Fragaria virginiana","Hedysarum alpinum",0.0109756097560976,"random",5,11,7,5,9,5,5,7,0.714285714285714
181,200,23,16,7,0.055,4.5,0.96586,0.10795,"Fragaria virginiana","Hedysarum boreale",0.0304878048780488,"random",5,11,7,4,10,7,6,8,0.75
181,202,23,6,1,0.021,1.7,0.45752,0.87132,"Fragaria virginiana","Helianthus annuus",-0.00853658536585366,"random",5,11,7,6,11,6,6,7,0.857142857142857
181,204,23,4,1,0.014,1.1,0.6877,0.73979,"Fragaria virginiana","Helianthus pauciflorus",-0.00121951219512195,"random",5,11,7,7,9,3,3,7,0.428571428571429
181,206,23,8,3,0.027,2.2,0.85097,0.3978,"Fragaria virginiana","Heracleum maximum",0.00975609756097561,"random",5,11,7,6,8,3,3,7,0.428571428571429
181,207,23,5,0,0.017,1.4,0.18348,1,"Fragaria virginiana","Hesperostipa comata",-0.0170731707317073,"random",5,11,7,6,6,1,1,7,0.142857142857143
181,208,23,13,2,0.044,3.6,0.22551,0.93321,"Fragaria virginiana","Heterotheca villosa",-0.0195121951219512,"random",5,11,7,6,10,5,5,7,0.714285714285714
181,209,23,4,1,0.014,1.1,0.6877,0.73979,"Fragaria virginiana","Heuchera cylindrica",-0.00121951219512195,"random",5,11,7,6,9,4,4,7,0.571428571428571
181,210,23,4,2,0.014,1.1,0.9352,0.3123,"Fragaria virginiana","Heuchera richardsonii",0.0109756097560976,"random",5,11,7,6,7,2,2,7,0.285714285714286
181,214,23,6,0,0.021,1.7,0.12868,1,"Fragaria virginiana","Hordeum jubatum",-0.0207317073170732,"random",5,11,7,6,7,2,2,7,0.285714285714286
181,216,23,7,0,0.024,2,0.08973,1,"Fragaria virginiana","Hymenoxys richardsonii",-0.024390243902439,"random",5,11,7,5,7,3,3,7,0.428571428571429
181,217,23,7,1,0.024,2,0.36232,0.91027,"Fragaria virginiana","Hyoscyamus niger",-0.0121951219512195,"random",5,11,7,5,10,6,6,7,0.857142857142857
181,221,23,4,0,0.014,1.1,0.26021,1,"Fragaria virginiana","Koeleria macrantha",-0.0134146341463415,"random",5,11,7,6,7,2,2,7,0.285714285714286
181,222,23,7,0,0.024,2,0.08973,1,"Fragaria virginiana","Krascheninnikovia lanata",-0.024390243902439,"random",5,11,7,5,9,4,5,7,0.714285714285714
181,226,23,4,2,0.014,1.1,0.9352,0.3123,"Fragaria virginiana","Lathyrus ochroleucus",0.0109756097560976,"random",5,11,7,5,7,3,3,7,0.428571428571429
181,227,23,4,0,0.014,1.1,0.26021,1,"Fragaria virginiana","Lepidium densiflorum",-0.0134146341463415,"random",5,11,7,6,7,2,2,7,0.285714285714286
181,231,23,5,2,0.017,1.4,0.86856,0.43287,"Fragaria virginiana","Leucanthemum vulgare",0.00731707317073171,"random",5,11,7,6,10,5,5,7,0.714285714285714
181,233,23,14,1,0.048,3.9,0.04839,0.99395,"Fragaria virginiana","Liatris punctata",-0.0353658536585366,"negative",5,11,7,7,10,4,4,7,0.571428571428571
181,234,23,5,3,0.017,1.4,0.97962,0.13144,"Fragaria virginiana","Lilium philadelphicum",0.0195121951219512,"random",5,11,7,5,9,5,5,7,0.714285714285714
181,235,23,4,1,0.014,1.1,0.6877,0.73979,"Fragaria virginiana","Linaria dalmatica",-0.00121951219512195,"random",5,11,7,5,10,6,6,7,0.857142857142857
181,236,23,11,3,0.038,3.1,0.63068,0.64978,"Fragaria virginiana","Linaria vulgaris",-0.00121951219512195,"random",5,11,7,5,10,6,6,7,0.857142857142857
181,239,23,23,5,0.079,6.5,0.30654,0.85779,"Fragaria virginiana","Linum lewisii",-0.0182926829268293,"random",5,11,7,5,10,6,6,7,0.857142857142857
181,240,23,6,2,0.021,1.7,0.78635,0.54248,"Fragaria virginiana","Lithospermum incisum",0.00365853658536585,"random",5,11,7,4,6,3,2,8,0.25
181,241,23,13,7,0.044,3.6,0.99358,0.03119,"Fragaria virginiana","Lithospermum ruderale",0.0414634146341463,"positive",5,11,7,5,7,3,3,7,0.428571428571429
181,246,23,12,6,0.041,3.4,0.98215,0.07275,"Fragaria virginiana","Lonicera dioica",0.0317073170731707,"random",5,11,7,6,7,2,2,7,0.285714285714286
181,248,23,4,1,0.014,1.1,0.6877,0.73979,"Fragaria virginiana","Lonicera tatarica",-0.00121951219512195,"random",5,11,7,4,7,4,3,8,0.375
181,250,23,6,0,0.021,1.7,0.12868,1,"Fragaria virginiana","Lotus corniculatus",-0.0207317073170732,"random",5,11,7,5,9,5,5,7,0.714285714285714
181,253,23,7,2,0.024,2,0.69549,0.63768,"Fragaria virginiana","Lygodesmia juncea",0,"random",5,11,7,6,10,5,5,7,0.714285714285714
181,256,23,4,1,0.014,1.1,0.6877,0.73979,"Fragaria virginiana","Mahonia repens",-0.00121951219512195,"random",5,11,7,6,6,1,1,7,0.142857142857143
181,257,23,4,2,0.014,1.1,0.9352,0.3123,"Fragaria virginiana","Maianthemum racemosum",0.0109756097560976,"random",5,11,7,5,7,3,3,7,0.428571428571429
181,258,23,30,12,0.103,8.4,0.98063,0.05878,"Fragaria virginiana","Maianthemum stellatum",0.0439024390243902,"random",5,11,7,5,7,3,3,7,0.428571428571429
181,261,23,10,1,0.034,2.8,0.16447,0.97063,"Fragaria virginiana","Medicago lupulina",-0.0219512195121951,"random",5,11,7,5,11,7,7,7,1
181,262,23,10,3,0.034,2.8,0.70913,0.57329,"Fragaria virginiana","Medicago sativa",0.0024390243902439,"random",5,11,7,5,10,6,6,7,0.857142857142857
181,264,23,9,2,0.031,2.5,0.51144,0.78308,"Fragaria virginiana","Melilotus albus",-0.00609756097560976,"random",5,11,7,6,11,6,6,7,0.857142857142857
181,265,23,14,3,0.048,3.9,0.40264,0.82279,"Fragaria virginiana","Melilotus officinalis",-0.0109756097560976,"random",5,11,7,5,11,7,7,7,1
181,275,23,18,7,0.062,5,0.92457,0.19269,"Fragaria virginiana","Monarda fistulosa",0.024390243902439,"random",5,11,7,5,9,5,5,7,0.714285714285714
181,278,23,11,3,0.038,3.1,0.63068,0.64978,"Fragaria virginiana","Musineon divaricatum",-0.00121951219512195,"random",5,11,7,4,7,4,3,8,0.375
181,285,23,13,2,0.044,3.6,0.22551,0.93321,"Fragaria virginiana","Oenothera suffrutescens",-0.0195121951219512,"random",5,11,7,5,8,4,4,7,0.571428571428571
181,286,23,15,0,0.051,4.2,0.004,1,"Fragaria virginiana","Opuntia polyacantha",-0.051219512195122,"negative",5,11,7,5,8,4,4,7,0.571428571428571
181,287,23,6,0,0.021,1.7,0.12868,1,"Fragaria virginiana","Oreocarya glomerata",-0.0207317073170732,"random",5,11,7,5,8,4,4,7,0.571428571428571
181,290,23,9,5,0.031,2.5,0.98727,0.06499,"Fragaria virginiana","Oxytropis campestris",0.0304878048780488,"random",5,11,7,5,9,5,5,7,0.714285714285714
181,292,23,9,4,0.031,2.5,0.93501,0.21627,"Fragaria virginiana","Oxytropis sericea",0.0182926829268293,"random",5,11,7,5,6,2,2,7,0.285714285714286
181,292,23,9,4,0.031,2.5,0.93501,0.21627,"Fragaria virginiana","Oxytropis sericea",0.0182926829268293,"random",5,11,7,5,6,2,2,7,0.285714285714286
181,293,23,6,3,0.021,1.7,0.95077,0.21365,"Fragaria virginiana","Oxytropis splendens",0.0158536585365854,"random",5,11,7,6,8,3,3,7,0.428571428571429
181,295,23,5,2,0.017,1.4,0.86856,0.43287,"Fragaria virginiana","Packera cana",0.00731707317073171,"random",5,11,7,5,8,4,4,7,0.571428571428571
181,300,23,4,2,0.014,1.1,0.9352,0.3123,"Fragaria virginiana","Pedicularis bracteosa",0.0109756097560976,"random",5,11,7,6,8,3,3,7,0.428571428571429
181,303,23,4,1,0.014,1.1,0.6877,0.73979,"Fragaria virginiana","Pediomelum esculentum",-0.00121951219512195,"random",5,11,7,6,7,2,2,7,0.285714285714286
181,304,23,8,0,0.027,2.2,0.06222,1,"Fragaria virginiana","Pelecyphora vivipara",-0.0268292682926829,"random",5,11,7,5,7,3,3,7,0.428571428571429
181,306,23,4,0,0.014,1.1,0.26021,1,"Fragaria virginiana","Penstemon albidus",-0.0134146341463415,"random",5,11,7,5,7,3,3,7,0.428571428571429
181,307,23,6,3,0.021,1.7,0.95077,0.21365,"Fragaria virginiana","Penstemon confertus",0.0158536585365854,"random",5,11,7,6,8,3,3,7,0.428571428571429
181,310,23,15,1,0.051,4.2,0.03469,0.996,"Fragaria virginiana","Penstemon nitidus",-0.0390243902439024,"negative",5,11,7,4,7,4,3,8,0.375
181,315,23,6,1,0.021,1.7,0.45752,0.87132,"Fragaria virginiana","Petasites frigidus",-0.00853658536585366,"random",5,11,7,4,9,6,5,8,0.625
181,318,23,4,1,0.014,1.1,0.6877,0.73979,"Fragaria virginiana","Phalaris arundinacea",-0.00121951219512195,"random",5,11,7,5,10,6,6,7,0.857142857142857
181,320,23,6,2,0.021,1.7,0.78635,0.54248,"Fragaria virginiana","Phleum pratense",0.00365853658536585,"random",5,11,7,7,7,1,1,7,0.142857142857143
181,321,23,15,1,0.051,4.2,0.03469,0.996,"Fragaria virginiana","Phlox hoodii",-0.0390243902439024,"negative",5,11,7,3,10,8,6,9,0.666666666666667
181,323,23,6,1,0.021,1.7,0.45752,0.87132,"Fragaria virginiana","Physaria arenosa",-0.00853658536585366,"random",5,11,7,4,7,4,3,8,0.375
181,327,23,5,2,0.017,1.4,0.86856,0.43287,"Fragaria virginiana","Plantago major",0.00731707317073171,"random",5,11,7,6,8,3,3,7,0.428571428571429
181,328,23,5,0,0.017,1.4,0.18348,1,"Fragaria virginiana","Plantago patagonica",-0.0170731707317073,"random",5,11,7,6,8,3,3,7,0.428571428571429
181,337,23,5,2,0.017,1.4,0.86856,0.43287,"Fragaria virginiana","Polemonium pulcherrimum",0.00731707317073171,"random",5,11,7,4,9,6,5,8,0.625
181,338,23,6,2,0.021,1.7,0.78635,0.54248,"Fragaria virginiana","Polygala senega",0.00365853658536585,"random",5,11,7,5,7,3,3,7,0.428571428571429
181,340,23,6,3,0.021,1.7,0.95077,0.21365,"Fragaria virginiana","Populus balsamifera",0.0158536585365854,"random",5,11,7,4,5,2,1,8,0.125
181,342,23,17,10,0.058,4.8,0.99958,0.00283,"Fragaria virginiana","Populus tremuloides",0.0634146341463415,"positive",5,11,7,4,4,1,0,8,0
181,343,23,10,3,0.034,2.8,0.70913,0.57329,"Fragaria virginiana","Potentilla concinna",0.0024390243902439,"random",5,11,7,4,6,3,2,8,0.25
181,351,23,4,3,0.014,1.1,0.99494,0.0648,"Fragaria virginiana","Prosartes trachycarpa",0.0231707317073171,"random",5,11,7,4,6,3,2,8,0.25
181,354,23,23,8,0.079,6.5,0.86822,0.27932,"Fragaria virginiana","Prunus virginiana",0.0182926829268293,"random",5,11,7,4,7,4,3,8,0.375
181,356,23,25,9,0.086,7,0.90659,0.21198,"Fragaria virginiana","Pulsatilla nuttalliana",0.024390243902439,"random",5,11,7,3,11,9,7,9,0.777777777777778
181,358,23,10,5,0.034,2.8,0.97438,0.10436,"Fragaria virginiana","Pyrola asarifolia",0.0268292682926829,"random",5,11,7,6,9,4,4,7,0.571428571428571
181,359,23,4,2,0.014,1.1,0.9352,0.3123,"Fragaria virginiana","Ranunculus acris",0.0109756097560976,"random",5,11,7,5,10,6,6,7,0.857142857142857
181,362,23,6,0,0.021,1.7,0.12868,1,"Fragaria virginiana","Ratibida columnifera",-0.0207317073170732,"random",5,11,7,6,10,5,5,7,0.714285714285714
181,368,23,10,1,0.034,2.8,0.16447,0.97063,"Fragaria virginiana","Rhus aromatica",-0.0219512195121951,"random",5,11,7,5,5,1,1,7,0.142857142857143
181,371,23,7,3,0.024,2,0.90751,0.30451,"Fragaria virginiana","Ribes oxyacanthoides",0.0121951219512195,"random",5,11,7,5,6,2,2,7,0.285714285714286
181,373,23,8,3,0.027,2.2,0.85097,0.3978,"Fragaria virginiana","Rosa acicularis",0.00975609756097561,"random",5,11,7,5,7,3,3,7,0.428571428571429
181,374,23,8,0,0.027,2.2,0.06222,1,"Fragaria virginiana","Rosa arkansana",-0.0268292682926829,"random",5,11,7,6,9,4,4,7,0.571428571428571
181,376,23,18,3,0.062,5,0.1802,0.94055,"Fragaria virginiana","Rosa woodsii",-0.024390243902439,"random",5,11,7,6,8,3,3,7,0.428571428571429
181,377,23,4,1,0.014,1.1,0.6877,0.73979,"Fragaria virginiana","Rubus idaeus",-0.00121951219512195,"random",5,11,7,6,7,2,2,7,0.285714285714286
181,383,23,4,3,0.014,1.1,0.99494,0.0648,"Fragaria virginiana","Salix bebbiana",0.0231707317073171,"random",5,11,7,5,8,4,4,7,0.571428571428571
181,389,23,5,3,0.017,1.4,0.97962,0.13144,"Fragaria virginiana","Salix glauca",0.0195121951219512,"random",5,11,7,6,7,2,2,7,0.285714285714286
181,390,23,10,2,0.034,2.8,0.42671,0.83553,"Fragaria virginiana","Salix interior",-0.00975609756097561,"random",5,11,7,5,7,3,3,7,0.428571428571429
181,393,23,4,0,0.014,1.1,0.26021,1,"Fragaria virginiana","Salsola tragus",-0.0134146341463415,"random",5,11,7,7,10,4,4,7,0.571428571428571
181,408,23,8,1,0.027,2.2,0.28237,0.93778,"Fragaria virginiana","Shepherdia argentea",-0.0146341463414634,"random",5,11,7,4,5,2,1,8,0.125
181,409,23,25,13,0.086,7,0.99965,0.00204,"Fragaria virginiana","Shepherdia canadensis",0.0731707317073171,"positive",5,11,7,4,5,2,1,8,0.125
181,412,23,7,0,0.024,2,0.08973,1,"Fragaria virginiana","Sisymbrium loeselii",-0.024390243902439,"random",5,11,7,5,10,6,6,7,0.857142857142857
181,413,23,7,3,0.024,2,0.90751,0.30451,"Fragaria virginiana","Sisyrinchium montanum",0.0121951219512195,"random",5,11,7,5,8,4,4,7,0.571428571428571
181,417,23,8,1,0.027,2.2,0.28237,0.93778,"Fragaria virginiana","Solidago missouriensis",-0.0146341463414634,"random",5,11,7,6,9,4,4,7,0.571428571428571
181,423,23,8,0,0.027,2.2,0.06222,1,"Fragaria virginiana","Sphaeralcea coccinea",-0.0268292682926829,"random",5,11,7,5,9,5,5,7,0.714285714285714
181,430,23,30,7,0.103,8.4,0.3236,0.83552,"Fragaria virginiana","Symphoricarpos occidentalis",-0.0170731707317073,"random",5,11,7,6,8,3,3,7,0.428571428571429
181,434,23,16,5,0.055,4.5,0.7401,0.48553,"Fragaria virginiana","Symphyotrichum laeve",0.00609756097560976,"random",5,11,7,6,10,5,5,7,0.714285714285714
181,437,23,7,2,0.024,2,0.69549,0.63768,"Fragaria virginiana","Tanacetum vulgare",0,"random",5,11,7,7,10,4,4,7,0.571428571428571
181,438,23,12,6,0.041,3.4,0.98215,0.07275,"Fragaria virginiana","Taraxacum officinale",0.0317073170731707,"random",5,11,7,3,11,9,7,9,0.777777777777778
181,442,23,30,7,0.103,8.4,0.3236,0.83552,"Fragaria virginiana","Thermopsis rhombifolia",-0.0170731707317073,"random",5,11,7,4,7,4,3,8,0.375
181,444,23,10,2,0.034,2.8,0.42671,0.83553,"Fragaria virginiana","Thlaspi arvense",-0.00975609756097561,"random",5,11,7,4,9,6,5,8,0.625
181,448,23,18,3,0.062,5,0.1802,0.94055,"Fragaria virginiana","Tragopogon dubius",-0.024390243902439,"random",5,11,7,5,10,6,6,7,0.857142857142857
181,450,23,5,1,0.017,1.4,0.56713,0.81652,"Fragaria virginiana","Triantha glutinosa",-0.0048780487804878,"random",5,11,7,6,8,3,3,7,0.428571428571429
181,453,23,4,0,0.014,1.1,0.26021,1,"Fragaria virginiana","Trifolium hybridum",-0.0134146341463415,"random",5,11,7,6,10,5,5,7,0.714285714285714
181,454,23,18,6,0.062,5,0.80731,0.38582,"Fragaria virginiana","Trifolium pratense",0.0121951219512195,"random",5,11,7,6,10,5,5,7,0.714285714285714
181,455,23,5,2,0.017,1.4,0.86856,0.43287,"Fragaria virginiana","Trifolium repens",0.00731707317073171,"random",5,11,7,5,10,6,6,7,0.857142857142857
181,458,23,7,1,0.024,2,0.36232,0.91027,"Fragaria virginiana","Tripleurospermum inodorum",-0.0121951219512195,"random",5,11,7,5,11,7,7,7,1
181,460,23,6,0,0.021,1.7,0.12868,1,"Fragaria virginiana","Typha latifolia",-0.0207317073170732,"random",5,11,7,6,7,2,2,7,0.285714285714286
181,475,23,16,4,0.055,4.5,0.51447,0.72304,"Fragaria virginiana","Vicia americana",-0.00609756097560976,"random",5,11,7,5,9,5,5,7,0.714285714285714
181,476,23,14,1,0.048,3.9,0.04839,0.99395,"Fragaria virginiana","Vicia cracca",-0.0353658536585366,"negative",5,11,7,5,11,7,7,7,1
181,477,23,15,8,0.051,4.2,0.99566,0.02112,"Fragaria virginiana","Viola adunca",0.0463414634146341,"positive",5,11,7,4,9,6,5,8,0.625
181,479,23,6,0,0.021,1.7,0.12868,1,"Fragaria virginiana","Viola nuttallii",-0.0207317073170732,"random",5,11,7,4,6,3,2,8,0.25
181,488,23,14,6,0.048,3.9,0.94979,0.15202,"Fragaria virginiana","Zizia aptera",0.025609756097561,"random",5,11,7,5,7,3,3,7,0.428571428571429
183,184,22,6,1,0.02,1.6,0.48611,0.85703,"Gaillardia aristata","Galearis rotundifolia",-0.00731707317073171,"random",6,10,5,6,7,2,2,5,0.4
183,186,22,28,11,0.092,7.5,0.98079,0.05965,"Gaillardia aristata","Galium boreale",0.0426829268292683,"random",6,10,5,6,8,3,3,5,0.6
183,190,22,12,3,0.039,3.2,0.5929,0.68189,"Gaillardia aristata","Geranium viscosissimum",-0.0024390243902439,"random",6,10,5,5,11,7,5,7,0.714285714285714
183,192,22,22,6,0.072,5.9,0.63813,0.5815,"Gaillardia aristata","Geum triflorum",0.00121951219512195,"random",6,10,5,4,7,4,2,7,0.285714285714286
183,193,22,14,5,0.046,3.8,0.87454,0.30252,"Gaillardia aristata","Glycyrrhiza lepidota",0.0146341463414634,"random",6,10,5,6,8,3,3,5,0.6
183,195,22,13,4,0.043,3.5,0.76072,0.48169,"Gaillardia aristata","Grindelia squarrosa",0.00609756097560976,"random",6,10,5,7,11,5,4,6,0.666666666666667
183,196,22,14,3,0.046,3.8,0.44665,0.79339,"Gaillardia aristata","Gutierrezia sarothrae",-0.00975609756097561,"random",6,10,5,6,9,4,4,5,0.8
183,199,22,11,4,0.036,3,0.86996,0.3318,"Gaillardia aristata","Hedysarum alpinum",0.0121951219512195,"random",6,10,5,5,9,5,4,6,0.666666666666667
183,200,22,16,5,0.052,4.3,0.77974,0.43648,"Gaillardia aristata","Hedysarum boreale",0.00853658536585366,"random",6,10,5,4,10,7,5,7,0.714285714285714
183,202,22,6,2,0.02,1.6,0.8078,0.51389,"Gaillardia aristata","Helianthus annuus",0.0048780487804878,"random",6,10,5,6,11,6,5,6,0.833333333333333
183,204,22,4,2,0.013,1.1,0.94299,0.29078,"Gaillardia aristata","Helianthus pauciflorus",0.0109756097560976,"random",6,10,5,7,9,3,3,5,0.6
183,206,22,8,1,0.026,2.1,0.31018,0.92821,"Gaillardia aristata","Heracleum maximum",-0.0134146341463415,"random",6,10,5,6,8,3,3,5,0.6
183,207,22,5,0,0.016,1.3,0.20016,1,"Gaillardia aristata","Hesperostipa comata",-0.0158536585365854,"random",6,10,5,6,6,1,1,5,0.2
183,208,22,13,6,0.043,3.5,0.97635,0.08824,"Gaillardia aristata","Heterotheca villosa",0.0304878048780488,"random",6,10,5,6,10,5,5,5,1
183,209,22,4,0,0.013,1.1,0.2788,1,"Gaillardia aristata","Heuchera cylindrica",-0.0134146341463415,"random",6,10,5,6,9,4,4,5,0.8
183,210,22,4,2,0.013,1.1,0.94299,0.29078,"Gaillardia aristata","Heuchera richardsonii",0.0109756097560976,"random",6,10,5,6,7,2,2,5,0.4
183,214,22,6,2,0.02,1.6,0.8078,0.51389,"Gaillardia aristata","Hordeum jubatum",0.0048780487804878,"random",6,10,5,6,7,2,2,5,0.4
183,216,22,7,1,0.023,1.9,0.3913,0.89841,"Gaillardia aristata","Hymenoxys richardsonii",-0.0109756097560976,"random",6,10,5,5,7,3,2,6,0.333333333333333
183,217,22,7,4,0.023,1.9,0.98652,0.07933,"Gaillardia aristata","Hyoscyamus niger",0.025609756097561,"random",6,10,5,5,10,6,5,6,0.833333333333333
183,221,22,4,2,0.013,1.1,0.94299,0.29078,"Gaillardia aristata","Koeleria macrantha",0.0109756097560976,"random",6,10,5,6,7,2,2,5,0.4
183,222,22,7,1,0.023,1.9,0.3913,0.89841,"Gaillardia aristata","Krascheninnikovia lanata",-0.0109756097560976,"random",6,10,5,5,9,4,4,6,0.666666666666667
183,226,22,4,0,0.013,1.1,0.2788,1,"Gaillardia aristata","Lathyrus ochroleucus",-0.0134146341463415,"random",6,10,5,5,7,3,2,6,0.333333333333333
183,227,22,4,0,0.013,1.1,0.2788,1,"Gaillardia aristata","Lepidium densiflorum",-0.0134146341463415,"random",6,10,5,6,7,2,2,5,0.4
183,231,22,5,2,0.016,1.3,0.88305,0.40666,"Gaillardia aristata","Leucanthemum vulgare",0.00853658536585366,"random",6,10,5,6,10,5,5,5,1
183,233,22,14,2,0.046,3.8,0.20661,0.94041,"Gaillardia aristata","Liatris punctata",-0.0219512195121951,"random",6,10,5,7,10,4,4,5,0.8
183,234,22,5,3,0.016,1.3,0.98295,0.11695,"Gaillardia aristata","Lilium philadelphicum",0.0207317073170732,"random",6,10,5,5,9,5,4,6,0.666666666666667
183,235,22,4,0,0.013,1.1,0.2788,1,"Gaillardia aristata","Linaria dalmatica",-0.0134146341463415,"random",6,10,5,5,10,6,5,6,0.833333333333333
183,236,22,11,7,0.036,3,0.99915,0.00679,"Gaillardia aristata","Linaria vulgaris",0.0487804878048781,"positive",6,10,5,5,10,6,5,6,0.833333333333333
183,239,22,23,11,0.075,6.2,0.99801,0.00944,"Gaillardia aristata","Linum lewisii",0.0585365853658537,"positive",6,10,5,5,10,6,5,6,0.833333333333333
183,240,22,6,1,0.02,1.6,0.48611,0.85703,"Gaillardia aristata","Lithospermum incisum",-0.00731707317073171,"random",6,10,5,4,6,3,1,7,0.142857142857143
183,241,22,13,4,0.043,3.5,0.76072,0.48169,"Gaillardia aristata","Lithospermum ruderale",0.00609756097560976,"random",6,10,5,5,7,3,2,6,0.333333333333333
183,246,22,12,3,0.039,3.2,0.5929,0.68189,"Gaillardia aristata","Lonicera dioica",-0.0024390243902439,"random",6,10,5,6,7,2,2,5,0.4
183,248,22,4,1,0.013,1.1,0.70922,0.7212,"Gaillardia aristata","Lonicera tatarica",-0.00121951219512195,"random",6,10,5,4,7,4,2,7,0.285714285714286
183,250,22,6,2,0.02,1.6,0.8078,0.51389,"Gaillardia aristata","Lotus corniculatus",0.0048780487804878,"random",6,10,5,5,9,5,4,6,0.666666666666667
183,253,22,7,4,0.023,1.9,0.98652,0.07933,"Gaillardia aristata","Lygodesmia juncea",0.025609756097561,"random",6,10,5,6,10,5,5,5,1
183,256,22,4,0,0.013,1.1,0.2788,1,"Gaillardia aristata","Mahonia repens",-0.0134146341463415,"random",6,10,5,6,6,1,1,5,0.2
183,257,22,4,1,0.013,1.1,0.70922,0.7212,"Gaillardia aristata","Maianthemum racemosum",-0.00121951219512195,"random",6,10,5,5,7,3,2,6,0.333333333333333
183,258,22,30,11,0.098,8,0.96178,0.10314,"Gaillardia aristata","Maianthemum stellatum",0.0365853658536585,"random",6,10,5,5,7,3,2,6,0.333333333333333
183,261,22,10,4,0.033,2.7,0.91276,0.25843,"Gaillardia aristata","Medicago lupulina",0.0158536585365854,"random",6,10,5,5,11,7,5,7,0.714285714285714
183,262,22,10,5,0.033,2.7,0.97999,0.08724,"Gaillardia aristata","Medicago sativa",0.0280487804878049,"random",6,10,5,5,10,6,5,6,0.833333333333333
183,264,22,9,3,0.029,2.4,0.81004,0.45304,"Gaillardia aristata","Melilotus albus",0.00731707317073171,"random",6,10,5,6,11,6,5,6,0.833333333333333
183,265,22,14,6,0.046,3.8,0.96137,0.12546,"Gaillardia aristata","Melilotus officinalis",0.0268292682926829,"random",6,10,5,5,11,7,5,7,0.714285714285714
183,275,22,18,7,0.059,4.8,0.94288,0.157,"Gaillardia aristata","Monarda fistulosa",0.0268292682926829,"random",6,10,5,5,9,5,4,6,0.666666666666667
183,278,22,11,6,0.036,3,0.99321,0.03589,"Gaillardia aristata","Musineon divaricatum",0.0365853658536585,"positive",6,10,5,4,7,4,2,7,0.285714285714286
183,285,22,13,2,0.043,3.5,0.25805,0.91941,"Gaillardia aristata","Oenothera suffrutescens",-0.0182926829268293,"random",6,10,5,5,8,4,3,6,0.5
183,286,22,15,2,0.049,4,0.16337,0.95638,"Gaillardia aristata","Opuntia polyacantha",-0.024390243902439,"random",6,10,5,5,8,4,3,6,0.5
183,287,22,6,1,0.02,1.6,0.48611,0.85703,"Gaillardia aristata","Oreocarya glomerata",-0.00731707317073171,"random",6,10,5,5,8,4,3,6,0.5
183,290,22,9,3,0.029,2.4,0.81004,0.45304,"Gaillardia aristata","Oxytropis campestris",0.00731707317073171,"random",6,10,5,5,9,5,4,6,0.666666666666667
183,292,22,9,2,0.029,2.4,0.54696,0.75747,"Gaillardia aristata","Oxytropis sericea",-0.0048780487804878,"random",6,10,5,5,6,2,1,6,0.166666666666667
183,292,22,9,2,0.029,2.4,0.54696,0.75747,"Gaillardia aristata","Oxytropis sericea",-0.0048780487804878,"random",6,10,5,5,6,2,1,6,0.166666666666667
183,293,22,6,1,0.02,1.6,0.48611,0.85703,"Gaillardia aristata","Oxytropis splendens",-0.00731707317073171,"random",6,10,5,6,8,3,3,5,0.6
183,295,22,5,3,0.016,1.3,0.98295,0.11695,"Gaillardia aristata","Packera cana",0.0207317073170732,"random",6,10,5,5,8,4,3,6,0.5
183,300,22,4,0,0.013,1.1,0.2788,1,"Gaillardia aristata","Pedicularis bracteosa",-0.0134146341463415,"random",6,10,5,6,8,3,3,5,0.6
183,303,22,4,2,0.013,1.1,0.94299,0.29078,"Gaillardia aristata","Pediomelum esculentum",0.0109756097560976,"random",6,10,5,6,7,2,2,5,0.4
183,304,22,8,1,0.026,2.1,0.31018,0.92821,"Gaillardia aristata","Pelecyphora vivipara",-0.0134146341463415,"random",6,10,5,5,7,3,2,6,0.333333333333333
183,306,22,4,0,0.013,1.1,0.2788,1,"Gaillardia aristata","Penstemon albidus",-0.0134146341463415,"random",6,10,5,5,7,3,2,6,0.333333333333333
183,307,22,6,0,0.02,1.6,0.14297,1,"Gaillardia aristata","Penstemon confertus",-0.0195121951219512,"random",6,10,5,6,8,3,3,5,0.6
183,310,22,15,2,0.049,4,0.16337,0.95638,"Gaillardia aristata","Penstemon nitidus",-0.024390243902439,"random",6,10,5,4,7,4,2,7,0.285714285714286
183,315,22,6,0,0.02,1.6,0.14297,1,"Gaillardia aristata","Petasites frigidus",-0.0195121951219512,"random",6,10,5,4,9,6,4,7,0.571428571428571
183,318,22,4,0,0.013,1.1,0.2788,1,"Gaillardia aristata","Phalaris arundinacea",-0.0134146341463415,"random",6,10,5,5,10,6,5,6,0.833333333333333
183,320,22,6,2,0.02,1.6,0.8078,0.51389,"Gaillardia aristata","Phleum pratense",0.0048780487804878,"random",6,10,5,7,7,1,1,5,0.2
183,321,22,15,5,0.049,4,0.83028,0.36892,"Gaillardia aristata","Phlox hoodii",0.0121951219512195,"random",6,10,5,3,10,8,5,8,0.625
183,323,22,6,1,0.02,1.6,0.48611,0.85703,"Gaillardia aristata","Physaria arenosa",-0.00731707317073171,"random",6,10,5,4,7,4,2,7,0.285714285714286
183,327,22,5,1,0.016,1.3,0.59334,0.79984,"Gaillardia aristata","Plantago major",-0.00365853658536585,"random",6,10,5,6,8,3,3,5,0.6
183,328,22,5,1,0.016,1.3,0.59334,0.79984,"Gaillardia aristata","Plantago patagonica",-0.00365853658536585,"random",6,10,5,6,8,3,3,5,0.6
183,337,22,5,0,0.016,1.3,0.20016,1,"Gaillardia aristata","Polemonium pulcherrimum",-0.0158536585365854,"random",6,10,5,4,9,6,4,7,0.571428571428571
183,338,22,6,2,0.02,1.6,0.8078,0.51389,"Gaillardia aristata","Polygala senega",0.0048780487804878,"random",6,10,5,5,7,3,2,6,0.333333333333333
183,340,22,6,1,0.02,1.6,0.48611,0.85703,"Gaillardia aristata","Populus balsamifera",-0.00731707317073171,"random",6,10,5,4,5,2,0,7,0
183,342,22,17,6,0.056,4.6,0.88184,0.27596,"Gaillardia aristata","Populus tremuloides",0.0170731707317073,"random",6,10,5,4,4,1,0,7,0
183,343,22,10,6,0.033,2.7,0.99699,0.02001,"Gaillardia aristata","Potentilla concinna",0.0402439024390244,"positive",6,10,5,4,6,3,1,7,0.142857142857143
183,351,22,4,1,0.013,1.1,0.70922,0.7212,"Gaillardia aristata","Prosartes trachycarpa",-0.00121951219512195,"random",6,10,5,4,6,3,1,7,0.142857142857143
183,354,22,23,2,0.075,6.2,0.01644,0.99748,"Gaillardia aristata","Prunus virginiana",-0.051219512195122,"negative",6,10,5,4,7,4,2,7,0.285714285714286
183,356,22,25,7,0.082,6.7,0.67068,0.53794,"Gaillardia aristata","Pulsatilla nuttalliana",0.00365853658536585,"random",6,10,5,3,11,9,5,9,0.555555555555556
183,358,22,10,1,0.033,2.7,0.18727,0.96476,"Gaillardia aristata","Pyrola asarifolia",-0.0207317073170732,"random",6,10,5,6,9,4,4,5,0.8
183,359,22,4,1,0.013,1.1,0.70922,0.7212,"Gaillardia aristata","Ranunculus acris",-0.00121951219512195,"random",6,10,5,5,10,6,5,6,0.833333333333333
183,362,22,6,3,0.02,1.6,0.9583,0.1922,"Gaillardia aristata","Ratibida columnifera",0.0170731707317073,"random",6,10,5,6,10,5,5,5,1
183,368,22,10,1,0.033,2.7,0.18727,0.96476,"Gaillardia aristata","Rhus aromatica",-0.0207317073170732,"random",6,10,5,5,5,1,0,6,0
183,371,22,7,3,0.023,1.9,0.92067,0.27686,"Gaillardia aristata","Ribes oxyacanthoides",0.0134146341463415,"random",6,10,5,5,6,2,1,6,0.166666666666667
183,373,22,8,2,0.026,2.1,0.63465,0.68982,"Gaillardia aristata","Rosa acicularis",-0.00121951219512195,"random",6,10,5,5,7,3,2,6,0.333333333333333
183,374,22,8,4,0.026,2.1,0.97071,0.12937,"Gaillardia aristata","Rosa arkansana",0.0231707317073171,"random",6,10,5,6,9,4,4,5,0.8
183,376,22,18,4,0.059,4.8,0.43204,0.7848,"Gaillardia aristata","Rosa woodsii",-0.00975609756097561,"random",6,10,5,6,8,3,3,5,0.6
183,377,22,4,0,0.013,1.1,0.2788,1,"Gaillardia aristata","Rubus idaeus",-0.0134146341463415,"random",6,10,5,6,7,2,2,5,0.4
183,383,22,4,1,0.013,1.1,0.70922,0.7212,"Gaillardia aristata","Salix bebbiana",-0.00121951219512195,"random",6,10,5,5,8,4,3,6,0.5
183,389,22,5,1,0.016,1.3,0.59334,0.79984,"Gaillardia aristata","Salix glauca",-0.00365853658536585,"random",6,10,5,6,7,2,2,5,0.4
183,390,22,10,3,0.033,2.7,0.74157,0.53645,"Gaillardia aristata","Salix interior",0.00365853658536585,"random",6,10,5,5,7,3,2,6,0.333333333333333
183,393,22,4,1,0.013,1.1,0.70922,0.7212,"Gaillardia aristata","Salsola tragus",-0.00121951219512195,"random",6,10,5,7,10,4,4,5,0.8
183,408,22,8,2,0.026,2.1,0.63465,0.68982,"Gaillardia aristata","Shepherdia argentea",-0.00121951219512195,"random",6,10,5,4,5,2,0,7,0
183,409,22,25,8,0.082,6.7,0.83442,0.32932,"Gaillardia aristata","Shepherdia canadensis",0.0158536585365854,"random",6,10,5,4,5,2,0,7,0
183,412,22,7,2,0.023,1.9,0.72314,0.6087,"Gaillardia aristata","Sisymbrium loeselii",0.00121951219512195,"random",6,10,5,5,10,6,5,6,0.833333333333333
183,413,22,7,3,0.023,1.9,0.92067,0.27686,"Gaillardia aristata","Sisyrinchium montanum",0.0134146341463415,"random",6,10,5,5,8,4,3,6,0.5
183,417,22,8,6,0.026,2.1,0.9997,0.004,"Gaillardia aristata","Solidago missouriensis",0.0475609756097561,"positive",6,10,5,6,9,4,4,5,0.8
183,423,22,8,1,0.026,2.1,0.31018,0.92821,"Gaillardia aristata","Sphaeralcea coccinea",-0.0134146341463415,"random",6,10,5,5,9,5,4,6,0.666666666666667
183,430,22,30,10,0.098,8,0.89686,0.22514,"Gaillardia aristata","Symphoricarpos occidentalis",0.024390243902439,"random",6,10,5,6,8,3,3,5,0.6
183,434,22,16,6,0.052,4.3,0.91451,0.22026,"Gaillardia aristata","Symphyotrichum laeve",0.0207317073170732,"random",6,10,5,6,10,5,5,5,1
183,437,22,7,3,0.023,1.9,0.92067,0.27686,"Gaillardia aristata","Tanacetum vulgare",0.0134146341463415,"random",6,10,5,7,10,4,4,5,0.8
183,438,22,12,7,0.039,3.2,0.9979,0.01334,"Gaillardia aristata","Taraxacum officinale",0.0463414634146341,"positive",6,10,5,3,11,9,5,9,0.555555555555556
183,442,22,30,8,0.098,8,0.59611,0.6076,"Gaillardia aristata","Thermopsis rhombifolia",0,"random",6,10,5,4,7,4,2,7,0.285714285714286
183,444,22,10,4,0.033,2.7,0.91276,0.25843,"Gaillardia aristata","Thlaspi arvense",0.0158536585365854,"random",6,10,5,4,9,6,4,7,0.571428571428571
183,448,22,18,8,0.059,4.8,0.98408,0.05712,"Gaillardia aristata","Tragopogon dubius",0.0390243902439024,"random",6,10,5,5,10,6,5,6,0.833333333333333
183,450,22,5,0,0.016,1.3,0.20016,1,"Gaillardia aristata","Triantha glutinosa",-0.0158536585365854,"random",6,10,5,6,8,3,3,5,0.6
183,453,22,4,1,0.013,1.1,0.70922,0.7212,"Gaillardia aristata","Trifolium hybridum",-0.00121951219512195,"random",6,10,5,6,10,5,5,5,1
183,454,22,18,4,0.059,4.8,0.43204,0.7848,"Gaillardia aristata","Trifolium pratense",-0.00975609756097561,"random",6,10,5,6,10,5,5,5,1
183,455,22,5,2,0.016,1.3,0.88305,0.40666,"Gaillardia aristata","Trifolium repens",0.00853658536585366,"random",6,10,5,5,10,6,5,6,0.833333333333333
183,458,22,7,2,0.023,1.9,0.72314,0.6087,"Gaillardia aristata","Tripleurospermum inodorum",0.00121951219512195,"random",6,10,5,5,11,7,5,7,0.714285714285714
183,460,22,6,3,0.02,1.6,0.9583,0.1922,"Gaillardia aristata","Typha latifolia",0.0170731707317073,"random",6,10,5,6,7,2,2,5,0.4
183,475,22,16,4,0.052,4.3,0.56352,0.68174,"Gaillardia aristata","Vicia americana",-0.00365853658536585,"random",6,10,5,5,9,5,4,6,0.666666666666667
183,476,22,14,5,0.046,3.8,0.87454,0.30252,"Gaillardia aristata","Vicia cracca",0.0146341463414634,"random",6,10,5,5,11,7,5,7,0.714285714285714
183,477,22,15,4,0.049,4,0.63108,0.62042,"Gaillardia aristata","Viola adunca",0,"random",6,10,5,4,9,6,4,7,0.571428571428571
183,479,22,6,1,0.02,1.6,0.48611,0.85703,"Gaillardia aristata","Viola nuttallii",-0.00731707317073171,"random",6,10,5,4,6,3,1,7,0.142857142857143
183,488,22,14,5,0.046,3.8,0.87454,0.30252,"Gaillardia aristata","Zizia aptera",0.0146341463414634,"random",6,10,5,5,7,3,2,6,0.333333333333333
184,186,6,28,3,0.025,2,0.90009,0.33197,"Galearis rotundifolia","Galium boreale",0.0121951219512195,"random",6,7,2,6,8,3,2,3,0.666666666666667
184,192,6,22,0,0.02,1.6,0.14297,1,"Galearis rotundifolia","Geum triflorum",-0.0195121951219512,"random",6,7,2,4,7,4,2,4,0.5
184,193,6,14,0,0.012,1,0.31258,1,"Galearis rotundifolia","Glycyrrhiza lepidota",-0.0121951219512195,"random",6,7,2,6,8,3,2,3,0.666666666666667
184,196,6,14,0,0.012,1,0.31258,1,"Galearis rotundifolia","Gutierrezia sarothrae",-0.0121951219512195,"random",6,7,2,6,9,4,2,4,0.5
184,200,6,16,2,0.014,1.2,0.91482,0.33217,"Galearis rotundifolia","Hedysarum boreale",0.00975609756097561,"random",6,7,2,4,10,7,2,7,0.285714285714286
184,233,6,14,0,0.012,1,0.31258,1,"Galearis rotundifolia","Liatris punctata",-0.0121951219512195,"random",6,7,2,7,10,4,1,5,0.2
184,239,6,23,3,0.021,1.7,0.95077,0.21365,"Galearis rotundifolia","Linum lewisii",0.0158536585365854,"random",6,7,2,5,10,6,2,6,0.333333333333333
184,258,6,30,4,0.027,2.2,0.97714,0.12664,"Galearis rotundifolia","Maianthemum stellatum",0.0219512195121951,"random",6,7,2,5,7,3,2,3,0.666666666666667
184,265,6,14,1,0.012,1,0.72935,0.68742,"Galearis rotundifolia","Melilotus officinalis",0,"random",6,7,2,5,11,7,2,7,0.285714285714286
184,275,6,18,0,0.016,1.3,0.21411,1,"Galearis rotundifolia","Monarda fistulosa",-0.0158536585365854,"random",6,7,2,5,9,5,2,5,0.4
184,286,6,15,0,0.013,1.1,0.285,1,"Galearis rotundifolia","Opuntia polyacantha",-0.0134146341463415,"random",6,7,2,5,8,4,2,4,0.5
184,310,6,15,0,0.013,1.1,0.285,1,"Galearis rotundifolia","Penstemon nitidus",-0.0134146341463415,"random",6,7,2,4,7,4,2,4,0.5
184,321,6,15,0,0.013,1.1,0.285,1,"Galearis rotundifolia","Phlox hoodii",-0.0134146341463415,"random",6,7,2,3,10,8,2,8,0.25
184,342,6,17,1,0.015,1.2,0.6369,0.76411,"Galearis rotundifolia","Populus tremuloides",-0.0024390243902439,"random",6,7,2,4,4,1,0,4,0
184,354,6,23,1,0.021,1.7,0.45752,0.87132,"Galearis rotundifolia","Prunus virginiana",-0.00853658536585366,"random",6,7,2,4,7,4,2,4,0.5
184,356,6,25,0,0.022,1.8,0.10363,1,"Galearis rotundifolia","Pulsatilla nuttalliana",-0.0219512195121951,"random",6,7,2,3,11,9,2,9,0.222222222222222
184,376,6,18,1,0.016,1.3,0.60605,0.78589,"Galearis rotundifolia","Rosa woodsii",-0.00365853658536585,"random",6,7,2,6,8,3,2,3,0.666666666666667
184,409,6,25,2,0.022,1.8,0.741,0.59743,"Galearis rotundifolia","Shepherdia canadensis",0.0024390243902439,"random",6,7,2,4,5,2,0,4,0
184,430,6,30,2,0.027,2.2,0.61712,0.71919,"Galearis rotundifolia","Symphoricarpos occidentalis",-0.0024390243902439,"random",6,7,2,6,8,3,2,3,0.666666666666667
184,434,6,16,2,0.014,1.2,0.91482,0.33217,"Galearis rotundifolia","Symphyotrichum laeve",0.00975609756097561,"random",6,7,2,6,10,5,2,5,0.4
184,442,6,30,0,0.027,2.2,0.05814,1,"Galearis rotundifolia","Thermopsis rhombifolia",-0.0268292682926829,"random",6,7,2,4,7,4,2,4,0.5
184,448,6,18,0,0.016,1.3,0.21411,1,"Galearis rotundifolia","Tragopogon dubius",-0.0158536585365854,"random",6,7,2,5,10,6,2,6,0.333333333333333
184,454,6,18,2,0.016,1.3,0.88367,0.39395,"Galearis rotundifolia","Trifolium pratense",0.00853658536585366,"random",6,7,2,6,10,5,2,5,0.4
184,475,6,16,1,0.014,1.2,0.66783,0.74052,"Galearis rotundifolia","Vicia americana",-0.0024390243902439,"random",6,7,2,5,9,5,2,5,0.4
184,476,6,14,1,0.012,1,0.72935,0.68742,"Galearis rotundifolia","Vicia cracca",0,"random",6,7,2,5,11,7,2,7,0.285714285714286
184,477,6,15,2,0.013,1.1,0.92854,0.30129,"Galearis rotundifolia","Viola adunca",0.0109756097560976,"random",6,7,2,4,9,6,2,6,0.333333333333333
184,488,6,14,3,0.012,1,0.99309,0.05901,"Galearis rotundifolia","Zizia aptera",0.024390243902439,"random",6,7,2,5,7,3,2,3,0.666666666666667
186,190,28,12,7,0.05,4.1,0.98583,0.05937,"Galium boreale","Geranium viscosissimum",0.0353658536585366,"random",6,8,3,5,11,7,3,7,0.428571428571429
186,192,28,22,12,0.092,7.5,0.99511,0.01921,"Galium boreale","Geum triflorum",0.0548780487804878,"positive",6,8,3,4,7,4,2,5,0.4
186,193,28,14,6,0.058,4.8,0.85603,0.32225,"Galium boreale","Glycyrrhiza lepidota",0.0146341463414634,"random",6,8,3,6,8,3,3,3,1
186,195,28,13,3,0.054,4.4,0.28086,0.89488,"Galium boreale","Grindelia squarrosa",-0.0170731707317073,"random",6,8,3,7,11,5,2,6,0.333333333333333
186,196,28,14,4,0.058,4.8,0.44004,0.78281,"Galium boreale","Gutierrezia sarothrae",-0.00975609756097561,"random",6,8,3,6,9,4,3,4,0.75
186,199,28,11,9,0.046,3.8,0.99995,0.00076,"Galium boreale","Hedysarum alpinum",0.0634146341463415,"positive",6,8,3,5,9,5,3,5,0.6
186,200,28,16,11,0.067,5.5,0.99975,0.00188,"Galium boreale","Hedysarum boreale",0.0670731707317073,"positive",6,8,3,4,10,7,3,7,0.428571428571429
186,201,28,3,1,0.012,1,0.73252,0.71992,"Galium boreale","Hedysarum sulphurescens",0,"random",6,8,3,5,8,4,3,4,0.75
186,202,28,6,1,0.025,2,0.32664,0.92624,"Galium boreale","Helianthus annuus",-0.0121951219512195,"random",6,8,3,6,11,6,3,6,0.5
186,204,28,4,2,0.017,1.4,0.88715,0.42211,"Galium boreale","Helianthus pauciflorus",0.00731707317073171,"random",6,8,3,7,9,3,2,4,0.5
186,206,28,8,3,0.033,2.7,0.73292,0.55776,"Galium boreale","Heracleum maximum",0.00365853658536585,"random",6,8,3,6,8,3,3,3,1
186,207,28,5,0,0.021,1.7,0.11591,1,"Galium boreale","Hesperostipa comata",-0.0207317073170732,"random",6,8,3,6,6,1,1,3,0.333333333333333
186,208,28,13,3,0.054,4.4,0.28086,0.89488,"Galium boreale","Heterotheca villosa",-0.0170731707317073,"random",6,8,3,6,10,5,3,5,0.6
186,209,28,4,0,0.017,1.4,0.18081,1,"Galium boreale","Heuchera cylindrica",-0.0170731707317073,"random",6,8,3,6,9,4,3,4,0.75
186,210,28,4,3,0.017,1.4,0.98829,0.11285,"Galium boreale","Heuchera richardsonii",0.0195121951219512,"random",6,8,3,6,7,2,2,3,0.666666666666667
186,214,28,6,1,0.025,2,0.32664,0.92624,"Galium boreale","Hordeum jubatum",-0.0121951219512195,"random",6,8,3,6,7,2,2,3,0.666666666666667
186,216,28,7,0,0.029,2.4,0.04658,1,"Galium boreale","Hymenoxys richardsonii",-0.0292682926829268,"negative",6,8,3,5,7,3,2,4,0.5
186,217,28,7,3,0.029,2.4,0.82376,0.44876,"Galium boreale","Hyoscyamus niger",0.00731707317073171,"random",6,8,3,5,10,6,3,6,0.5
186,220,28,3,2,0.012,1,0.96301,0.26748,"Galium boreale","Juncus balticus",0.0121951219512195,"random",6,8,3,5,7,3,2,4,0.5
186,221,28,4,1,0.017,1.4,0.57789,0.81919,"Galium boreale","Koeleria macrantha",-0.0048780487804878,"random",6,8,3,6,7,2,2,3,0.666666666666667
186,222,28,7,0,0.029,2.4,0.04658,1,"Galium boreale","Krascheninnikovia lanata",-0.0292682926829268,"negative",6,8,3,5,9,4,3,5,0.6
186,224,28,3,1,0.012,1,0.73252,0.71992,"Galium boreale","Lactuca serriola",0,"random",6,8,3,7,10,4,2,5,0.4
186,225,28,3,1,0.012,1,0.73252,0.71992,"Galium boreale","Lappula squarrosa",0,"random",6,8,3,6,10,5,3,5,0.6
186,226,28,4,3,0.017,1.4,0.98829,0.11285,"Galium boreale","Lathyrus ochroleucus",0.0195121951219512,"random",6,8,3,5,7,3,2,4,0.5
186,227,28,4,0,0.017,1.4,0.18081,1,"Galium boreale","Lepidium densiflorum",-0.0170731707317073,"random",6,8,3,6,7,2,2,3,0.666666666666667
186,231,28,5,1,0.021,1.7,0.44044,0.88409,"Galium boreale","Leucanthemum vulgare",-0.00853658536585366,"random",6,8,3,6,10,5,3,5,0.6
186,233,28,14,1,0.058,4.8,0.01559,0.99852,"Galium boreale","Liatris punctata",-0.0463414634146341,"negative",6,8,3,7,10,4,2,5,0.4
186,234,28,5,2,0.021,1.7,0.78406,0.55956,"Galium boreale","Lilium philadelphicum",0.00365853658536585,"random",6,8,3,5,9,5,3,5,0.6
186,235,28,4,0,0.017,1.4,0.18081,1,"Galium boreale","Linaria dalmatica",-0.0170731707317073,"random",6,8,3,5,10,6,3,6,0.5
186,236,28,11,3,0.046,3.8,0.44167,0.80175,"Galium boreale","Linaria vulgaris",-0.00975609756097561,"random",6,8,3,5,10,6,3,6,0.5
186,239,28,23,11,0.096,7.9,0.96933,0.08622,"Galium boreale","Linum lewisii",0.0378048780487805,"random",6,8,3,5,10,6,3,6,0.5
186,240,28,6,1,0.025,2,0.32664,0.92624,"Galium boreale","Lithospermum incisum",-0.0121951219512195,"random",6,8,3,4,6,3,1,5,0.2
186,241,28,13,9,0.054,4.4,0.9992,0.0057,"Galium boreale","Lithospermum ruderale",0.0560975609756098,"positive",6,8,3,5,7,3,2,4,0.5
186,243,28,3,0,0.012,1,0.28008,1,"Galium boreale","Lomatium foeniculaceum",-0.0121951219512195,"random",6,8,3,4,6,3,1,5,0.2
186,246,28,12,8,0.05,4.1,0.99769,0.01417,"Galium boreale","Lonicera dioica",0.0475609756097561,"positive",6,8,3,6,7,2,2,3,0.666666666666667
186,248,28,4,3,0.017,1.4,0.98829,0.11285,"Galium boreale","Lonicera tatarica",0.0195121951219512,"random",6,8,3,4,7,4,2,5,0.4
186,250,28,6,0,0.025,2,0.07376,1,"Galium boreale","Lotus corniculatus",-0.024390243902439,"random",6,8,3,5,9,5,3,5,0.6
186,252,28,3,3,0.012,1,1,0.03699,"Galium boreale","Lupinus sericeus",0.024390243902439,"positive",6,8,3,6,7,2,2,3,0.666666666666667
186,253,28,7,3,0.029,2.4,0.82376,0.44876,"Galium boreale","Lygodesmia juncea",0.00731707317073171,"random",6,8,3,6,10,5,3,5,0.6
186,256,28,4,0,0.017,1.4,0.18081,1,"Galium boreale","Mahonia repens",-0.0170731707317073,"random",6,8,3,6,6,1,1,3,0.333333333333333
186,257,28,4,1,0.017,1.4,0.57789,0.81919,"Galium boreale","Maianthemum racemosum",-0.0048780487804878,"random",6,8,3,5,7,3,2,4,0.5
186,258,28,30,18,0.125,10.2,0.99997,0.00024,"Galium boreale","Maianthemum stellatum",0.0951219512195122,"positive",6,8,3,5,7,3,2,4,0.5
186,261,28,10,4,0.042,3.4,0.78303,0.46416,"Galium boreale","Medicago lupulina",0.00731707317073171,"random",6,8,3,5,11,7,3,7,0.428571428571429
186,262,28,10,4,0.042,3.4,0.78303,0.46416,"Galium boreale","Medicago sativa",0.00731707317073171,"random",6,8,3,5,10,6,3,6,0.5
186,264,28,9,3,0.037,3.1,0.63472,0.654,"Galium boreale","Melilotus albus",-0.00121951219512195,"random",6,8,3,6,11,6,3,6,0.5
186,265,28,14,6,0.058,4.8,0.85603,0.32225,"Galium boreale","Melilotus officinalis",0.0146341463414634,"random",6,8,3,5,11,7,3,7,0.428571428571429
186,271,28,3,1,0.012,1,0.73252,0.71992,"Galium boreale","Mertensia paniculata",0,"random",6,8,3,5,10,6,3,6,0.5
186,275,28,18,11,0.075,6.1,0.99843,0.00807,"Galium boreale","Monarda fistulosa",0.0597560975609756,"positive",6,8,3,5,9,5,3,5,0.6
186,278,28,11,6,0.046,3.8,0.96699,0.11809,"Galium boreale","Musineon divaricatum",0.0268292682926829,"random",6,8,3,4,7,4,2,5,0.4
186,280,28,3,0,0.012,1,0.28008,1,"Galium boreale","Nassella viridula",-0.0121951219512195,"random",6,8,3,5,7,3,2,4,0.5
186,285,28,13,5,0.054,4.4,0.75416,0.47506,"Galium boreale","Oenothera suffrutescens",0.0073170731707317,"random",6,8,3,5,8,4,3,4,0.75
186,286,28,15,0,0.062,5.1,0.00087,1,"Galium boreale","Opuntia polyacantha",-0.0621951219512195,"negative",6,8,3,5,8,4,3,4,0.75
186,287,28,6,0,0.025,2,0.07376,1,"Galium boreale","Oreocarya glomerata",-0.024390243902439,"random",6,8,3,5,8,4,3,4,0.75
186,290,28,9,4,0.037,3.1,0.85567,0.36528,"Galium boreale","Oxytropis campestris",0.0109756097560976,"random",6,8,3,5,9,5,3,5,0.6
186,292,28,9,3,0.037,3.1,0.63472,0.654,"Galium boreale","Oxytropis sericea",-0.00121951219512195,"random",6,8,3,5,6,2,1,4,0.25
186,292,28,9,3,0.037,3.1,0.63472,0.654,"Galium boreale","Oxytropis sericea",-0.00121951219512195,"random",6,8,3,5,6,2,1,4,0.25
186,293,28,6,2,0.025,2,0.66803,0.67336,"Galium boreale","Oxytropis splendens",0,"random",6,8,3,6,8,3,3,3,1
186,295,28,5,2,0.021,1.7,0.78406,0.55956,"Galium boreale","Packera cana",0.00365853658536585,"random",6,8,3,5,8,4,3,4,0.75
186,296,28,3,1,0.012,1,0.73252,0.71992,"Galium boreale","Packera paupercula",0,"random",6,8,3,6,10,5,3,5,0.6
186,298,28,3,0,0.012,1,0.28008,1,"Galium boreale","Paronychia sessiliflora",-0.0121951219512195,"random",6,8,3,6,8,3,3,3,1
186,300,28,4,0,0.017,1.4,0.18081,1,"Galium boreale","Pedicularis bracteosa",-0.0170731707317073,"random",6,8,3,6,8,3,3,3,1
186,303,28,4,1,0.017,1.4,0.57789,0.81919,"Galium boreale","Pediomelum esculentum",-0.0048780487804878,"random",6,8,3,6,7,2,2,3,0.666666666666667
186,304,28,8,0,0.033,2.7,0.02919,1,"Galium boreale","Pelecyphora vivipara",-0.0329268292682927,"negative",6,8,3,5,7,3,2,4,0.5
186,305,28,3,1,0.012,1,0.73252,0.71992,"Galium boreale","Penstemon albertinus",0,"random",6,8,3,6,7,2,2,3,0.666666666666667
186,306,28,4,0,0.017,1.4,0.18081,1,"Galium boreale","Penstemon albidus",-0.0170731707317073,"random",6,8,3,5,7,3,2,4,0.5
186,307,28,6,1,0.025,2,0.32664,0.92624,"Galium boreale","Penstemon confertus",-0.0121951219512195,"random",6,8,3,6,8,3,3,3,1
186,310,28,15,3,0.062,5.1,0.16475,0.94799,"Galium boreale","Penstemon nitidus",-0.025609756097561,"random",6,8,3,4,7,4,2,5,0.4
186,315,28,6,1,0.025,2,0.32664,0.92624,"Galium boreale","Petasites frigidus",-0.0121951219512195,"random",6,8,3,4,9,6,3,6,0.5
186,318,28,4,0,0.017,1.4,0.18081,1,"Galium boreale","Phalaris arundinacea",-0.0170731707317073,"random",6,8,3,5,10,6,3,6,0.5
186,320,28,6,5,0.025,2,0.99892,0.01623,"Galium boreale","Phleum pratense",0.0365853658536585,"positive",6,8,3,7,7,1,1,3,0.333333333333333
186,321,28,15,7,0.062,5.1,0.92195,0.20165,"Galium boreale","Phlox hoodii",0.0231707317073171,"random",6,8,3,3,10,8,3,8,0.375
186,323,28,6,0,0.025,2,0.07376,1,"Galium boreale","Physaria arenosa",-0.024390243902439,"random",6,8,3,4,7,4,2,5,0.4
186,327,28,5,2,0.021,1.7,0.78406,0.55956,"Galium boreale","Plantago major",0.00365853658536585,"random",6,8,3,6,8,3,3,3,1
186,328,28,5,0,0.021,1.7,0.11591,1,"Galium boreale","Plantago patagonica",-0.0207317073170732,"random",6,8,3,6,8,3,3,3,1
186,335,28,3,1,0.012,1,0.73252,0.71992,"Galium boreale","Poa pratensis",0,"random",6,8,3,5,9,5,3,5,0.6
186,337,28,5,1,0.021,1.7,0.44044,0.88409,"Galium boreale","Polemonium pulcherrimum",-0.00853658536585366,"random",6,8,3,4,9,6,3,6,0.5
186,338,28,6,4,0.025,2,0.98377,0.09991,"Galium boreale","Polygala senega",0.024390243902439,"random",6,8,3,5,7,3,2,4,0.5
186,340,28,6,2,0.025,2,0.66803,0.67336,"Galium boreale","Populus balsamifera",0,"random",6,8,3,4,5,2,0,5,0
186,342,28,17,10,0.071,5.8,0.9959,0.01844,"Galium boreale","Populus tremuloides",0.051219512195122,"positive",6,8,3,4,4,1,0,5,0
186,343,28,10,6,0.042,3.4,0.98401,0.07168,"Galium boreale","Potentilla concinna",0.0317073170731707,"random",6,8,3,4,6,3,1,5,0.2
186,345,28,3,0,0.012,1,0.28008,1,"Galium boreale","Potentilla gracilis",-0.0121951219512195,"random",6,8,3,6,8,3,3,3,1
186,348,28,3,1,0.012,1,0.73252,0.71992,"Galium boreale","Potentilla pulcherrima",0,"random",6,8,3,6,10,5,3,5,0.6
186,351,28,4,1,0.017,1.4,0.57789,0.81919,"Galium boreale","Prosartes trachycarpa",-0.0048780487804878,"random",6,8,3,4,6,3,1,5,0.2
186,354,28,23,8,0.096,7.9,0.63504,0.56784,"Galium boreale","Prunus virginiana",0.00121951219512195,"random",6,8,3,4,7,4,2,5,0.4
186,356,28,25,12,0.104,8.5,0.97651,0.06807,"Galium boreale","Pulsatilla nuttalliana",0.0426829268292683,"random",6,8,3,3,11,9,3,9,0.333333333333333
186,358,28,10,4,0.042,3.4,0.78303,0.46416,"Galium boreale","Pyrola asarifolia",0.00731707317073171,"random",6,8,3,6,9,4,3,4,0.75
186,359,28,4,0,0.017,1.4,0.18081,1,"Galium boreale","Ranunculus acris",-0.0170731707317073,"random",6,8,3,5,10,6,3,6,0.5
186,362,28,6,2,0.025,2,0.66803,0.67336,"Galium boreale","Ratibida columnifera",0,"random",6,8,3,6,10,5,3,5,0.6
186,366,28,3,0,0.012,1,0.28008,1,"Galium boreale","Rhododendron groenlandicum",-0.0121951219512195,"random",6,8,3,5,7,3,2,4,0.5
186,368,28,10,0,0.042,3.4,0.01119,1,"Galium boreale","Rhus aromatica",-0.0414634146341463,"negative",6,8,3,5,5,1,0,4,0
186,371,28,7,4,0.029,2.4,0.95734,0.17624,"Galium boreale","Ribes oxyacanthoides",0.0195121951219512,"random",6,8,3,5,6,2,1,4,0.25
186,373,28,8,3,0.033,2.7,0.73292,0.55776,"Galium boreale","Rosa acicularis",0.00365853658536585,"random",6,8,3,5,7,3,2,4,0.5
186,374,28,8,7,0.033,2.7,0.99991,0.00188,"Galium boreale","Rosa arkansana",0.0524390243902439,"positive",6,8,3,6,9,4,3,4,0.75
186,376,28,18,10,0.075,6.1,0.99193,0.0314,"Galium boreale","Rosa woodsii",0.0475609756097561,"positive",6,8,3,6,8,3,3,3,1
186,377,28,4,1,0.017,1.4,0.57789,0.81919,"Galium boreale","Rubus idaeus",-0.0048780487804878,"random",6,8,3,6,7,2,2,3,0.666666666666667
186,382,28,3,0,0.012,1,0.28008,1,"Galium boreale","Salix barrattiana",-0.0121951219512195,"random",6,8,3,5,7,3,2,4,0.5
186,383,28,4,3,0.017,1.4,0.98829,0.11285,"Galium boreale","Salix bebbiana",0.0195121951219512,"random",6,8,3,5,8,4,3,4,0.75
186,389,28,5,0,0.021,1.7,0.11591,1,"Galium boreale","Salix glauca",-0.0207317073170732,"random",6,8,3,6,7,2,2,3,0.666666666666667
186,390,28,10,3,0.042,3.4,0.53584,0.73536,"Galium boreale","Salix interior",-0.0048780487804878,"random",6,8,3,5,7,3,2,4,0.5
186,393,28,4,0,0.017,1.4,0.18081,1,"Galium boreale","Salsola tragus",-0.0170731707317073,"random",6,8,3,7,10,4,2,5,0.4
186,396,28,3,0,0.012,1,0.28008,1,"Galium boreale","Sarcobatus vermiculatus",-0.0121951219512195,"random",6,8,3,6,7,2,2,3,0.666666666666667
186,408,28,8,2,0.033,2.7,0.44224,0.83168,"Galium boreale","Shepherdia argentea",-0.00853658536585366,"random",6,8,3,4,5,2,0,5,0
186,409,28,25,10,0.104,8.5,0.83976,0.31042,"Galium boreale","Shepherdia canadensis",0.0182926829268293,"random",6,8,3,4,5,2,0,5,0
186,412,28,7,2,0.029,2.4,0.55124,0.7632,"Galium boreale","Sisymbrium loeselii",-0.0048780487804878,"random",6,8,3,5,10,6,3,6,0.5
186,413,28,7,5,0.029,2.4,0.99434,0.04266,"Galium boreale","Sisyrinchium montanum",0.0317073170731707,"positive",6,8,3,5,8,4,3,4,0.75
186,417,28,8,3,0.033,2.7,0.73292,0.55776,"Galium boreale","Solidago missouriensis",0.00365853658536585,"random",6,8,3,6,9,4,3,4,0.75
186,419,28,3,0,0.012,1,0.28008,1,"Galium boreale","Solidago multiradiata",-0.0121951219512195,"random",6,8,3,6,9,4,3,4,0.75
186,420,28,3,2,0.012,1,0.96301,0.26748,"Galium boreale","Solidago rigida",0.0121951219512195,"random",6,8,3,7,10,4,2,5,0.4
186,422,28,3,0,0.012,1,0.28008,1,"Galium boreale","Sonchus arvensis",-0.0121951219512195,"random",6,8,3,7,10,4,2,5,0.4
186,423,28,8,0,0.033,2.7,0.02919,1,"Galium boreale","Sphaeralcea coccinea",-0.0329268292682927,"negative",6,8,3,5,9,5,3,5,0.6
186,426,28,3,0,0.012,1,0.28008,1,"Galium boreale","Sporobolus rigidus",-0.0121951219512195,"random",6,8,3,7,8,2,2,3,0.666666666666667
186,430,28,30,18,0.125,10.2,0.99997,0.00024,"Galium boreale","Symphoricarpos occidentalis",0.0951219512195122,"positive",6,8,3,6,8,3,3,3,1
186,432,28,3,3,0.012,1,1,0.03699,"Galium boreale","Symphyotrichum ericoides",0.024390243902439,"positive",6,8,3,7,10,4,2,5,0.4
186,434,28,16,11,0.067,5.5,0.99975,0.00188,"Galium boreale","Symphyotrichum laeve",0.0670731707317073,"positive",6,8,3,6,10,5,3,5,0.6
186,437,28,7,0,0.029,2.4,0.04658,1,"Galium boreale","Tanacetum vulgare",-0.0292682926829268,"negative",6,8,3,7,10,4,2,5,0.4
186,438,28,12,7,0.05,4.1,0.98583,0.05937,"Galium boreale","Taraxacum officinale",0.0353658536585366,"random",6,8,3,3,11,9,3,9,0.333333333333333
186,442,28,30,16,0.125,10.2,0.99869,0.00575,"Galium boreale","Thermopsis rhombifolia",0.0707317073170732,"positive",6,8,3,4,7,4,2,5,0.4
186,444,28,10,5,0.042,3.4,0.92832,0.21697,"Galium boreale","Thlaspi arvense",0.0195121951219512,"random",6,8,3,4,9,6,3,6,0.5
186,448,28,18,6,0.075,6.1,0.58502,0.63582,"Galium boreale","Tragopogon dubius",-0.00121951219512195,"random",6,8,3,5,10,6,3,6,0.5
186,450,28,5,1,0.021,1.7,0.44044,0.88409,"Galium boreale","Triantha glutinosa",-0.00853658536585366,"random",6,8,3,6,8,3,3,3,1
186,453,28,4,3,0.017,1.4,0.98829,0.11285,"Galium boreale","Trifolium hybridum",0.0195121951219512,"random",6,8,3,6,10,5,3,5,0.6
186,454,28,18,8,0.075,6.1,0.90583,0.22128,"Galium boreale","Trifolium pratense",0.0231707317073171,"random",6,8,3,6,10,5,3,5,0.6
186,455,28,5,1,0.021,1.7,0.44044,0.88409,"Galium boreale","Trifolium repens",-0.00853658536585366,"random",6,8,3,5,10,6,3,6,0.5
186,458,28,7,3,0.029,2.4,0.82376,0.44876,"Galium boreale","Tripleurospermum inodorum",0.00731707317073171,"random",6,8,3,5,11,7,3,7,0.428571428571429
186,460,28,6,2,0.025,2,0.66803,0.67336,"Galium boreale","Typha latifolia",0,"random",6,8,3,6,7,2,2,3,0.666666666666667
186,461,28,3,0,0.012,1,0.28008,1,"Galium boreale","Urtica gracilis",-0.0121951219512195,"random",6,8,3,6,8,3,3,3,1
186,468,28,3,0,0.012,1,0.28008,1,"Galium boreale","Valeriana sitchensis",-0.0121951219512195,"random",6,8,3,6,9,4,3,4,0.75
186,469,28,3,1,0.012,1,0.73252,0.71992,"Galium boreale","Veratrum viride",0,"random",6,8,3,7,8,2,2,3,0.666666666666667
186,470,28,3,1,0.012,1,0.73252,0.71992,"Galium boreale","Verbascum thapsus",0,"random",6,8,3,6,10,5,3,5,0.6
186,471,28,3,0,0.012,1,0.28008,1,"Galium boreale","Verbena bracteata",-0.0121951219512195,"random",6,8,3,6,10,5,3,5,0.6
186,473,28,3,1,0.012,1,0.73252,0.71992,"Galium boreale","Viburnum edule",0,"random",6,8,3,5,8,4,3,4,0.75
186,475,28,16,8,0.067,5.5,0.96069,0.11679,"Galium boreale","Vicia americana",0.0304878048780488,"random",6,8,3,5,9,5,3,5,0.6
186,476,28,14,4,0.058,4.8,0.44004,0.78281,"Galium boreale","Vicia cracca",-0.00975609756097561,"random",6,8,3,5,11,7,3,7,0.428571428571429
186,477,28,15,12,0.062,5.1,0.99999,8e-05,"Galium boreale","Viola adunca",0.0841463414634146,"positive",6,8,3,4,9,6,3,6,0.5
186,478,28,3,0,0.012,1,0.28008,1,"Galium boreale","Viola canadensis",-0.0121951219512195,"random",6,8,3,5,10,6,3,6,0.5
186,479,28,6,0,0.025,2,0.07376,1,"Galium boreale","Viola nuttallii",-0.024390243902439,"random",6,8,3,4,6,3,1,5,0.2
186,484,28,3,0,0.012,1,0.28008,1,"Galium boreale","Xanthisma spinulosum",-0.0121951219512195,"random",6,8,3,6,10,5,3,5,0.6
186,486,28,3,1,0.012,1,0.73252,0.71992,"Galium boreale","Xerophyllum tenax",0,"random",6,8,3,5,8,4,3,4,0.75
186,488,28,14,11,0.058,4.8,0.99998,0.00026,"Galium boreale","Zizia aptera",0.075609756097561,"positive",6,8,3,5,7,3,2,4,0.5
190,192,12,22,9,0.039,3.2,0.99999,0.00022,"Geranium viscosissimum","Geum triflorum",0.0707317073170732,"positive",5,11,7,4,7,4,3,8,0.375
190,193,12,14,3,0.025,2,0.88283,0.33368,"Geranium viscosissimum","Glycyrrhiza lepidota",0.0121951219512195,"random",5,11,7,6,8,3,3,7,0.428571428571429
190,195,12,13,2,0.023,1.9,0.71271,0.60742,"Geranium viscosissimum","Grindelia squarrosa",0.00121951219512195,"random",5,11,7,7,11,5,5,7,0.714285714285714
190,196,12,14,2,0.025,2,0.66632,0.65304,"Geranium viscosissimum","Gutierrezia sarothrae",0,"random",5,11,7,6,9,4,4,7,0.571428571428571
190,199,12,11,3,0.02,1.6,0.94935,0.19897,"Geranium viscosissimum","Hedysarum alpinum",0.0170731707317073,"random",5,11,7,5,9,5,5,7,0.714285714285714
190,200,12,16,3,0.029,2.3,0.82263,0.42756,"Geranium viscosissimum","Hedysarum boreale",0.00853658536585366,"random",5,11,7,4,10,7,6,8,0.75
190,206,12,8,1,0.014,1.2,0.66848,0.73513,"Geranium viscosissimum","Heracleum maximum",-0.0024390243902439,"random",5,11,7,6,8,3,3,7,0.428571428571429
190,208,12,13,1,0.023,1.9,0.39258,0.8936,"Geranium viscosissimum","Heterotheca villosa",-0.0109756097560976,"random",5,11,7,6,10,5,5,7,0.714285714285714
190,216,12,7,0,0.012,1,0.31532,1,"Geranium viscosissimum","Hymenoxys richardsonii",-0.0121951219512195,"random",5,11,7,5,7,3,3,7,0.428571428571429
190,217,12,7,1,0.012,1,0.72918,0.68468,"Geranium viscosissimum","Hyoscyamus niger",0,"random",5,11,7,5,10,6,6,7,0.857142857142857
190,222,12,7,0,0.012,1,0.31532,1,"Geranium viscosissimum","Krascheninnikovia lanata",-0.0121951219512195,"random",5,11,7,5,9,4,5,7,0.714285714285714
190,233,12,14,1,0.025,2,0.34696,0.9121,"Geranium viscosissimum","Liatris punctata",-0.0121951219512195,"random",5,11,7,7,10,4,4,7,0.571428571428571
190,236,12,11,0,0.02,1.6,0.15453,1,"Geranium viscosissimum","Linaria vulgaris",-0.0195121951219512,"random",5,11,7,5,10,6,6,7,0.857142857142857
190,239,12,23,2,0.041,3.4,0.28307,0.90879,"Geranium viscosissimum","Linum lewisii",-0.0170731707317073,"random",5,11,7,5,10,6,6,7,0.857142857142857
190,241,12,13,9,0.023,1.9,1,0,"Geranium viscosissimum","Lithospermum ruderale",0.0865853658536585,"positive",5,11,7,5,7,3,3,7,0.428571428571429
190,246,12,12,2,0.021,1.8,0.75786,0.55817,"Geranium viscosissimum","Lonicera dioica",0.0024390243902439,"random",5,11,7,6,7,2,2,7,0.285714285714286
190,253,12,7,0,0.012,1,0.31532,1,"Geranium viscosissimum","Lygodesmia juncea",-0.0121951219512195,"random",5,11,7,6,10,5,5,7,0.714285714285714
190,258,12,30,5,0.054,4.4,0.76677,0.46335,"Geranium viscosissimum","Maianthemum stellatum",0.0073170731707317,"random",5,11,7,5,7,3,3,7,0.428571428571429
190,261,12,10,0,0.018,1.5,0.18544,1,"Geranium viscosissimum","Medicago lupulina",-0.0182926829268293,"random",5,11,7,5,11,7,7,7,1
190,262,12,10,0,0.018,1.5,0.18544,1,"Geranium viscosissimum","Medicago sativa",-0.0182926829268293,"random",5,11,7,5,10,6,6,7,0.857142857142857
190,264,12,9,0,0.016,1.3,0.22192,1,"Geranium viscosissimum","Melilotus albus",-0.0158536585365854,"random",5,11,7,6,11,6,6,7,0.857142857142857
190,265,12,14,0,0.025,2,0.0879,1,"Geranium viscosissimum","Melilotus officinalis",-0.024390243902439,"random",5,11,7,5,11,7,7,7,1
190,275,12,18,7,0.032,2.6,0.99964,0.00329,"Geranium viscosissimum","Monarda fistulosa",0.0536585365853659,"positive",5,11,7,5,9,5,5,7,0.714285714285714
190,278,12,11,2,0.02,1.6,0.80103,0.5055,"Geranium viscosissimum","Musineon divaricatum",0.0048780487804878,"random",5,11,7,4,7,4,3,8,0.375
190,285,12,13,5,0.023,1.9,0.99727,0.01949,"Geranium viscosissimum","Oenothera suffrutescens",0.0378048780487805,"positive",5,11,7,5,8,4,4,7,0.571428571428571
190,286,12,15,0,0.027,2.2,0.07238,1,"Geranium viscosissimum","Opuntia polyacantha",-0.0268292682926829,"random",5,11,7,5,8,4,4,7,0.571428571428571
190,290,12,9,1,0.016,1.3,0.60848,0.77808,"Geranium viscosissimum","Oxytropis campestris",-0.00365853658536585,"random",5,11,7,5,9,5,5,7,0.714285714285714
190,292,12,9,2,0.016,1.3,0.87847,0.39152,"Geranium viscosissimum","Oxytropis sericea",0.00853658536585366,"random",5,11,7,5,6,2,2,7,0.285714285714286
190,292,12,9,2,0.016,1.3,0.87847,0.39152,"Geranium viscosissimum","Oxytropis sericea",0.00853658536585366,"random",5,11,7,5,6,2,2,7,0.285714285714286
190,304,12,8,0,0.014,1.2,0.26487,1,"Geranium viscosissimum","Pelecyphora vivipara",-0.0146341463414634,"random",5,11,7,5,7,3,3,7,0.428571428571429
190,310,12,15,2,0.027,2.2,0.61935,0.69495,"Geranium viscosissimum","Penstemon nitidus",-0.0024390243902439,"random",5,11,7,4,7,4,3,8,0.375
190,321,12,15,2,0.027,2.2,0.61935,0.69495,"Geranium viscosissimum","Phlox hoodii",-0.0024390243902439,"random",5,11,7,3,10,8,6,9,0.666666666666667
190,342,12,17,2,0.03,2.5,0.52614,0.76772,"Geranium viscosissimum","Populus tremuloides",-0.00609756097560976,"random",5,11,7,4,4,1,0,8,0
190,343,12,10,3,0.018,1.5,0.96476,0.15852,"Geranium viscosissimum","Potentilla concinna",0.0182926829268293,"random",5,11,7,4,6,3,2,8,0.25
190,354,12,23,6,0.041,3.4,0.98215,0.07275,"Geranium viscosissimum","Prunus virginiana",0.0317073170731707,"random",5,11,7,4,7,4,3,8,0.375
190,356,12,25,8,0.045,3.7,0.99921,0.00594,"Geranium viscosissimum","Pulsatilla nuttalliana",0.0524390243902439,"positive",5,11,7,3,11,9,7,9,0.777777777777778
190,358,12,10,1,0.018,1.5,0.55024,0.81456,"Geranium viscosissimum","Pyrola asarifolia",-0.00609756097560976,"random",5,11,7,6,9,4,4,7,0.571428571428571
190,368,12,10,0,0.018,1.5,0.18544,1,"Geranium viscosissimum","Rhus aromatica",-0.0182926829268293,"random",5,11,7,5,5,1,1,7,0.142857142857143
190,371,12,7,0,0.012,1,0.31532,1,"Geranium viscosissimum","Ribes oxyacanthoides",-0.0121951219512195,"random",5,11,7,5,6,2,2,7,0.285714285714286
190,373,12,8,1,0.014,1.2,0.66848,0.73513,"Geranium viscosissimum","Rosa acicularis",-0.0024390243902439,"random",5,11,7,5,7,3,3,7,0.428571428571429
190,374,12,8,3,0.014,1.2,0.98599,0.08872,"Geranium viscosissimum","Rosa arkansana",0.0219512195121951,"random",5,11,7,6,9,4,4,7,0.571428571428571
190,376,12,18,3,0.032,2.6,0.75219,0.51907,"Geranium viscosissimum","Rosa woodsii",0.0048780487804878,"random",5,11,7,6,8,3,3,7,0.428571428571429
190,390,12,10,0,0.018,1.5,0.18544,1,"Geranium viscosissimum","Salix interior",-0.0182926829268293,"random",5,11,7,5,7,3,3,7,0.428571428571429
190,408,12,8,0,0.014,1.2,0.26487,1,"Geranium viscosissimum","Shepherdia argentea",-0.0146341463414634,"random",5,11,7,4,5,2,1,8,0.125
190,409,12,25,2,0.045,3.7,0.22058,0.93579,"Geranium viscosissimum","Shepherdia canadensis",-0.0207317073170732,"random",5,11,7,4,5,2,1,8,0.125
190,412,12,7,1,0.012,1,0.72918,0.68468,"Geranium viscosissimum","Sisymbrium loeselii",0,"random",5,11,7,5,10,6,6,7,0.857142857142857
190,413,12,7,1,0.012,1,0.72918,0.68468,"Geranium viscosissimum","Sisyrinchium montanum",0,"random",5,11,7,5,8,4,4,7,0.571428571428571
190,417,12,8,0,0.014,1.2,0.26487,1,"Geranium viscosissimum","Solidago missouriensis",-0.0146341463414634,"random",5,11,7,6,9,4,4,7,0.571428571428571
190,423,12,8,0,0.014,1.2,0.26487,1,"Geranium viscosissimum","Sphaeralcea coccinea",-0.0146341463414634,"random",5,11,7,5,9,5,5,7,0.714285714285714
190,430,12,30,4,0.054,4.4,0.53665,0.71228,"Geranium viscosissimum","Symphoricarpos occidentalis",-0.00487804878048781,"random",5,11,7,6,8,3,3,7,0.428571428571429
190,434,12,16,2,0.029,2.3,0.57244,0.73315,"Geranium viscosissimum","Symphyotrichum laeve",-0.00365853658536585,"random",5,11,7,6,10,5,5,7,0.714285714285714
190,437,12,7,0,0.012,1,0.31532,1,"Geranium viscosissimum","Tanacetum vulgare",-0.0121951219512195,"random",5,11,7,7,10,4,4,7,0.571428571428571
190,438,12,12,2,0.021,1.8,0.75786,0.55817,"Geranium viscosissimum","Taraxacum officinale",0.0024390243902439,"random",5,11,7,3,11,9,7,9,0.777777777777778
190,442,12,30,6,0.054,4.4,0.91268,0.23323,"Geranium viscosissimum","Thermopsis rhombifolia",0.0195121951219512,"random",5,11,7,4,7,4,3,8,0.375
190,444,12,10,2,0.018,1.5,0.84148,0.44976,"Geranium viscosissimum","Thlaspi arvense",0.00609756097560976,"random",5,11,7,4,9,6,5,8,0.625
190,448,12,18,1,0.032,2.6,0.2012,0.96036,"Geranium viscosissimum","Tragopogon dubius",-0.0195121951219512,"random",5,11,7,5,10,6,6,7,0.857142857142857
190,454,12,18,1,0.032,2.6,0.2012,0.96036,"Geranium viscosissimum","Trifolium pratense",-0.0195121951219512,"random",5,11,7,6,10,5,5,7,0.714285714285714
190,458,12,7,1,0.012,1,0.72918,0.68468,"Geranium viscosissimum","Tripleurospermum inodorum",0,"random",5,11,7,5,11,7,7,7,1
190,475,12,16,2,0.029,2.3,0.57244,0.73315,"Geranium viscosissimum","Vicia americana",-0.00365853658536585,"random",5,11,7,5,9,5,5,7,0.714285714285714
190,476,12,14,1,0.025,2,0.34696,0.9121,"Geranium viscosissimum","Vicia cracca",-0.0121951219512195,"random",5,11,7,5,11,7,7,7,1
190,477,12,15,3,0.027,2.2,0.85418,0.38065,"Geranium viscosissimum","Viola adunca",0.00975609756097561,"random",5,11,7,4,9,6,5,8,0.625
190,488,12,14,2,0.025,2,0.66632,0.65304,"Geranium viscosissimum","Zizia aptera",0,"random",5,11,7,5,7,3,3,7,0.428571428571429
192,193,22,14,1,0.046,3.8,0.05959,0.99211,"Geum triflorum","Glycyrrhiza lepidota",-0.0341463414634146,"random",4,7,4,6,8,3,2,5,0.4
192,195,22,13,3,0.043,3.5,0.51831,0.74195,"Geum triflorum","Grindelia squarrosa",-0.00609756097560976,"random",4,7,4,7,11,5,1,8,0.125
192,196,22,14,3,0.046,3.8,0.44665,0.79339,"Geum triflorum","Gutierrezia sarothrae",-0.00975609756097561,"random",4,7,4,6,9,4,2,6,0.333333333333333
192,199,22,11,4,0.036,3,0.86996,0.3318,"Geum triflorum","Hedysarum alpinum",0.0121951219512195,"random",4,7,4,5,9,5,3,6,0.5
192,200,22,16,5,0.052,4.3,0.77974,0.43648,"Geum triflorum","Hedysarum boreale",0.00853658536585366,"random",4,7,4,4,10,7,4,7,0.571428571428571
192,202,22,6,2,0.02,1.6,0.8078,0.51389,"Geum triflorum","Helianthus annuus",0.0048780487804878,"random",4,7,4,6,11,6,2,8,0.25
192,204,22,4,1,0.013,1.1,0.70922,0.7212,"Geum triflorum","Helianthus pauciflorus",-0.00121951219512195,"random",4,7,4,7,9,3,1,6,0.166666666666667
192,206,22,8,0,0.026,2.1,0.07179,1,"Geum triflorum","Heracleum maximum",-0.025609756097561,"random",4,7,4,6,8,3,2,5,0.4
192,207,22,5,2,0.016,1.3,0.88305,0.40666,"Geum triflorum","Hesperostipa comata",0.00853658536585366,"random",4,7,4,6,6,1,1,4,0.25
192,208,22,13,3,0.043,3.5,0.51831,0.74195,"Geum triflorum","Heterotheca villosa",-0.00609756097560976,"random",4,7,4,6,10,5,2,7,0.285714285714286
192,209,22,4,2,0.013,1.1,0.94299,0.29078,"Geum triflorum","Heuchera cylindrica",0.0109756097560976,"random",4,7,4,6,9,4,2,6,0.333333333333333
192,210,22,4,3,0.013,1.1,0.99582,0.05701,"Geum triflorum","Heuchera richardsonii",0.0231707317073171,"random",4,7,4,6,7,2,2,4,0.5
192,214,22,6,1,0.02,1.6,0.48611,0.85703,"Geum triflorum","Hordeum jubatum",-0.00731707317073171,"random",4,7,4,6,7,2,2,4,0.5
192,216,22,7,3,0.023,1.9,0.92067,0.27686,"Geum triflorum","Hymenoxys richardsonii",0.0134146341463415,"random",4,7,4,5,7,3,3,4,0.75
192,217,22,7,1,0.023,1.9,0.3913,0.89841,"Geum triflorum","Hyoscyamus niger",-0.0109756097560976,"random",4,7,4,5,10,6,3,7,0.428571428571429
192,221,22,4,1,0.013,1.1,0.70922,0.7212,"Geum triflorum","Koeleria macrantha",-0.00121951219512195,"random",4,7,4,6,7,2,2,4,0.5
192,222,22,7,1,0.023,1.9,0.3913,0.89841,"Geum triflorum","Krascheninnikovia lanata",-0.0109756097560976,"random",4,7,4,5,9,4,3,6,0.5
192,226,22,4,1,0.013,1.1,0.70922,0.7212,"Geum triflorum","Lathyrus ochroleucus",-0.00121951219512195,"random",4,7,4,5,7,3,3,4,0.75
192,227,22,4,1,0.013,1.1,0.70922,0.7212,"Geum triflorum","Lepidium densiflorum",-0.00121951219512195,"random",4,7,4,6,7,2,2,4,0.5
192,231,22,5,0,0.016,1.3,0.20016,1,"Geum triflorum","Leucanthemum vulgare",-0.0158536585365854,"random",4,7,4,6,10,5,2,7,0.285714285714286
192,233,22,14,3,0.046,3.8,0.44665,0.79339,"Geum triflorum","Liatris punctata",-0.00975609756097561,"random",4,7,4,7,10,4,1,7,0.142857142857143
192,234,22,5,1,0.016,1.3,0.59334,0.79984,"Geum triflorum","Lilium philadelphicum",-0.00365853658536585,"random",4,7,4,5,9,5,3,6,0.5
192,235,22,4,0,0.013,1.1,0.2788,1,"Geum triflorum","Linaria dalmatica",-0.0134146341463415,"random",4,7,4,5,10,6,3,7,0.428571428571429
192,236,22,11,0,0.036,3,0.02447,1,"Geum triflorum","Linaria vulgaris",-0.0365853658536585,"negative",4,7,4,5,10,6,3,7,0.428571428571429
192,239,22,23,3,0.075,6.2,0.06512,0.98356,"Geum triflorum","Linum lewisii",-0.0390243902439024,"random",4,7,4,5,10,6,3,7,0.428571428571429
192,240,22,6,1,0.02,1.6,0.48611,0.85703,"Geum triflorum","Lithospermum incisum",-0.00731707317073171,"random",4,7,4,4,6,3,3,4,0.75
192,241,22,13,11,0.043,3.5,1,0,"Geum triflorum","Lithospermum ruderale",0.0914634146341463,"positive",4,7,4,5,7,3,3,4,0.75
192,246,22,12,5,0.039,3.2,0.94157,0.18119,"Geum triflorum","Lonicera dioica",0.0219512195121951,"random",4,7,4,6,7,2,2,4,0.5
192,248,22,4,3,0.013,1.1,0.99582,0.05701,"Geum triflorum","Lonicera tatarica",0.0231707317073171,"random",4,7,4,4,7,4,4,4,1
192,250,22,6,0,0.02,1.6,0.14297,1,"Geum triflorum","Lotus corniculatus",-0.0195121951219512,"random",4,7,4,5,9,5,3,6,0.5
192,253,22,7,1,0.023,1.9,0.3913,0.89841,"Geum triflorum","Lygodesmia juncea",-0.0109756097560976,"random",4,7,4,6,10,5,2,7,0.285714285714286
192,256,22,4,2,0.013,1.1,0.94299,0.29078,"Geum triflorum","Mahonia repens",0.0109756097560976,"random",4,7,4,6,6,1,1,4,0.25
192,257,22,4,2,0.013,1.1,0.94299,0.29078,"Geum triflorum","Maianthemum racemosum",0.0109756097560976,"random",4,7,4,5,7,3,3,4,0.75
192,258,22,30,10,0.098,8,0.89686,0.22514,"Geum triflorum","Maianthemum stellatum",0.024390243902439,"random",4,7,4,5,7,3,3,4,0.75
192,261,22,10,0,0.033,2.7,0.03524,1,"Geum triflorum","Medicago lupulina",-0.0329268292682927,"negative",4,7,4,5,11,7,3,8,0.375
192,262,22,10,1,0.033,2.7,0.18727,0.96476,"Geum triflorum","Medicago sativa",-0.0207317073170732,"random",4,7,4,5,10,6,3,7,0.428571428571429
192,264,22,9,1,0.029,2.4,0.24253,0.94955,"Geum triflorum","Melilotus albus",-0.0170731707317073,"random",4,7,4,6,11,6,2,8,0.25
192,265,22,14,2,0.046,3.8,0.20661,0.94041,"Geum triflorum","Melilotus officinalis",-0.0219512195121951,"random",4,7,4,5,11,7,3,8,0.375
192,275,22,18,8,0.059,4.8,0.98408,0.05712,"Geum triflorum","Monarda fistulosa",0.0390243902439024,"random",4,7,4,5,9,5,3,6,0.5
192,278,22,11,4,0.036,3,0.86996,0.3318,"Geum triflorum","Musineon divaricatum",0.0121951219512195,"random",4,7,4,4,7,4,4,4,1
192,285,22,13,2,0.043,3.5,0.25805,0.91941,"Geum triflorum","Oenothera suffrutescens",-0.0182926829268293,"random",4,7,4,5,8,4,3,5,0.6
192,286,22,15,2,0.049,4,0.16337,0.95638,"Geum triflorum","Opuntia polyacantha",-0.024390243902439,"random",4,7,4,5,8,4,3,5,0.6
192,287,22,6,0,0.02,1.6,0.14297,1,"Geum triflorum","Oreocarya glomerata",-0.0195121951219512,"random",4,7,4,5,8,4,3,5,0.6
192,290,22,9,2,0.029,2.4,0.54696,0.75747,"Geum triflorum","Oxytropis campestris",-0.0048780487804878,"random",4,7,4,5,9,5,3,6,0.5
192,292,22,9,5,0.029,2.4,0.99019,0.05363,"Geum triflorum","Oxytropis sericea",0.0317073170731707,"random",4,7,4,5,6,2,2,4,0.5
192,292,22,9,5,0.029,2.4,0.99019,0.05363,"Geum triflorum","Oxytropis sericea",0.0317073170731707,"random",4,7,4,5,6,2,2,4,0.5
192,293,22,6,3,0.02,1.6,0.9583,0.1922,"Geum triflorum","Oxytropis splendens",0.0170731707317073,"random",4,7,4,6,8,3,2,5,0.4
192,295,22,5,2,0.016,1.3,0.88305,0.40666,"Geum triflorum","Packera cana",0.00853658536585366,"random",4,7,4,5,8,4,3,5,0.6
192,300,22,4,0,0.013,1.1,0.2788,1,"Geum triflorum","Pedicularis bracteosa",-0.0134146341463415,"random",4,7,4,6,8,3,2,5,0.4
192,303,22,4,1,0.013,1.1,0.70922,0.7212,"Geum triflorum","Pediomelum esculentum",-0.00121951219512195,"random",4,7,4,6,7,2,2,4,0.5
192,304,22,8,2,0.026,2.1,0.63465,0.68982,"Geum triflorum","Pelecyphora vivipara",-0.00121951219512195,"random",4,7,4,5,7,3,3,4,0.75
192,306,22,4,0,0.013,1.1,0.2788,1,"Geum triflorum","Penstemon albidus",-0.0134146341463415,"random",4,7,4,5,7,3,3,4,0.75
192,307,22,6,5,0.02,1.6,0.99979,0.00473,"Geum triflorum","Penstemon confertus",0.0414634146341463,"positive",4,7,4,6,8,3,2,5,0.4
192,310,22,15,5,0.049,4,0.83028,0.36892,"Geum triflorum","Penstemon nitidus",0.0121951219512195,"random",4,7,4,4,7,4,4,4,1
192,315,22,6,0,0.02,1.6,0.14297,1,"Geum triflorum","Petasites frigidus",-0.0195121951219512,"random",4,7,4,4,9,6,4,6,0.666666666666667
192,318,22,4,0,0.013,1.1,0.2788,1,"Geum triflorum","Phalaris arundinacea",-0.0134146341463415,"random",4,7,4,5,10,6,3,7,0.428571428571429
192,320,22,6,1,0.02,1.6,0.48611,0.85703,"Geum triflorum","Phleum pratense",-0.00731707317073171,"random",4,7,4,7,7,1,1,4,0.25
192,321,22,15,5,0.049,4,0.83028,0.36892,"Geum triflorum","Phlox hoodii",0.0121951219512195,"random",4,7,4,3,10,8,4,8,0.5
192,323,22,6,0,0.02,1.6,0.14297,1,"Geum triflorum","Physaria arenosa",-0.0195121951219512,"random",4,7,4,4,7,4,4,4,1
192,327,22,5,0,0.016,1.3,0.20016,1,"Geum triflorum","Plantago major",-0.0158536585365854,"random",4,7,4,6,8,3,2,5,0.4
192,328,22,5,2,0.016,1.3,0.88305,0.40666,"Geum triflorum","Plantago patagonica",0.00853658536585366,"random",4,7,4,6,8,3,2,5,0.4
192,337,22,5,2,0.016,1.3,0.88305,0.40666,"Geum triflorum","Polemonium pulcherrimum",0.00853658536585366,"random",4,7,4,4,9,6,4,6,0.666666666666667
192,338,22,6,1,0.02,1.6,0.48611,0.85703,"Geum triflorum","Polygala senega",-0.00731707317073171,"random",4,7,4,5,7,3,3,4,0.75
192,340,22,6,2,0.02,1.6,0.8078,0.51389,"Geum triflorum","Populus balsamifera",0.0048780487804878,"random",4,7,4,4,5,2,2,4,0.5
192,342,22,17,8,0.056,4.6,0.99036,0.03881,"Geum triflorum","Populus tremuloides",0.0414634146341463,"positive",4,7,4,4,4,1,1,4,0.25
192,343,22,10,5,0.033,2.7,0.97999,0.08724,"Geum triflorum","Potentilla concinna",0.0280487804878049,"random",4,7,4,4,6,3,3,4,0.75
192,351,22,4,1,0.013,1.1,0.70922,0.7212,"Geum triflorum","Prosartes trachycarpa",-0.00121951219512195,"random",4,7,4,4,6,3,3,4,0.75
192,354,22,23,8,0.075,6.2,0.90029,0.228,"Geum triflorum","Prunus virginiana",0.0219512195121951,"random",4,7,4,4,7,4,4,4,1
192,356,22,25,14,0.082,6.7,0.99998,0.00016,"Geum triflorum","Pulsatilla nuttalliana",0.0890243902439024,"positive",4,7,4,3,11,9,4,9,0.444444444444444
192,358,22,10,2,0.033,2.7,0.46355,0.81273,"Geum triflorum","Pyrola asarifolia",-0.00853658536585366,"random",4,7,4,6,9,4,2,6,0.333333333333333
192,359,22,4,0,0.013,1.1,0.2788,1,"Geum triflorum","Ranunculus acris",-0.0134146341463415,"random",4,7,4,5,10,6,3,7,0.428571428571429
192,362,22,6,1,0.02,1.6,0.48611,0.85703,"Geum triflorum","Ratibida columnifera",-0.00731707317073171,"random",4,7,4,6,10,5,2,7,0.285714285714286
192,368,22,10,0,0.033,2.7,0.03524,1,"Geum triflorum","Rhus aromatica",-0.0329268292682927,"negative",4,7,4,5,5,1,1,4,0.25
192,371,22,7,2,0.023,1.9,0.72314,0.6087,"Geum triflorum","Ribes oxyacanthoides",0.00121951219512195,"random",4,7,4,5,6,2,2,4,0.5
192,373,22,8,1,0.026,2.1,0.31018,0.92821,"Geum triflorum","Rosa acicularis",-0.0134146341463415,"random",4,7,4,5,7,3,3,4,0.75
192,374,22,8,5,0.026,2.1,0.996,0.02929,"Geum triflorum","Rosa arkansana",0.0353658536585366,"positive",4,7,4,6,9,4,2,6,0.333333333333333
192,376,22,18,5,0.059,4.8,0.66457,0.56796,"Geum triflorum","Rosa woodsii",0.0024390243902439,"random",4,7,4,6,8,3,2,5,0.4
192,377,22,4,0,0.013,1.1,0.2788,1,"Geum triflorum","Rubus idaeus",-0.0134146341463415,"random",4,7,4,6,7,2,2,4,0.5
192,383,22,4,2,0.013,1.1,0.94299,0.29078,"Geum triflorum","Salix bebbiana",0.0109756097560976,"random",4,7,4,5,8,4,3,5,0.6
192,389,22,5,0,0.016,1.3,0.20016,1,"Geum triflorum","Salix glauca",-0.0158536585365854,"random",4,7,4,6,7,2,2,4,0.5
192,390,22,10,1,0.033,2.7,0.18727,0.96476,"Geum triflorum","Salix interior",-0.0207317073170732,"random",4,7,4,5,7,3,3,4,0.75
192,393,22,4,1,0.013,1.1,0.70922,0.7212,"Geum triflorum","Salsola tragus",-0.00121951219512195,"random",4,7,4,7,10,4,1,7,0.142857142857143
192,408,22,8,1,0.026,2.1,0.31018,0.92821,"Geum triflorum","Shepherdia argentea",-0.0134146341463415,"random",4,7,4,4,5,2,2,4,0.5
192,409,22,25,9,0.082,6.7,0.93283,0.16558,"Geum triflorum","Shepherdia canadensis",0.0280487804878049,"random",4,7,4,4,5,2,2,4,0.5
192,412,22,7,0,0.023,1.9,0.10159,1,"Geum triflorum","Sisymbrium loeselii",-0.0231707317073171,"random",4,7,4,5,10,6,3,7,0.428571428571429
192,413,22,7,3,0.023,1.9,0.92067,0.27686,"Geum triflorum","Sisyrinchium montanum",0.0134146341463415,"random",4,7,4,5,8,4,3,5,0.6
192,417,22,8,3,0.026,2.1,0.87063,0.36535,"Geum triflorum","Solidago missouriensis",0.0109756097560976,"random",4,7,4,6,9,4,2,6,0.333333333333333
192,423,22,8,3,0.026,2.1,0.87063,0.36535,"Geum triflorum","Sphaeralcea coccinea",0.0109756097560976,"random",4,7,4,5,9,5,3,6,0.5
192,430,22,30,7,0.098,8,0.3924,0.7871,"Geum triflorum","Symphoricarpos occidentalis",-0.0121951219512195,"random",4,7,4,6,8,3,2,5,0.4
192,434,22,16,5,0.052,4.3,0.77974,0.43648,"Geum triflorum","Symphyotrichum laeve",0.00853658536585366,"random",4,7,4,6,10,5,2,7,0.285714285714286
192,437,22,7,0,0.023,1.9,0.10159,1,"Geum triflorum","Tanacetum vulgare",-0.0231707317073171,"random",4,7,4,7,10,4,1,7,0.142857142857143
192,438,22,12,4,0.039,3.2,0.81881,0.4071,"Geum triflorum","Taraxacum officinale",0.00975609756097561,"random",4,7,4,3,11,9,4,9,0.444444444444444
192,442,22,30,12,0.098,8,0.9887,0.03822,"Geum triflorum","Thermopsis rhombifolia",0.0487804878048781,"positive",4,7,4,4,7,4,4,4,1
192,444,22,10,1,0.033,2.7,0.18727,0.96476,"Geum triflorum","Thlaspi arvense",-0.0207317073170732,"random",4,7,4,4,9,6,4,6,0.666666666666667
192,448,22,18,4,0.059,4.8,0.43204,0.7848,"Geum triflorum","Tragopogon dubius",-0.00975609756097561,"random",4,7,4,5,10,6,3,7,0.428571428571429
192,450,22,5,0,0.016,1.3,0.20016,1,"Geum triflorum","Triantha glutinosa",-0.0158536585365854,"random",4,7,4,6,8,3,2,5,0.4
192,453,22,4,0,0.013,1.1,0.2788,1,"Geum triflorum","Trifolium hybridum",-0.0134146341463415,"random",4,7,4,6,10,5,2,7,0.285714285714286
192,454,22,18,2,0.059,4.8,0.0752,0.98386,"Geum triflorum","Trifolium pratense",-0.0341463414634146,"random",4,7,4,6,10,5,2,7,0.285714285714286
192,455,22,5,0,0.016,1.3,0.20016,1,"Geum triflorum","Trifolium repens",-0.0158536585365854,"random",4,7,4,5,10,6,3,7,0.428571428571429
192,458,22,7,0,0.023,1.9,0.10159,1,"Geum triflorum","Tripleurospermum inodorum",-0.0231707317073171,"random",4,7,4,5,11,7,3,8,0.375
192,460,22,6,0,0.02,1.6,0.14297,1,"Geum triflorum","Typha latifolia",-0.0195121951219512,"random",4,7,4,6,7,2,2,4,0.5
192,475,22,16,5,0.052,4.3,0.77974,0.43648,"Geum triflorum","Vicia americana",0.00853658536585366,"random",4,7,4,5,9,5,3,6,0.5
192,476,22,14,0,0.046,3.8,0.00789,1,"Geum triflorum","Vicia cracca",-0.0463414634146341,"negative",4,7,4,5,11,7,3,8,0.375
192,477,22,15,8,0.049,4,0.99711,0.01528,"Geum triflorum","Viola adunca",0.0487804878048781,"positive",4,7,4,4,9,6,4,6,0.666666666666667
192,479,22,6,0,0.02,1.6,0.14297,1,"Geum triflorum","Viola nuttallii",-0.0195121951219512,"random",4,7,4,4,6,3,3,4,0.75
192,488,22,14,4,0.046,3.8,0.69748,0.55335,"Geum triflorum","Zizia aptera",0.0024390243902439,"random",4,7,4,5,7,3,3,4,0.75
193,195,14,13,3,0.027,2.2,0.84881,0.38843,"Glycyrrhiza lepidota","Grindelia squarrosa",0.00975609756097561,"random",6,8,3,7,11,5,2,6,0.333333333333333
193,196,14,14,5,0.029,2.4,0.98823,0.05664,"Glycyrrhiza lepidota","Gutierrezia sarothrae",0.0317073170731707,"random",6,8,3,6,9,4,3,4,0.75
193,199,14,11,3,0.023,1.9,0.9126,0.27955,"Glycyrrhiza lepidota","Hedysarum alpinum",0.0134146341463415,"random",6,8,3,5,9,5,3,5,0.6
193,200,14,16,1,0.033,2.7,0.18402,0.96479,"Glycyrrhiza lepidota","Hedysarum boreale",-0.0207317073170732,"random",6,8,3,4,10,7,3,7,0.428571428571429
193,202,14,6,0,0.012,1,0.31258,1,"Glycyrrhiza lepidota","Helianthus annuus",-0.0121951219512195,"random",6,8,3,6,11,6,3,6,0.5
193,206,14,8,1,0.017,1.4,0.5882,0.7926,"Glycyrrhiza lepidota","Heracleum maximum",-0.0048780487804878,"random",6,8,3,6,8,3,3,3,1
193,208,14,13,3,0.027,2.2,0.84881,0.38843,"Glycyrrhiza lepidota","Heterotheca villosa",0.00975609756097561,"random",6,8,3,6,10,5,3,5,0.6
193,214,14,6,1,0.012,1,0.72935,0.68742,"Glycyrrhiza lepidota","Hordeum jubatum",0,"random",6,8,3,6,7,2,2,3,0.666666666666667
193,216,14,7,0,0.015,1.2,0.255,1,"Glycyrrhiza lepidota","Hymenoxys richardsonii",-0.0146341463414634,"random",6,8,3,5,7,3,2,4,0.5
193,217,14,7,4,0.015,1.2,0.99875,0.01445,"Glycyrrhiza lepidota","Hyoscyamus niger",0.0341463414634146,"positive",6,8,3,5,10,6,3,6,0.5
193,222,14,7,1,0.015,1.2,0.65806,0.745,"Glycyrrhiza lepidota","Krascheninnikovia lanata",-0.0024390243902439,"random",6,8,3,5,9,4,3,5,0.6
193,233,14,14,4,0.029,2.4,0.94336,0.18901,"Glycyrrhiza lepidota","Liatris punctata",0.0195121951219512,"random",6,8,3,7,10,4,2,5,0.4
193,236,14,11,2,0.023,1.9,0.72045,0.59982,"Glycyrrhiza lepidota","Linaria vulgaris",0.00121951219512195,"random",6,8,3,5,10,6,3,6,0.5
193,239,14,23,5,0.048,3.9,0.84798,0.34432,"Glycyrrhiza lepidota","Linum lewisii",0.0134146341463415,"random",6,8,3,5,10,6,3,6,0.5
193,240,14,6,2,0.012,1,0.94099,0.27065,"Glycyrrhiza lepidota","Lithospermum incisum",0.0121951219512195,"random",6,8,3,4,6,3,1,5,0.2
193,241,14,13,1,0.027,2.2,0.29885,0.92968,"Glycyrrhiza lepidota","Lithospermum ruderale",-0.0146341463414634,"random",6,8,3,5,7,3,2,4,0.5
193,246,14,12,2,0.025,2,0.66632,0.65304,"Glycyrrhiza lepidota","Lonicera dioica",0,"random",6,8,3,6,7,2,2,3,0.666666666666667
193,250,14,6,4,0.012,1,0.9996,0.00691,"Glycyrrhiza lepidota","Lotus corniculatus",0.0365853658536585,"positive",6,8,3,5,9,5,3,5,0.6
193,253,14,7,3,0.015,1.2,0.98555,0.09242,"Glycyrrhiza lepidota","Lygodesmia juncea",0.0219512195121951,"random",6,8,3,6,10,5,3,5,0.6
193,258,14,30,6,0.062,5.1,0.80072,0.40252,"Glycyrrhiza lepidota","Maianthemum stellatum",0.0109756097560976,"random",6,8,3,5,7,3,2,4,0.5
193,261,14,10,2,0.021,1.7,0.77285,0.54159,"Glycyrrhiza lepidota","Medicago lupulina",0.00365853658536585,"random",6,8,3,5,11,7,3,7,0.428571428571429
193,262,14,10,4,0.021,1.7,0.98902,0.0622,"Glycyrrhiza lepidota","Medicago sativa",0.0280487804878049,"random",6,8,3,5,10,6,3,6,0.5
193,264,14,9,2,0.019,1.5,0.82234,0.4787,"Glycyrrhiza lepidota","Melilotus albus",0.00609756097560976,"random",6,8,3,6,11,6,3,6,0.5
193,265,14,14,1,0.029,2.4,0.25579,0.94395,"Glycyrrhiza lepidota","Melilotus officinalis",-0.0170731707317073,"random",6,8,3,5,11,7,3,7,0.428571428571429
193,275,14,18,5,0.037,3.1,0.95196,0.15536,"Glycyrrhiza lepidota","Monarda fistulosa",0.0231707317073171,"random",6,8,3,5,9,5,3,5,0.6
193,278,14,11,2,0.023,1.9,0.72045,0.59982,"Glycyrrhiza lepidota","Musineon divaricatum",0.00121951219512195,"random",6,8,3,4,7,4,2,5,0.4
193,285,14,13,3,0.027,2.2,0.84881,0.38843,"Glycyrrhiza lepidota","Oenothera suffrutescens",0.00975609756097561,"random",6,8,3,5,8,4,3,4,0.75
193,286,14,15,2,0.031,2.6,0.504,0.7824,"Glycyrrhiza lepidota","Opuntia polyacantha",-0.00731707317073171,"random",6,8,3,5,8,4,3,4,0.75
193,287,14,6,2,0.012,1,0.94099,0.27065,"Glycyrrhiza lepidota","Oreocarya glomerata",0.0121951219512195,"random",6,8,3,5,8,4,3,4,0.75
193,290,14,9,0,0.019,1.5,0.16816,1,"Glycyrrhiza lepidota","Oxytropis campestris",-0.0182926829268293,"random",6,8,3,5,9,5,3,5,0.6
193,292,14,9,1,0.019,1.5,0.5213,0.83184,"Glycyrrhiza lepidota","Oxytropis sericea",-0.00609756097560976,"random",6,8,3,5,6,2,1,4,0.25
193,292,14,9,1,0.019,1.5,0.5213,0.83184,"Glycyrrhiza lepidota","Oxytropis sericea",-0.00609756097560976,"random",6,8,3,5,6,2,1,4,0.25
193,293,14,6,0,0.012,1,0.31258,1,"Glycyrrhiza lepidota","Oxytropis splendens",-0.0121951219512195,"random",6,8,3,6,8,3,3,3,1
193,304,14,8,1,0.017,1.4,0.5882,0.7926,"Glycyrrhiza lepidota","Pelecyphora vivipara",-0.0048780487804878,"random",6,8,3,5,7,3,2,4,0.5
193,307,14,6,0,0.012,1,0.31258,1,"Glycyrrhiza lepidota","Penstemon confertus",-0.0121951219512195,"random",6,8,3,6,8,3,3,3,1
193,310,14,15,3,0.031,2.6,0.76993,0.496,"Glycyrrhiza lepidota","Penstemon nitidus",0.0048780487804878,"random",6,8,3,4,7,4,2,5,0.4
193,315,14,6,0,0.012,1,0.31258,1,"Glycyrrhiza lepidota","Petasites frigidus",-0.0121951219512195,"random",6,8,3,4,9,6,3,6,0.5
193,320,14,6,2,0.012,1,0.94099,0.27065,"Glycyrrhiza lepidota","Phleum pratense",0.0121951219512195,"random",6,8,3,7,7,1,1,3,0.333333333333333
193,321,14,15,3,0.031,2.6,0.76993,0.496,"Glycyrrhiza lepidota","Phlox hoodii",0.0048780487804878,"random",6,8,3,3,10,8,3,8,0.375
193,323,14,6,2,0.012,1,0.94099,0.27065,"Glycyrrhiza lepidota","Physaria arenosa",0.0121951219512195,"random",6,8,3,4,7,4,2,5,0.4
193,338,14,6,0,0.012,1,0.31258,1,"Glycyrrhiza lepidota","Polygala senega",-0.0121951219512195,"random",6,8,3,5,7,3,2,4,0.5
193,340,14,6,1,0.012,1,0.72935,0.68742,"Glycyrrhiza lepidota","Populus balsamifera",0,"random",6,8,3,4,5,2,0,5,0
193,342,14,17,3,0.035,2.9,0.68067,0.59615,"Glycyrrhiza lepidota","Populus tremuloides",0.00121951219512195,"random",6,8,3,4,4,1,0,5,0
193,343,14,10,2,0.021,1.7,0.77285,0.54159,"Glycyrrhiza lepidota","Potentilla concinna",0.00365853658536585,"random",6,8,3,4,6,3,1,5,0.2
193,354,14,23,5,0.048,3.9,0.84798,0.34432,"Glycyrrhiza lepidota","Prunus virginiana",0.0134146341463415,"random",6,8,3,4,7,4,2,5,0.4
193,356,14,25,3,0.052,4.3,0.32086,0.87216,"Glycyrrhiza lepidota","Pulsatilla nuttalliana",-0.0158536585365854,"random",6,8,3,3,11,9,3,9,0.333333333333333
193,358,14,10,0,0.021,1.7,0.13591,1,"Glycyrrhiza lepidota","Pyrola asarifolia",-0.0207317073170732,"random",6,8,3,6,9,4,3,4,0.75
193,362,14,6,1,0.012,1,0.72935,0.68742,"Glycyrrhiza lepidota","Ratibida columnifera",0,"random",6,8,3,6,10,5,3,5,0.6
193,368,14,10,2,0.021,1.7,0.77285,0.54159,"Glycyrrhiza lepidota","Rhus aromatica",0.00365853658536585,"random",6,8,3,5,5,1,0,4,0
193,371,14,7,1,0.015,1.2,0.65806,0.745,"Glycyrrhiza lepidota","Ribes oxyacanthoides",-0.0024390243902439,"random",6,8,3,5,6,2,1,4,0.25
193,373,14,8,2,0.017,1.4,0.86765,0.4118,"Glycyrrhiza lepidota","Rosa acicularis",0.00731707317073171,"random",6,8,3,5,7,3,2,4,0.5
193,374,14,8,1,0.017,1.4,0.5882,0.7926,"Glycyrrhiza lepidota","Rosa arkansana",-0.0048780487804878,"random",6,8,3,6,9,4,3,4,0.75
193,376,14,18,7,0.037,3.1,0.99833,0.01067,"Glycyrrhiza lepidota","Rosa woodsii",0.0475609756097561,"positive",6,8,3,6,8,3,3,3,1
193,390,14,10,2,0.021,1.7,0.77285,0.54159,"Glycyrrhiza lepidota","Salix interior",0.00365853658536585,"random",6,8,3,5,7,3,2,4,0.5
193,408,14,8,3,0.017,1.4,0.97411,0.13235,"Glycyrrhiza lepidota","Shepherdia argentea",0.0195121951219512,"random",6,8,3,4,5,2,0,5,0
193,409,14,25,1,0.052,4.3,0.03134,0.9965,"Glycyrrhiza lepidota","Shepherdia canadensis",-0.0402439024390244,"negative",6,8,3,4,5,2,0,5,0
193,412,14,7,3,0.015,1.2,0.98555,0.09242,"Glycyrrhiza lepidota","Sisymbrium loeselii",0.0219512195121951,"random",6,8,3,5,10,6,3,6,0.5
193,413,14,7,0,0.015,1.2,0.255,1,"Glycyrrhiza lepidota","Sisyrinchium montanum",-0.0146341463414634,"random",6,8,3,5,8,4,3,4,0.75
193,417,14,8,1,0.017,1.4,0.5882,0.7926,"Glycyrrhiza lepidota","Solidago missouriensis",-0.0048780487804878,"random",6,8,3,6,9,4,3,4,0.75
193,423,14,8,0,0.017,1.4,0.2074,1,"Glycyrrhiza lepidota","Sphaeralcea coccinea",-0.0170731707317073,"random",6,8,3,5,9,5,3,5,0.6
193,430,14,30,8,0.062,5.1,0.97878,0.07541,"Glycyrrhiza lepidota","Symphoricarpos occidentalis",0.0353658536585366,"random",6,8,3,6,8,3,3,3,1
193,434,14,16,6,0.033,2.7,0.99537,0.02555,"Glycyrrhiza lepidota","Symphyotrichum laeve",0.0402439024390244,"positive",6,8,3,6,10,5,3,5,0.6
193,437,14,7,3,0.015,1.2,0.98555,0.09242,"Glycyrrhiza lepidota","Tanacetum vulgare",0.0219512195121951,"random",6,8,3,7,10,4,2,5,0.4
193,438,14,12,3,0.025,2,0.88283,0.33368,"Glycyrrhiza lepidota","Taraxacum officinale",0.0121951219512195,"random",6,8,3,3,11,9,3,9,0.333333333333333
193,442,14,30,5,0.062,5.1,0.59748,0.64097,"Glycyrrhiza lepidota","Thermopsis rhombifolia",-0.00121951219512195,"random",6,8,3,4,7,4,2,5,0.4
193,444,14,10,2,0.021,1.7,0.77285,0.54159,"Glycyrrhiza lepidota","Thlaspi arvense",0.00365853658536585,"random",6,8,3,4,9,6,3,6,0.5
193,448,14,18,4,0.037,3.1,0.84464,0.36617,"Glycyrrhiza lepidota","Tragopogon dubius",0.0109756097560976,"random",6,8,3,5,10,6,3,6,0.5
193,454,14,18,3,0.037,3.1,0.63383,0.64215,"Glycyrrhiza lepidota","Trifolium pratense",-0.00121951219512195,"random",6,8,3,6,10,5,3,5,0.6
193,458,14,7,4,0.015,1.2,0.99875,0.01445,"Glycyrrhiza lepidota","Tripleurospermum inodorum",0.0341463414634146,"positive",6,8,3,5,11,7,3,7,0.428571428571429
193,460,14,6,2,0.012,1,0.94099,0.27065,"Glycyrrhiza lepidota","Typha latifolia",0.0121951219512195,"random",6,8,3,6,7,2,2,3,0.666666666666667
193,475,14,16,5,0.033,2.7,0.97445,0.09909,"Glycyrrhiza lepidota","Vicia americana",0.0280487804878049,"random",6,8,3,5,9,5,3,5,0.6
193,476,14,14,4,0.029,2.4,0.94336,0.18901,"Glycyrrhiza lepidota","Vicia cracca",0.0195121951219512,"random",6,8,3,5,11,7,3,7,0.428571428571429
193,477,14,15,1,0.031,2.6,0.2176,0.95549,"Glycyrrhiza lepidota","Viola adunca",-0.0195121951219512,"random",6,8,3,4,9,6,3,6,0.5
193,479,14,6,2,0.012,1,0.94099,0.27065,"Glycyrrhiza lepidota","Viola nuttallii",0.0121951219512195,"random",6,8,3,4,6,3,1,5,0.2
193,488,14,14,1,0.029,2.4,0.25579,0.94395,"Glycyrrhiza lepidota","Zizia aptera",-0.0170731707317073,"random",6,8,3,5,7,3,2,4,0.5
195,196,13,14,7,0.027,2.2,0.99993,0.00092,"Grindelia squarrosa","Gutierrezia sarothrae",0.0585365853658537,"positive",7,11,5,6,9,4,3,6,0.5
195,199,13,11,1,0.021,1.7,0.44593,0.86975,"Grindelia squarrosa","Hedysarum alpinum",-0.00853658536585366,"random",7,11,5,5,9,5,3,7,0.428571428571429
195,200,13,16,1,0.031,2.5,0.2224,0.95416,"Grindelia squarrosa","Hedysarum boreale",-0.0182926829268293,"random",7,11,5,4,10,7,4,8,0.5
195,206,13,8,0,0.015,1.3,0.2346,1,"Grindelia squarrosa","Heracleum maximum",-0.0158536585365854,"random",7,11,5,6,8,3,2,6,0.333333333333333
195,208,13,13,4,0.025,2.1,0.97123,0.1196,"Grindelia squarrosa","Heterotheca villosa",0.0231707317073171,"random",7,11,5,6,10,5,4,6,0.666666666666667
195,216,13,7,3,0.014,1.1,0.98932,0.07571,"Grindelia squarrosa","Hymenoxys richardsonii",0.0231707317073171,"random",7,11,5,5,7,3,1,7,0.142857142857143
195,217,13,7,1,0.014,1.1,0.69371,0.71621,"Grindelia squarrosa","Hyoscyamus niger",-0.00121951219512195,"random",7,11,5,5,10,6,4,7,0.571428571428571
195,222,13,7,3,0.014,1.1,0.98932,0.07571,"Grindelia squarrosa","Krascheninnikovia lanata",0.0231707317073171,"random",7,11,5,5,9,4,3,7,0.428571428571429
195,233,13,14,6,0.027,2.2,0.99908,0.00744,"Grindelia squarrosa","Liatris punctata",0.0463414634146341,"positive",7,11,5,7,10,4,4,5,0.8
195,236,13,11,2,0.021,1.7,0.76162,0.55407,"Grindelia squarrosa","Linaria vulgaris",0.00365853658536585,"random",7,11,5,5,10,6,4,7,0.571428571428571
195,239,13,23,4,0.044,3.6,0.72436,0.52506,"Grindelia squarrosa","Linum lewisii",0.0048780487804878,"random",7,11,5,5,10,6,4,7,0.571428571428571
195,241,13,13,1,0.025,2.1,0.34352,0.91336,"Grindelia squarrosa","Lithospermum ruderale",-0.0134146341463415,"random",7,11,5,5,7,3,1,7,0.142857142857143
195,246,13,12,0,0.023,1.9,0.1064,1,"Grindelia squarrosa","Lonicera dioica",-0.0231707317073171,"random",7,11,5,6,7,2,1,6,0.166666666666667
195,253,13,7,2,0.014,1.1,0.92429,0.30629,"Grindelia squarrosa","Lygodesmia juncea",0.0109756097560976,"random",7,11,5,6,10,5,4,6,0.666666666666667
195,258,13,30,1,0.058,4.8,0.0153,0.99858,"Grindelia squarrosa","Maianthemum stellatum",-0.0463414634146341,"negative",7,11,5,5,7,3,1,7,0.142857142857143
195,261,13,10,2,0.019,1.6,0.8082,0.49667,"Grindelia squarrosa","Medicago lupulina",0.0048780487804878,"random",7,11,5,5,11,7,5,7,0.714285714285714
195,262,13,10,0,0.019,1.6,0.15895,1,"Grindelia squarrosa","Medicago sativa",-0.0195121951219512,"random",7,11,5,5,10,6,4,7,0.571428571428571
195,264,13,9,1,0.017,1.4,0.56431,0.80661,"Grindelia squarrosa","Melilotus albus",-0.0048780487804878,"random",7,11,5,6,11,6,5,6,0.833333333333333
195,265,13,14,3,0.027,2.2,0.84881,0.38843,"Grindelia squarrosa","Melilotus officinalis",0.00975609756097561,"random",7,11,5,5,11,7,5,7,0.714285714285714
195,275,13,18,3,0.035,2.9,0.69406,0.58301,"Grindelia squarrosa","Monarda fistulosa",0.00121951219512195,"random",7,11,5,5,9,5,3,7,0.428571428571429
195,278,13,11,2,0.021,1.7,0.76162,0.55407,"Grindelia squarrosa","Musineon divaricatum",0.00365853658536585,"random",7,11,5,4,7,4,1,8,0.125
195,285,13,13,3,0.025,2.1,0.8804,0.33759,"Grindelia squarrosa","Oenothera suffrutescens",0.0109756097560976,"random",7,11,5,5,8,4,2,7,0.285714285714286
195,286,13,15,7,0.029,2.4,0.99985,0.00159,"Grindelia squarrosa","Opuntia polyacantha",0.0560975609756098,"positive",7,11,5,5,8,4,2,7,0.285714285714286
195,290,13,9,0,0.017,1.4,0.19339,1,"Grindelia squarrosa","Oxytropis campestris",-0.0170731707317073,"random",7,11,5,5,9,5,3,7,0.428571428571429
195,292,13,9,2,0.017,1.4,0.85147,0.43569,"Grindelia squarrosa","Oxytropis sericea",0.00731707317073171,"random",7,11,5,5,6,2,0,7,0
195,292,13,9,2,0.017,1.4,0.85147,0.43569,"Grindelia squarrosa","Oxytropis sericea",0.00731707317073171,"random",7,11,5,5,6,2,0,7,0
195,304,13,8,3,0.015,1.3,0.98065,0.10953,"Grindelia squarrosa","Pelecyphora vivipara",0.0207317073170732,"random",7,11,5,5,7,3,1,7,0.142857142857143
195,310,13,15,2,0.029,2.4,0.56098,0.74148,"Grindelia squarrosa","Penstemon nitidus",-0.0048780487804878,"random",7,11,5,4,7,4,1,8,0.125
195,321,13,15,6,0.029,2.4,0.99841,0.01134,"Grindelia squarrosa","Phlox hoodii",0.0439024390243902,"positive",7,11,5,3,10,8,4,9,0.444444444444444
195,342,13,17,0,0.033,2.7,0.03681,1,"Grindelia squarrosa","Populus tremuloides",-0.0329268292682927,"negative",7,11,5,4,4,1,0,8,0
195,343,13,10,2,0.019,1.6,0.8082,0.49667,"Grindelia squarrosa","Potentilla concinna",0.0048780487804878,"random",7,11,5,4,6,3,0,8,0
195,354,13,23,4,0.044,3.6,0.72436,0.52506,"Grindelia squarrosa","Prunus virginiana",0.0048780487804878,"random",7,11,5,4,7,4,1,8,0.125
195,356,13,25,4,0.048,4,0.64695,0.60816,"Grindelia squarrosa","Pulsatilla nuttalliana",0,"random",7,11,5,3,11,9,5,9,0.555555555555556
195,358,13,10,0,0.019,1.6,0.15895,1,"Grindelia squarrosa","Pyrola asarifolia",-0.0195121951219512,"random",7,11,5,6,9,4,3,6,0.5
195,368,13,10,3,0.019,1.6,0.95244,0.1918,"Grindelia squarrosa","Rhus aromatica",0.0170731707317073,"random",7,11,5,5,5,1,0,7,0
195,371,13,7,1,0.014,1.1,0.69371,0.71621,"Grindelia squarrosa","Ribes oxyacanthoides",-0.00121951219512195,"random",7,11,5,5,6,2,0,7,0
195,373,13,8,0,0.015,1.3,0.2346,1,"Grindelia squarrosa","Rosa acicularis",-0.0158536585365854,"random",7,11,5,5,7,3,1,7,0.142857142857143
195,374,13,8,2,0.015,1.3,0.89047,0.37188,"Grindelia squarrosa","Rosa arkansana",0.00853658536585366,"random",7,11,5,6,9,4,3,6,0.5
195,376,13,18,1,0.035,2.9,0.16196,0.97055,"Grindelia squarrosa","Rosa woodsii",-0.0231707317073171,"random",7,11,5,6,8,3,2,6,0.333333333333333
195,390,13,10,0,0.019,1.6,0.15895,1,"Grindelia squarrosa","Salix interior",-0.0195121951219512,"random",7,11,5,5,7,3,1,7,0.142857142857143
195,408,13,8,2,0.015,1.3,0.89047,0.37188,"Grindelia squarrosa","Shepherdia argentea",0.00853658536585366,"random",7,11,5,4,5,2,0,8,0
195,409,13,25,3,0.048,4,0.39184,0.8308,"Grindelia squarrosa","Shepherdia canadensis",-0.0121951219512195,"random",7,11,5,4,5,2,0,8,0
195,412,13,7,1,0.014,1.1,0.69371,0.71621,"Grindelia squarrosa","Sisymbrium loeselii",-0.00121951219512195,"random",7,11,5,5,10,6,4,7,0.571428571428571
195,413,13,7,0,0.014,1.1,0.28379,1,"Grindelia squarrosa","Sisyrinchium montanum",-0.0134146341463415,"random",7,11,5,5,8,4,2,7,0.285714285714286
195,417,13,8,1,0.015,1.3,0.62812,0.7654,"Grindelia squarrosa","Solidago missouriensis",-0.00365853658536585,"random",7,11,5,6,9,4,3,6,0.5
195,423,13,8,4,0.015,1.3,0.99799,0.01935,"Grindelia squarrosa","Sphaeralcea coccinea",0.0329268292682927,"positive",7,11,5,5,9,5,3,7,0.428571428571429
195,430,13,30,4,0.058,4.8,0.44419,0.78182,"Grindelia squarrosa","Symphoricarpos occidentalis",-0.00975609756097561,"random",7,11,5,6,8,3,2,6,0.333333333333333
195,434,13,16,3,0.031,2.5,0.77617,0.48868,"Grindelia squarrosa","Symphyotrichum laeve",0.00609756097560976,"random",7,11,5,6,10,5,4,6,0.666666666666667
195,437,13,7,1,0.014,1.1,0.69371,0.71621,"Grindelia squarrosa","Tanacetum vulgare",-0.00121951219512195,"random",7,11,5,7,10,4,4,5,0.8
195,438,13,12,0,0.023,1.9,0.1064,1,"Grindelia squarrosa","Taraxacum officinale",-0.0231707317073171,"random",7,11,5,3,11,9,5,9,0.555555555555556
195,442,13,30,5,0.058,4.8,0.68458,0.55581,"Grindelia squarrosa","Thermopsis rhombifolia",0.0024390243902439,"random",7,11,5,4,7,4,1,8,0.125
195,444,13,10,1,0.019,1.6,0.50333,0.84105,"Grindelia squarrosa","Thlaspi arvense",-0.00731707317073171,"random",7,11,5,4,9,6,3,8,0.375
195,448,13,18,2,0.035,2.9,0.41699,0.83804,"Grindelia squarrosa","Tragopogon dubius",-0.0109756097560976,"random",7,11,5,5,10,6,4,7,0.571428571428571
195,454,13,18,0,0.035,2.9,0.02945,1,"Grindelia squarrosa","Trifolium pratense",-0.0353658536585366,"negative",7,11,5,6,10,5,4,6,0.666666666666667
195,458,13,7,2,0.014,1.1,0.92429,0.30629,"Grindelia squarrosa","Tripleurospermum inodorum",0.0109756097560976,"random",7,11,5,5,11,7,5,7,0.714285714285714
195,475,13,16,4,0.031,2.5,0.92718,0.22383,"Grindelia squarrosa","Vicia americana",0.0182926829268293,"random",7,11,5,5,9,5,3,7,0.428571428571429
195,476,13,14,3,0.027,2.2,0.84881,0.38843,"Grindelia squarrosa","Vicia cracca",0.00975609756097561,"random",7,11,5,5,11,7,5,7,0.714285714285714
195,477,13,15,1,0.029,2.4,0.25852,0.94313,"Grindelia squarrosa","Viola adunca",-0.0170731707317073,"random",7,11,5,4,9,6,3,8,0.375
195,488,13,14,1,0.027,2.2,0.29885,0.92968,"Grindelia squarrosa","Zizia aptera",-0.0146341463414634,"random",7,11,5,5,7,3,1,7,0.142857142857143
196,199,14,11,3,0.023,1.9,0.9126,0.27955,"Gutierrezia sarothrae","Hedysarum alpinum",0.0134146341463415,"random",6,9,4,5,9,5,4,5,0.8
196,200,14,16,2,0.033,2.7,0.4527,0.81598,"Gutierrezia sarothrae","Hedysarum boreale",-0.00853658536585366,"random",6,9,4,4,10,7,4,7,0.571428571428571
196,202,14,6,2,0.012,1,0.94099,0.27065,"Gutierrezia sarothrae","Helianthus annuus",0.0121951219512195,"random",6,9,4,6,11,6,4,6,0.666666666666667
196,206,14,8,0,0.017,1.4,0.2074,1,"Gutierrezia sarothrae","Heracleum maximum",-0.0170731707317073,"random",6,9,4,6,8,3,3,4,0.75
196,208,14,13,4,0.027,2.2,0.95938,0.15119,"Gutierrezia sarothrae","Heterotheca villosa",0.0219512195121951,"random",6,9,4,6,10,5,4,5,0.8
196,214,14,6,2,0.012,1,0.94099,0.27065,"Gutierrezia sarothrae","Hordeum jubatum",0.0121951219512195,"random",6,9,4,6,7,2,2,4,0.5
196,216,14,7,3,0.015,1.2,0.98555,0.09242,"Gutierrezia sarothrae","Hymenoxys richardsonii",0.0219512195121951,"random",6,9,4,5,7,3,2,5,0.4
196,217,14,7,2,0.015,1.2,0.90758,0.34194,"Gutierrezia sarothrae","Hyoscyamus niger",0.00975609756097561,"random",6,9,4,5,10,6,4,6,0.666666666666667
196,222,14,7,5,0.015,1.2,0.99995,0.00125,"Gutierrezia sarothrae","Krascheninnikovia lanata",0.0463414634146341,"positive",6,9,4,5,9,4,4,5,0.8
196,233,14,14,6,0.029,2.4,0.99833,0.01177,"Gutierrezia sarothrae","Liatris punctata",0.0439024390243902,"positive",6,9,4,7,10,4,3,5,0.6
196,236,14,11,0,0.023,1.9,0.10948,1,"Gutierrezia sarothrae","Linaria vulgaris",-0.0231707317073171,"random",6,9,4,5,10,6,4,6,0.666666666666667
196,239,14,23,5,0.048,3.9,0.84798,0.34432,"Gutierrezia sarothrae","Linum lewisii",0.0134146341463415,"random",6,9,4,5,10,6,4,6,0.666666666666667
196,240,14,6,3,0.012,1,0.99309,0.05901,"Gutierrezia sarothrae","Lithospermum incisum",0.024390243902439,"random",6,9,4,4,6,3,1,6,0.166666666666667
196,241,14,13,0,0.027,2.2,0.07032,1,"Gutierrezia sarothrae","Lithospermum ruderale",-0.0268292682926829,"random",6,9,4,5,7,3,2,5,0.4
196,246,14,12,0,0.025,2,0.0879,1,"Gutierrezia sarothrae","Lonicera dioica",-0.024390243902439,"random",6,9,4,6,7,2,2,4,0.5
196,250,14,6,1,0.012,1,0.72935,0.68742,"Gutierrezia sarothrae","Lotus corniculatus",0,"random",6,9,4,5,9,5,4,5,0.8
196,253,14,7,2,0.015,1.2,0.90758,0.34194,"Gutierrezia sarothrae","Lygodesmia juncea",0.00975609756097561,"random",6,9,4,6,10,5,4,5,0.8
196,258,14,30,4,0.062,5.1,0.35903,0.83816,"Gutierrezia sarothrae","Maianthemum stellatum",-0.0134146341463415,"random",6,9,4,5,7,3,2,5,0.4
196,261,14,10,1,0.021,1.7,0.45841,0.86409,"Gutierrezia sarothrae","Medicago lupulina",-0.00853658536585366,"random",6,9,4,5,11,7,4,7,0.571428571428571
196,262,14,10,0,0.021,1.7,0.13591,1,"Gutierrezia sarothrae","Medicago sativa",-0.0207317073170732,"random",6,9,4,5,10,6,4,6,0.666666666666667
196,264,14,9,1,0.019,1.5,0.5213,0.83184,"Gutierrezia sarothrae","Melilotus albus",-0.00609756097560976,"random",6,9,4,6,11,6,4,6,0.666666666666667
196,265,14,14,3,0.029,2.4,0.81099,0.44282,"Gutierrezia sarothrae","Melilotus officinalis",0.00731707317073171,"random",6,9,4,5,11,7,4,7,0.571428571428571
196,275,14,18,3,0.037,3.1,0.63383,0.64215,"Gutierrezia sarothrae","Monarda fistulosa",-0.00121951219512195,"random",6,9,4,5,9,5,4,5,0.8
196,278,14,11,3,0.023,1.9,0.9126,0.27955,"Gutierrezia sarothrae","Musineon divaricatum",0.0134146341463415,"random",6,9,4,4,7,4,2,6,0.333333333333333
196,285,14,13,5,0.027,2.2,0.99256,0.04062,"Gutierrezia sarothrae","Oenothera suffrutescens",0.0341463414634146,"positive",6,9,4,5,8,4,3,5,0.6
196,286,14,15,8,0.031,2.6,0.99998,0.00032,"Gutierrezia sarothrae","Opuntia polyacantha",0.0658536585365854,"positive",6,9,4,5,8,4,3,5,0.6
196,287,14,6,2,0.012,1,0.94099,0.27065,"Gutierrezia sarothrae","Oreocarya glomerata",0.0121951219512195,"random",6,9,4,5,8,4,3,5,0.6
196,290,14,9,0,0.019,1.5,0.16816,1,"Gutierrezia sarothrae","Oxytropis campestris",-0.0182926829268293,"random",6,9,4,5,9,5,4,5,0.8
196,292,14,9,3,0.019,1.5,0.95829,0.17766,"Gutierrezia sarothrae","Oxytropis sericea",0.0182926829268293,"random",6,9,4,5,6,2,1,5,0.2
196,292,14,9,3,0.019,1.5,0.95829,0.17766,"Gutierrezia sarothrae","Oxytropis sericea",0.0182926829268293,"random",6,9,4,5,6,2,1,5,0.2
196,293,14,6,0,0.012,1,0.31258,1,"Gutierrezia sarothrae","Oxytropis splendens",-0.0121951219512195,"random",6,9,4,6,8,3,3,4,0.75
196,304,14,8,3,0.017,1.4,0.97411,0.13235,"Gutierrezia sarothrae","Pelecyphora vivipara",0.0195121951219512,"random",6,9,4,5,7,3,2,5,0.4
196,307,14,6,0,0.012,1,0.31258,1,"Gutierrezia sarothrae","Penstemon confertus",-0.0121951219512195,"random",6,9,4,6,8,3,3,4,0.75
196,310,14,15,7,0.031,2.6,0.99968,0.00286,"Gutierrezia sarothrae","Penstemon nitidus",0.0536585365853659,"positive",6,9,4,4,7,4,2,6,0.333333333333333
196,315,14,6,0,0.012,1,0.31258,1,"Gutierrezia sarothrae","Petasites frigidus",-0.0121951219512195,"random",6,9,4,4,9,6,4,6,0.666666666666667
196,320,14,6,2,0.012,1,0.94099,0.27065,"Gutierrezia sarothrae","Phleum pratense",0.0121951219512195,"random",6,9,4,7,7,1,1,4,0.25
196,321,14,15,10,0.031,2.6,1,0,"Gutierrezia sarothrae","Phlox hoodii",0.0902439024390244,"positive",6,9,4,3,10,8,4,8,0.5
196,323,14,6,3,0.012,1,0.99309,0.05901,"Gutierrezia sarothrae","Physaria arenosa",0.024390243902439,"random",6,9,4,4,7,4,2,6,0.333333333333333
196,338,14,6,0,0.012,1,0.31258,1,"Gutierrezia sarothrae","Polygala senega",-0.0121951219512195,"random",6,9,4,5,7,3,2,5,0.4
196,340,14,6,0,0.012,1,0.31258,1,"Gutierrezia sarothrae","Populus balsamifera",-0.0121951219512195,"random",6,9,4,4,5,2,0,6,0
196,342,14,17,0,0.035,2.9,0.02774,1,"Gutierrezia sarothrae","Populus tremuloides",-0.0353658536585366,"negative",6,9,4,4,4,1,0,6,0
196,343,14,10,3,0.021,1.7,0.9378,0.22715,"Gutierrezia sarothrae","Potentilla concinna",0.0158536585365854,"random",6,9,4,4,6,3,1,6,0.166666666666667
196,354,14,23,4,0.048,3.9,0.65568,0.59736,"Gutierrezia sarothrae","Prunus virginiana",0.00121951219512195,"random",6,9,4,4,7,4,2,6,0.333333333333333
196,356,14,25,7,0.052,4.3,0.97761,0.0802,"Gutierrezia sarothrae","Pulsatilla nuttalliana",0.0329268292682927,"random",6,9,4,3,11,9,4,9,0.444444444444444
196,358,14,10,0,0.021,1.7,0.13591,1,"Gutierrezia sarothrae","Pyrola asarifolia",-0.0207317073170732,"random",6,9,4,6,9,4,4,4,1
196,362,14,6,2,0.012,1,0.94099,0.27065,"Gutierrezia sarothrae","Ratibida columnifera",0.0121951219512195,"random",6,9,4,6,10,5,4,5,0.8
196,368,14,10,4,0.021,1.7,0.98902,0.0622,"Gutierrezia sarothrae","Rhus aromatica",0.0280487804878049,"random",6,9,4,5,5,1,0,5,0
196,371,14,7,1,0.015,1.2,0.65806,0.745,"Gutierrezia sarothrae","Ribes oxyacanthoides",-0.0024390243902439,"random",6,9,4,5,6,2,1,5,0.2
196,373,14,8,0,0.017,1.4,0.2074,1,"Gutierrezia sarothrae","Rosa acicularis",-0.0170731707317073,"random",6,9,4,5,7,3,2,5,0.4
196,374,14,8,1,0.017,1.4,0.5882,0.7926,"Gutierrezia sarothrae","Rosa arkansana",-0.0048780487804878,"random",6,9,4,6,9,4,4,4,1
196,376,14,18,5,0.037,3.1,0.95196,0.15536,"Gutierrezia sarothrae","Rosa woodsii",0.0231707317073171,"random",6,9,4,6,8,3,3,4,0.75
196,390,14,10,1,0.021,1.7,0.45841,0.86409,"Gutierrezia sarothrae","Salix interior",-0.00853658536585366,"random",6,9,4,5,7,3,2,5,0.4
196,408,14,8,3,0.017,1.4,0.97411,0.13235,"Gutierrezia sarothrae","Shepherdia argentea",0.0195121951219512,"random",6,9,4,4,5,2,0,6,0
196,409,14,25,1,0.052,4.3,0.03134,0.9965,"Gutierrezia sarothrae","Shepherdia canadensis",-0.0402439024390244,"negative",6,9,4,4,5,2,0,6,0
196,412,14,7,1,0.015,1.2,0.65806,0.745,"Gutierrezia sarothrae","Sisymbrium loeselii",-0.0024390243902439,"random",6,9,4,5,10,6,4,6,0.666666666666667
196,413,14,7,0,0.015,1.2,0.255,1,"Gutierrezia sarothrae","Sisyrinchium montanum",-0.0146341463414634,"random",6,9,4,5,8,4,3,5,0.6
196,417,14,8,2,0.017,1.4,0.86765,0.4118,"Gutierrezia sarothrae","Solidago missouriensis",0.00731707317073171,"random",6,9,4,6,9,4,4,4,1
196,423,14,8,5,0.017,1.4,0.9998,0.00301,"Gutierrezia sarothrae","Sphaeralcea coccinea",0.0439024390243902,"positive",6,9,4,5,9,5,4,5,0.8
196,430,14,30,7,0.062,5.1,0.92459,0.19928,"Gutierrezia sarothrae","Symphoricarpos occidentalis",0.0231707317073171,"random",6,9,4,6,8,3,3,4,0.75
196,434,14,16,2,0.033,2.7,0.4527,0.81598,"Gutierrezia sarothrae","Symphyotrichum laeve",-0.00853658536585366,"random",6,9,4,6,10,5,4,5,0.8
196,437,14,7,0,0.015,1.2,0.255,1,"Gutierrezia sarothrae","Tanacetum vulgare",-0.0146341463414634,"random",6,9,4,7,10,4,3,5,0.6
196,438,14,12,0,0.025,2,0.0879,1,"Gutierrezia sarothrae","Taraxacum officinale",-0.024390243902439,"random",6,9,4,3,11,9,4,9,0.444444444444444
196,442,14,30,8,0.062,5.1,0.97878,0.07541,"Gutierrezia sarothrae","Thermopsis rhombifolia",0.0353658536585366,"random",6,9,4,4,7,4,2,6,0.333333333333333
196,444,14,10,2,0.021,1.7,0.77285,0.54159,"Gutierrezia sarothrae","Thlaspi arvense",0.00365853658536585,"random",6,9,4,4,9,6,4,6,0.666666666666667
196,448,14,18,3,0.037,3.1,0.63383,0.64215,"Gutierrezia sarothrae","Tragopogon dubius",-0.00121951219512195,"random",6,9,4,5,10,6,4,6,0.666666666666667
196,454,14,18,0,0.037,3.1,0.02177,1,"Gutierrezia sarothrae","Trifolium pratense",-0.0378048780487805,"negative",6,9,4,6,10,5,4,5,0.8
196,458,14,7,1,0.015,1.2,0.65806,0.745,"Gutierrezia sarothrae","Tripleurospermum inodorum",-0.0024390243902439,"random",6,9,4,5,11,7,4,7,0.571428571428571
196,460,14,6,1,0.012,1,0.72935,0.68742,"Gutierrezia sarothrae","Typha latifolia",0,"random",6,9,4,6,7,2,2,4,0.5
196,475,14,16,5,0.033,2.7,0.97445,0.09909,"Gutierrezia sarothrae","Vicia americana",0.0280487804878049,"random",6,9,4,5,9,5,4,5,0.8
196,476,14,14,1,0.029,2.4,0.25579,0.94395,"Gutierrezia sarothrae","Vicia cracca",-0.0170731707317073,"random",6,9,4,5,11,7,4,7,0.571428571428571
196,477,14,15,1,0.031,2.6,0.2176,0.95549,"Gutierrezia sarothrae","Viola adunca",-0.0195121951219512,"random",6,9,4,4,9,6,4,6,0.666666666666667
196,479,14,6,4,0.012,1,0.9996,0.00691,"Gutierrezia sarothrae","Viola nuttallii",0.0365853658536585,"positive",6,9,4,4,6,3,1,6,0.166666666666667
196,488,14,14,0,0.029,2.4,0.05605,1,"Gutierrezia sarothrae","Zizia aptera",-0.0292682926829268,"random",6,9,4,5,7,3,2,5,0.4
199,200,11,16,5,0.026,2.1,0.99426,0.03409,"Hedysarum alpinum","Hedysarum boreale",0.0353658536585366,"positive",5,9,5,4,10,7,5,7,0.714285714285714
199,206,11,8,1,0.013,1.1,0.70895,0.7015,"Hedysarum alpinum","Heracleum maximum",-0.00121951219512195,"random",5,9,5,6,8,3,3,5,0.6
199,208,11,13,1,0.021,1.7,0.44593,0.86975,"Hedysarum alpinum","Heterotheca villosa",-0.00853658536585366,"random",5,9,5,6,10,5,4,6,0.666666666666667
199,233,11,14,0,0.023,1.9,0.10948,1,"Hedysarum alpinum","Liatris punctata",-0.0231707317073171,"random",5,9,5,7,10,4,3,6,0.5
199,236,11,11,0,0.018,1.5,0.18286,1,"Hedysarum alpinum","Linaria vulgaris",-0.0182926829268293,"random",5,9,5,5,10,6,5,6,0.833333333333333
199,239,11,23,8,0.038,3.1,0.9999,0.00124,"Hedysarum alpinum","Linum lewisii",0.0597560975609756,"positive",5,9,5,5,10,6,5,6,0.833333333333333
199,241,11,13,2,0.021,1.7,0.76162,0.55407,"Hedysarum alpinum","Lithospermum ruderale",0.00365853658536585,"random",5,9,5,5,7,3,3,5,0.6
199,246,11,12,4,0.02,1.6,0.99173,0.05065,"Hedysarum alpinum","Lonicera dioica",0.0292682926829268,"random",5,9,5,6,7,2,2,5,0.4
199,258,11,30,5,0.049,4,0.83972,0.36747,"Hedysarum alpinum","Maianthemum stellatum",0.0121951219512195,"random",5,9,5,5,7,3,3,5,0.6
199,261,11,10,1,0.016,1.3,0.59878,0.78416,"Hedysarum alpinum","Medicago lupulina",-0.00365853658536585,"random",5,9,5,5,11,7,5,7,0.714285714285714
199,262,11,10,0,0.016,1.3,0.21584,1,"Hedysarum alpinum","Medicago sativa",-0.0158536585365854,"random",5,9,5,5,10,6,5,6,0.833333333333333
199,264,11,9,0,0.015,1.2,0.25413,1,"Hedysarum alpinum","Melilotus albus",-0.0146341463414634,"random",5,9,5,6,11,6,4,7,0.571428571428571
199,265,11,14,1,0.023,1.9,0.40018,0.89052,"Hedysarum alpinum","Melilotus officinalis",-0.0109756097560976,"random",5,9,5,5,11,7,5,7,0.714285714285714
199,275,11,18,5,0.029,2.4,0.98831,0.05757,"Hedysarum alpinum","Monarda fistulosa",0.0317073170731707,"random",5,9,5,5,9,5,5,5,1
199,278,11,11,2,0.018,1.5,0.83811,0.45441,"Hedysarum alpinum","Musineon divaricatum",0.00609756097560976,"random",5,9,5,4,7,4,3,6,0.5
199,285,11,13,2,0.021,1.7,0.76162,0.55407,"Hedysarum alpinum","Oenothera suffrutescens",0.00365853658536585,"random",5,9,5,5,8,4,4,5,0.8
199,286,11,15,0,0.025,2,0.09177,1,"Hedysarum alpinum","Opuntia polyacantha",-0.024390243902439,"random",5,9,5,5,8,4,4,5,0.8
199,290,11,9,4,0.015,1.2,0.99838,0.01629,"Hedysarum alpinum","Oxytropis campestris",0.0341463414634146,"positive",5,9,5,5,9,5,5,5,1
199,292,11,9,2,0.015,1.2,0.90308,0.34652,"Hedysarum alpinum","Oxytropis sericea",0.00975609756097561,"random",5,9,5,5,6,2,2,5,0.4
199,292,11,9,2,0.015,1.2,0.90308,0.34652,"Hedysarum alpinum","Oxytropis sericea",0.00975609756097561,"random",5,9,5,5,6,2,2,5,0.4
199,304,11,8,0,0.013,1.1,0.2985,1,"Hedysarum alpinum","Pelecyphora vivipara",-0.0134146341463415,"random",5,9,5,5,7,3,3,5,0.6
199,310,11,15,1,0.025,2,0.35743,0.90823,"Hedysarum alpinum","Penstemon nitidus",-0.0121951219512195,"random",5,9,5,4,7,4,3,6,0.5
199,321,11,15,3,0.025,2,0.89,0.32194,"Hedysarum alpinum","Phlox hoodii",0.0121951219512195,"random",5,9,5,3,10,8,5,8,0.625
199,342,11,17,4,0.028,2.3,0.95518,0.16315,"Hedysarum alpinum","Populus tremuloides",0.0207317073170732,"random",5,9,5,4,4,1,0,6,0
199,343,11,10,3,0.016,1.3,0.97488,0.1277,"Hedysarum alpinum","Potentilla concinna",0.0207317073170732,"random",5,9,5,4,6,3,2,6,0.333333333333333
199,354,11,23,5,0.038,3.1,0.9547,0.15358,"Hedysarum alpinum","Prunus virginiana",0.0231707317073171,"random",5,9,5,4,7,4,3,6,0.5
199,356,11,25,6,0.041,3.4,0.98393,0.06902,"Hedysarum alpinum","Pulsatilla nuttalliana",0.0317073170731707,"random",5,9,5,3,11,9,5,9,0.555555555555556
199,358,11,10,3,0.016,1.3,0.97488,0.1277,"Hedysarum alpinum","Pyrola asarifolia",0.0207317073170732,"random",5,9,5,6,9,4,4,5,0.8
199,368,11,10,0,0.016,1.3,0.21584,1,"Hedysarum alpinum","Rhus aromatica",-0.0158536585365854,"random",5,9,5,5,5,1,1,5,0.2
199,373,11,8,1,0.013,1.1,0.70895,0.7015,"Hedysarum alpinum","Rosa acicularis",-0.00121951219512195,"random",5,9,5,5,7,3,3,5,0.6
199,374,11,8,0,0.013,1.1,0.2985,1,"Hedysarum alpinum","Rosa arkansana",-0.0134146341463415,"random",5,9,5,6,9,4,4,5,0.8
199,376,11,18,5,0.029,2.4,0.98831,0.05757,"Hedysarum alpinum","Rosa woodsii",0.0317073170731707,"random",5,9,5,6,8,3,3,5,0.6
199,390,11,10,3,0.016,1.3,0.97488,0.1277,"Hedysarum alpinum","Salix interior",0.0207317073170732,"random",5,9,5,5,7,3,3,5,0.6
199,408,11,8,1,0.013,1.1,0.70895,0.7015,"Hedysarum alpinum","Shepherdia argentea",-0.00121951219512195,"random",5,9,5,4,5,2,1,6,0.166666666666667
199,409,11,25,6,0.041,3.4,0.98393,0.06902,"Hedysarum alpinum","Shepherdia canadensis",0.0317073170731707,"random",5,9,5,4,5,2,1,6,0.166666666666667
199,417,11,8,0,0.013,1.1,0.2985,1,"Hedysarum alpinum","Solidago missouriensis",-0.0134146341463415,"random",5,9,5,6,9,4,4,5,0.8
199,423,11,8,0,0.013,1.1,0.2985,1,"Hedysarum alpinum","Sphaeralcea coccinea",-0.0134146341463415,"random",5,9,5,5,9,5,5,5,1
199,430,11,30,7,0.049,4,0.98929,0.05007,"Hedysarum alpinum","Symphoricarpos occidentalis",0.0365853658536585,"random",5,9,5,6,8,3,3,5,0.6
199,434,11,16,5,0.026,2.1,0.99426,0.03409,"Hedysarum alpinum","Symphyotrichum laeve",0.0353658536585366,"positive",5,9,5,6,10,5,4,6,0.666666666666667
199,438,11,12,0,0.02,1.6,0.15453,1,"Hedysarum alpinum","Taraxacum officinale",-0.0195121951219512,"random",5,9,5,3,11,9,5,9,0.555555555555556
199,442,11,30,7,0.049,4,0.98929,0.05007,"Hedysarum alpinum","Thermopsis rhombifolia",0.0365853658536585,"random",5,9,5,4,7,4,3,6,0.5
199,444,11,10,2,0.016,1.3,0.8723,0.40122,"Hedysarum alpinum","Thlaspi arvense",0.00853658536585366,"random",5,9,5,4,9,6,5,6,0.833333333333333
199,448,11,18,3,0.029,2.4,0.80668,0.45126,"Hedysarum alpinum","Tragopogon dubius",0.00731707317073171,"random",5,9,5,5,10,6,5,6,0.833333333333333
199,454,11,18,1,0.029,2.4,0.24782,0.9469,"Hedysarum alpinum","Trifolium pratense",-0.0170731707317073,"random",5,9,5,6,10,5,4,6,0.666666666666667
199,475,11,16,4,0.026,2.1,0.96591,0.13531,"Hedysarum alpinum","Vicia americana",0.0231707317073171,"random",5,9,5,5,9,5,5,5,1
199,476,11,14,1,0.023,1.9,0.40018,0.89052,"Hedysarum alpinum","Vicia cracca",-0.0109756097560976,"random",5,9,5,5,11,7,5,7,0.714285714285714
199,477,11,15,7,0.025,2,0.99998,0.00038,"Hedysarum alpinum","Viola adunca",0.0609756097560976,"positive",5,9,5,4,9,6,5,6,0.833333333333333
199,488,11,14,6,0.023,1.9,0.99979,0.00245,"Hedysarum alpinum","Zizia aptera",0.05,"positive",5,9,5,5,7,3,3,5,0.6
200,202,16,6,1,0.014,1.2,0.66783,0.74052,"Hedysarum boreale","Helianthus annuus",-0.0024390243902439,"random",4,10,7,6,11,6,5,8,0.625
200,206,16,8,1,0.019,1.6,0.51076,0.83885,"Hedysarum boreale","Heracleum maximum",-0.00731707317073171,"random",4,10,7,6,8,3,3,7,0.428571428571429
200,208,16,13,1,0.031,2.5,0.2224,0.95416,"Hedysarum boreale","Heterotheca villosa",-0.0182926829268293,"random",4,10,7,6,10,5,5,7,0.714285714285714
200,214,16,6,0,0.014,1.2,0.25948,1,"Hedysarum boreale","Hordeum jubatum",-0.0146341463414634,"random",4,10,7,6,7,2,2,7,0.285714285714286
200,216,16,7,0,0.017,1.4,0.20485,1,"Hedysarum boreale","Hymenoxys richardsonii",-0.0170731707317073,"random",4,10,7,5,7,3,3,7,0.428571428571429
200,217,16,7,0,0.017,1.4,0.20485,1,"Hedysarum boreale","Hyoscyamus niger",-0.0170731707317073,"random",4,10,7,5,10,6,6,7,0.857142857142857
200,222,16,7,0,0.017,1.4,0.20485,1,"Hedysarum boreale","Krascheninnikovia lanata",-0.0170731707317073,"random",4,10,7,5,9,4,5,7,0.714285714285714
200,233,16,14,1,0.033,2.7,0.18402,0.96479,"Hedysarum boreale","Liatris punctata",-0.0207317073170732,"random",4,10,7,7,10,4,4,7,0.571428571428571
200,236,16,11,1,0.026,2.1,0.31778,0.92329,"Hedysarum boreale","Linaria vulgaris",-0.0134146341463415,"random",4,10,7,5,10,6,6,7,0.857142857142857
200,239,16,23,6,0.055,4.5,0.89205,0.2599,"Hedysarum boreale","Linum lewisii",0.0182926829268293,"random",4,10,7,5,10,6,6,7,0.857142857142857
200,240,16,6,1,0.014,1.2,0.66783,0.74052,"Hedysarum boreale","Lithospermum incisum",-0.0024390243902439,"random",4,10,7,4,6,3,3,7,0.428571428571429
200,241,16,13,5,0.031,2.5,0.98341,0.07282,"Hedysarum boreale","Lithospermum ruderale",0.0304878048780488,"random",4,10,7,5,7,3,3,7,0.428571428571429
200,246,16,12,5,0.029,2.3,0.98987,0.05119,"Hedysarum boreale","Lonicera dioica",0.0329268292682927,"random",4,10,7,6,7,2,2,7,0.285714285714286
200,250,16,6,0,0.014,1.2,0.25948,1,"Hedysarum boreale","Lotus corniculatus",-0.0146341463414634,"random",4,10,7,5,9,5,5,7,0.714285714285714
200,253,16,7,2,0.017,1.4,0.86932,0.41276,"Hedysarum boreale","Lygodesmia juncea",0.00731707317073171,"random",4,10,7,6,10,5,5,7,0.714285714285714
200,258,16,30,12,0.071,5.9,0.99993,0.00063,"Hedysarum boreale","Maianthemum stellatum",0.074390243902439,"positive",4,10,7,5,7,3,3,7,0.428571428571429
200,261,16,10,1,0.024,2,0.37546,0.90138,"Hedysarum boreale","Medicago lupulina",-0.0121951219512195,"random",4,10,7,5,11,7,6,8,0.75
200,262,16,10,1,0.024,2,0.37546,0.90138,"Hedysarum boreale","Medicago sativa",-0.0121951219512195,"random",4,10,7,5,10,6,6,7,0.857142857142857
200,264,16,9,0,0.021,1.8,0.12631,1,"Hedysarum boreale","Melilotus albus",-0.0219512195121951,"random",4,10,7,6,11,6,5,8,0.625
200,265,16,14,3,0.033,2.7,0.72627,0.5473,"Hedysarum boreale","Melilotus officinalis",0.00365853658536585,"random",4,10,7,5,11,7,6,8,0.75
200,275,16,18,6,0.043,3.5,0.97355,0.09382,"Hedysarum boreale","Monarda fistulosa",0.0304878048780488,"random",4,10,7,5,9,5,5,7,0.714285714285714
200,278,16,11,5,0.026,2.1,0.99426,0.03409,"Hedysarum boreale","Musineon divaricatum",0.0353658536585366,"positive",4,10,7,4,7,4,4,7,0.571428571428571
200,285,16,13,5,0.031,2.5,0.98341,0.07282,"Hedysarum boreale","Oenothera suffrutescens",0.0304878048780488,"random",4,10,7,5,8,4,4,7,0.571428571428571
200,286,16,15,2,0.036,2.9,0.39738,0.84881,"Hedysarum boreale","Opuntia polyacantha",-0.0109756097560976,"random",4,10,7,5,8,4,4,7,0.571428571428571
200,287,16,6,2,0.014,1.2,0.91482,0.33217,"Hedysarum boreale","Oreocarya glomerata",0.00975609756097561,"random",4,10,7,5,8,4,4,7,0.571428571428571
200,290,16,9,2,0.021,1.8,0.75879,0.56011,"Hedysarum boreale","Oxytropis campestris",0.0024390243902439,"random",4,10,7,5,9,5,5,7,0.714285714285714
200,292,16,9,3,0.021,1.8,0.93242,0.24121,"Hedysarum boreale","Oxytropis sericea",0.0146341463414634,"random",4,10,7,5,6,2,2,7,0.285714285714286
200,292,16,9,3,0.021,1.8,0.93242,0.24121,"Hedysarum boreale","Oxytropis sericea",0.0146341463414634,"random",4,10,7,5,6,2,2,7,0.285714285714286
200,293,16,6,0,0.014,1.2,0.25948,1,"Hedysarum boreale","Oxytropis splendens",-0.0146341463414634,"random",4,10,7,6,8,3,3,7,0.428571428571429
200,304,16,8,1,0.019,1.6,0.51076,0.83885,"Hedysarum boreale","Pelecyphora vivipara",-0.00731707317073171,"random",4,10,7,5,7,3,3,7,0.428571428571429
200,307,16,6,0,0.014,1.2,0.25948,1,"Hedysarum boreale","Penstemon confertus",-0.0146341463414634,"random",4,10,7,6,8,3,3,7,0.428571428571429
200,310,16,15,4,0.036,2.9,0.87009,0.32603,"Hedysarum boreale","Penstemon nitidus",0.0134146341463415,"random",4,10,7,4,7,4,4,7,0.571428571428571
200,315,16,6,0,0.014,1.2,0.25948,1,"Hedysarum boreale","Petasites frigidus",-0.0146341463414634,"random",4,10,7,4,9,6,6,7,0.857142857142857
200,320,16,6,2,0.014,1.2,0.91482,0.33217,"Hedysarum boreale","Phleum pratense",0.00975609756097561,"random",4,10,7,7,7,1,1,7,0.142857142857143
200,321,16,15,3,0.036,2.9,0.67397,0.60262,"Hedysarum boreale","Phlox hoodii",0.00121951219512195,"random",4,10,7,3,10,8,7,8,0.875
200,323,16,6,1,0.014,1.2,0.66783,0.74052,"Hedysarum boreale","Physaria arenosa",-0.0024390243902439,"random",4,10,7,4,7,4,4,7,0.571428571428571
200,338,16,6,3,0.014,1.2,0.988,0.08518,"Hedysarum boreale","Polygala senega",0.0219512195121951,"random",4,10,7,5,7,3,3,7,0.428571428571429
200,340,16,6,1,0.014,1.2,0.66783,0.74052,"Hedysarum boreale","Populus balsamifera",-0.0024390243902439,"random",4,10,7,4,5,2,2,7,0.285714285714286
200,342,16,17,3,0.04,3.3,0.56626,0.70127,"Hedysarum boreale","Populus tremuloides",-0.00365853658536585,"random",4,10,7,4,4,1,1,7,0.142857142857143
200,343,16,10,2,0.024,2,0.69763,0.62454,"Hedysarum boreale","Potentilla concinna",0,"random",4,10,7,4,6,3,3,7,0.428571428571429
200,354,16,23,5,0.055,4.5,0.7401,0.48553,"Hedysarum boreale","Prunus virginiana",0.00609756097560976,"random",4,10,7,4,7,4,4,7,0.571428571428571
200,356,16,25,9,0.059,4.9,0.99666,0.01628,"Hedysarum boreale","Pulsatilla nuttalliana",0.05,"positive",4,10,7,3,11,9,7,9,0.777777777777778
200,358,16,10,3,0.024,2,0.9015,0.30237,"Hedysarum boreale","Pyrola asarifolia",0.0121951219512195,"random",4,10,7,6,9,4,4,7,0.571428571428571
200,362,16,6,0,0.014,1.2,0.25948,1,"Hedysarum boreale","Ratibida columnifera",-0.0146341463414634,"random",4,10,7,6,10,5,5,7,0.714285714285714
200,368,16,10,2,0.024,2,0.69763,0.62454,"Hedysarum boreale","Rhus aromatica",0,"random",4,10,7,5,5,1,1,7,0.142857142857143
200,371,16,7,4,0.017,1.4,0.99739,0.02451,"Hedysarum boreale","Ribes oxyacanthoides",0.0317073170731707,"positive",4,10,7,5,6,2,2,7,0.285714285714286
200,373,16,8,2,0.019,1.6,0.81667,0.48924,"Hedysarum boreale","Rosa acicularis",0.0048780487804878,"random",4,10,7,5,7,3,3,7,0.428571428571429
200,374,16,8,2,0.019,1.6,0.81667,0.48924,"Hedysarum boreale","Rosa arkansana",0.0048780487804878,"random",4,10,7,6,9,4,4,7,0.571428571428571
200,376,16,18,3,0.043,3.5,0.51276,0.74408,"Hedysarum boreale","Rosa woodsii",-0.00609756097560976,"random",4,10,7,6,8,3,3,7,0.428571428571429
200,390,16,10,2,0.024,2,0.69763,0.62454,"Hedysarum boreale","Salix interior",0,"random",4,10,7,5,7,3,3,7,0.428571428571429
200,408,16,8,1,0.019,1.6,0.51076,0.83885,"Hedysarum boreale","Shepherdia argentea",-0.00731707317073171,"random",4,10,7,4,5,2,2,7,0.285714285714286
200,409,16,25,7,0.059,4.9,0.9409,0.16272,"Hedysarum boreale","Shepherdia canadensis",0.025609756097561,"random",4,10,7,4,5,2,2,7,0.285714285714286
200,412,16,7,1,0.017,1.4,0.58724,0.79515,"Hedysarum boreale","Sisymbrium loeselii",-0.0048780487804878,"random",4,10,7,5,10,6,6,7,0.857142857142857
200,413,16,7,3,0.017,1.4,0.97549,0.13068,"Hedysarum boreale","Sisyrinchium montanum",0.0195121951219512,"random",4,10,7,5,8,4,4,7,0.571428571428571
200,417,16,8,2,0.019,1.6,0.81667,0.48924,"Hedysarum boreale","Solidago missouriensis",0.0048780487804878,"random",4,10,7,6,9,4,4,7,0.571428571428571
200,423,16,8,0,0.019,1.6,0.16115,1,"Hedysarum boreale","Sphaeralcea coccinea",-0.0195121951219512,"random",4,10,7,5,9,5,5,7,0.714285714285714
200,430,16,30,8,0.071,5.9,0.93546,0.17007,"Hedysarum boreale","Symphoricarpos occidentalis",0.025609756097561,"random",4,10,7,6,8,3,3,7,0.428571428571429
200,434,16,16,6,0.038,3.1,0.98785,0.05263,"Hedysarum boreale","Symphyotrichum laeve",0.0353658536585366,"random",4,10,7,6,10,5,5,7,0.714285714285714
200,437,16,7,0,0.017,1.4,0.20485,1,"Hedysarum boreale","Tanacetum vulgare",-0.0170731707317073,"random",4,10,7,7,10,4,4,7,0.571428571428571
200,438,16,12,3,0.029,2.3,0.82263,0.42756,"Hedysarum boreale","Taraxacum officinale",0.00853658536585366,"random",4,10,7,3,11,9,7,9,0.777777777777778
200,442,16,30,10,0.071,5.9,0.99597,0.01869,"Hedysarum boreale","Thermopsis rhombifolia",0.05,"positive",4,10,7,4,7,4,4,7,0.571428571428571
200,444,16,10,2,0.024,2,0.69763,0.62454,"Hedysarum boreale","Thlaspi arvense",0,"random",4,10,7,4,9,6,6,7,0.857142857142857
200,448,16,18,1,0.043,3.5,0.0805,0.9883,"Hedysarum boreale","Tragopogon dubius",-0.0304878048780488,"random",4,10,7,5,10,6,6,7,0.857142857142857
200,454,16,18,2,0.043,3.5,0.25592,0.9195,"Hedysarum boreale","Trifolium pratense",-0.0182926829268293,"random",4,10,7,6,10,5,5,7,0.714285714285714
200,458,16,7,1,0.017,1.4,0.58724,0.79515,"Hedysarum boreale","Tripleurospermum inodorum",-0.0048780487804878,"random",4,10,7,5,11,7,6,8,0.75
200,460,16,6,1,0.014,1.2,0.66783,0.74052,"Hedysarum boreale","Typha latifolia",-0.0024390243902439,"random",4,10,7,6,7,2,2,7,0.285714285714286
200,475,16,16,4,0.038,3.1,0.83497,0.3797,"Hedysarum boreale","Vicia americana",0.0109756097560976,"random",4,10,7,5,9,5,5,7,0.714285714285714
200,476,16,14,0,0.033,2.7,0.03521,1,"Hedysarum boreale","Vicia cracca",-0.0329268292682927,"negative",4,10,7,5,11,7,6,8,0.75
200,477,16,15,6,0.036,2.9,0.99229,0.03745,"Hedysarum boreale","Viola adunca",0.0378048780487805,"positive",4,10,7,4,9,6,6,7,0.857142857142857
200,479,16,6,2,0.014,1.2,0.91482,0.33217,"Hedysarum boreale","Viola nuttallii",0.00975609756097561,"random",4,10,7,4,6,3,3,7,0.428571428571429
200,488,16,14,7,0.033,2.7,0.99942,0.00463,"Hedysarum boreale","Zizia aptera",0.0524390243902439,"positive",4,10,7,5,7,3,3,7,0.428571428571429
201,258,3,30,0,0.013,1.1,0.24955,1,"Hedysarum sulphurescens","Maianthemum stellatum",-0.0134146341463415,"random",5,8,4,5,7,3,3,4,0.75
201,430,3,30,1,0.013,1.1,0.69874,0.75045,"Hedysarum sulphurescens","Symphoricarpos occidentalis",-0.00121951219512195,"random",5,8,4,6,8,3,3,4,0.75
201,442,3,30,0,0.013,1.1,0.24955,1,"Hedysarum sulphurescens","Thermopsis rhombifolia",-0.0134146341463415,"random",5,8,4,4,7,4,3,5,0.6
202,233,6,14,2,0.012,1,0.94099,0.27065,"Helianthus annuus","Liatris punctata",0.0121951219512195,"random",6,11,6,7,10,4,4,6,0.666666666666667
202,239,6,23,2,0.021,1.7,0.78635,0.54248,"Helianthus annuus","Linum lewisii",0.00365853658536585,"random",6,11,6,5,10,6,5,7,0.714285714285714
202,258,6,30,1,0.027,2.2,0.28081,0.94186,"Helianthus annuus","Maianthemum stellatum",-0.0146341463414634,"random",6,11,6,5,7,3,2,7,0.285714285714286
202,265,6,14,1,0.012,1,0.72935,0.68742,"Helianthus annuus","Melilotus officinalis",0,"random",6,11,6,5,11,7,6,7,0.857142857142857
202,275,6,18,0,0.016,1.3,0.21411,1,"Helianthus annuus","Monarda fistulosa",-0.0158536585365854,"random",6,11,6,5,9,5,4,7,0.571428571428571
202,286,6,15,5,0.013,1.1,0.99999,0.00059,"Helianthus annuus","Opuntia polyacantha",0.0475609756097561,"positive",6,11,6,5,8,4,3,7,0.428571428571429
202,310,6,15,3,0.013,1.1,0.99079,0.07146,"Helianthus annuus","Penstemon nitidus",0.0231707317073171,"random",6,11,6,4,7,4,2,8,0.25
202,321,6,15,2,0.013,1.1,0.92854,0.30129,"Helianthus annuus","Phlox hoodii",0.0109756097560976,"random",6,11,6,3,10,8,5,9,0.555555555555556
202,342,6,17,1,0.015,1.2,0.6369,0.76411,"Helianthus annuus","Populus tremuloides",-0.0024390243902439,"random",6,11,6,4,4,1,0,8,0
202,354,6,23,3,0.021,1.7,0.95077,0.21365,"Helianthus annuus","Prunus virginiana",0.0158536585365854,"random",6,11,6,4,7,4,2,8,0.25
202,356,6,25,1,0.022,1.8,0.40257,0.89637,"Helianthus annuus","Pulsatilla nuttalliana",-0.00975609756097561,"random",6,11,6,3,11,9,6,9,0.666666666666667
202,376,6,18,1,0.016,1.3,0.60605,0.78589,"Helianthus annuus","Rosa woodsii",-0.00365853658536585,"random",6,11,6,6,8,3,3,6,0.5
202,409,6,25,0,0.022,1.8,0.10363,1,"Helianthus annuus","Shepherdia canadensis",-0.0219512195121951,"random",6,11,6,4,5,2,0,8,0
202,430,6,30,1,0.027,2.2,0.28081,0.94186,"Helianthus annuus","Symphoricarpos occidentalis",-0.0146341463414634,"random",6,11,6,6,8,3,3,6,0.5
202,434,6,16,0,0.014,1.2,0.25948,1,"Helianthus annuus","Symphyotrichum laeve",-0.0146341463414634,"random",6,11,6,6,10,5,5,6,0.833333333333333
202,442,6,30,3,0.027,2.2,0.87336,0.38288,"Helianthus annuus","Thermopsis rhombifolia",0.00975609756097561,"random",6,11,6,4,7,4,2,8,0.25
202,448,6,18,1,0.016,1.3,0.60605,0.78589,"Helianthus annuus","Tragopogon dubius",-0.00365853658536585,"random",6,11,6,5,10,6,5,7,0.714285714285714
202,454,6,18,0,0.016,1.3,0.21411,1,"Helianthus annuus","Trifolium pratense",-0.0158536585365854,"random",6,11,6,6,10,5,5,6,0.833333333333333
202,475,6,16,1,0.014,1.2,0.66783,0.74052,"Helianthus annuus","Vicia americana",-0.0024390243902439,"random",6,11,6,5,9,5,4,7,0.571428571428571
202,476,6,14,0,0.012,1,0.31258,1,"Helianthus annuus","Vicia cracca",-0.0121951219512195,"random",6,11,6,5,11,7,6,7,0.857142857142857
202,477,6,15,1,0.013,1.1,0.69871,0.715,"Helianthus annuus","Viola adunca",-0.00121951219512195,"random",6,11,6,4,9,6,4,8,0.5
202,488,6,14,1,0.012,1,0.72935,0.68742,"Helianthus annuus","Zizia aptera",0,"random",6,11,6,5,7,3,2,7,0.285714285714286
204,239,4,23,2,0.014,1.1,0.9352,0.3123,"Helianthus pauciflorus","Linum lewisii",0.0109756097560976,"random",7,9,3,5,10,6,3,6,0.5
204,258,4,30,2,0.018,1.5,0.86363,0.46616,"Helianthus pauciflorus","Maianthemum stellatum",0.00609756097560976,"random",7,9,3,5,7,3,1,5,0.2
204,354,4,23,1,0.014,1.1,0.6877,0.73979,"Helianthus pauciflorus","Prunus virginiana",-0.00121951219512195,"random",7,9,3,4,7,4,1,6,0.166666666666667
204,356,4,25,2,0.015,1.2,0.91781,0.35593,"Helianthus pauciflorus","Pulsatilla nuttalliana",0.00975609756097561,"random",7,9,3,3,11,9,3,9,0.333333333333333
204,409,4,25,1,0.015,1.2,0.64407,0.77416,"Helianthus pauciflorus","Shepherdia canadensis",-0.0024390243902439,"random",7,9,3,4,5,2,0,6,0
204,430,4,30,2,0.018,1.5,0.86363,0.46616,"Helianthus pauciflorus","Symphoricarpos occidentalis",0.00609756097560976,"random",7,9,3,6,8,3,2,4,0.5
204,442,4,30,3,0.018,1.5,0.98433,0.13637,"Helianthus pauciflorus","Thermopsis rhombifolia",0.0182926829268293,"random",7,9,3,4,7,4,1,6,0.166666666666667
206,208,8,13,0,0.015,1.3,0.2346,1,"Heracleum maximum","Heterotheca villosa",-0.0158536585365854,"random",6,8,3,6,10,5,3,5,0.6
206,233,8,14,0,0.017,1.4,0.2074,1,"Heracleum maximum","Liatris punctata",-0.0170731707317073,"random",6,8,3,7,10,4,2,5,0.4
206,236,8,11,0,0.013,1.1,0.2985,1,"Heracleum maximum","Linaria vulgaris",-0.0134146341463415,"random",6,8,3,5,10,6,3,6,0.5
206,239,8,23,1,0.027,2.2,0.28237,0.93778,"Heracleum maximum","Linum lewisii",-0.0146341463414634,"random",6,8,3,5,10,6,3,6,0.5
206,241,8,13,1,0.015,1.3,0.62812,0.7654,"Heracleum maximum","Lithospermum ruderale",-0.00365853658536585,"random",6,8,3,5,7,3,2,4,0.5
206,246,8,12,1,0.014,1.2,0.66848,0.73513,"Heracleum maximum","Lonicera dioica",-0.0024390243902439,"random",6,8,3,6,7,2,2,3,0.666666666666667
206,258,8,30,4,0.036,2.9,0.88641,0.32175,"Heracleum maximum","Maianthemum stellatum",0.0134146341463415,"random",6,8,3,5,7,3,2,4,0.5
206,265,8,14,1,0.017,1.4,0.5882,0.7926,"Heracleum maximum","Melilotus officinalis",-0.0048780487804878,"random",6,8,3,5,11,7,3,7,0.428571428571429
206,275,8,18,2,0.021,1.8,0.75976,0.56208,"Heracleum maximum","Monarda fistulosa",0.0024390243902439,"random",6,8,3,5,9,5,3,5,0.6
206,278,8,11,0,0.013,1.1,0.2985,1,"Heracleum maximum","Musineon divaricatum",-0.0134146341463415,"random",6,8,3,4,7,4,2,5,0.4
206,285,8,13,1,0.015,1.3,0.62812,0.7654,"Heracleum maximum","Oenothera suffrutescens",-0.00365853658536585,"random",6,8,3,5,8,4,3,4,0.75
206,286,8,15,0,0.018,1.5,0.183,1,"Heracleum maximum","Opuntia polyacantha",-0.0182926829268293,"random",6,8,3,5,8,4,3,4,0.75
206,310,8,15,0,0.018,1.5,0.183,1,"Heracleum maximum","Penstemon nitidus",-0.0182926829268293,"random",6,8,3,4,7,4,2,5,0.4
206,321,8,15,0,0.018,1.5,0.183,1,"Heracleum maximum","Phlox hoodii",-0.0182926829268293,"random",6,8,3,3,10,8,3,8,0.375
206,342,8,17,3,0.02,1.7,0.94645,0.21114,"Heracleum maximum","Populus tremuloides",0.0158536585365854,"random",6,8,3,4,4,1,0,5,0
206,354,8,23,1,0.027,2.2,0.28237,0.93778,"Heracleum maximum","Prunus virginiana",-0.0146341463414634,"random",6,8,3,4,7,4,2,5,0.4
206,356,8,25,2,0.03,2.4,0.53725,0.76819,"Heracleum maximum","Pulsatilla nuttalliana",-0.0048780487804878,"random",6,8,3,3,11,9,3,9,0.333333333333333
206,376,8,18,2,0.021,1.8,0.75976,0.56208,"Heracleum maximum","Rosa woodsii",0.0024390243902439,"random",6,8,3,6,8,3,3,3,1
206,409,8,25,2,0.03,2.4,0.53725,0.76819,"Heracleum maximum","Shepherdia canadensis",-0.0048780487804878,"random",6,8,3,4,5,2,0,5,0
206,430,8,30,3,0.036,2.9,0.67825,0.6178,"Heracleum maximum","Symphoricarpos occidentalis",0.00121951219512195,"random",6,8,3,6,8,3,3,3,1
206,434,8,16,2,0.019,1.6,0.81667,0.48924,"Heracleum maximum","Symphyotrichum laeve",0.0048780487804878,"random",6,8,3,6,10,5,3,5,0.6
206,438,8,12,0,0.014,1.2,0.26487,1,"Heracleum maximum","Taraxacum officinale",-0.0146341463414634,"random",6,8,3,3,11,9,3,9,0.333333333333333
206,442,8,30,1,0.036,2.9,0.13372,0.97889,"Heracleum maximum","Thermopsis rhombifolia",-0.0231707317073171,"random",6,8,3,4,7,4,2,5,0.4
206,448,8,18,1,0.021,1.8,0.43792,0.87581,"Heracleum maximum","Tragopogon dubius",-0.00975609756097561,"random",6,8,3,5,10,6,3,6,0.5
206,454,8,18,4,0.021,1.8,0.98888,0.06567,"Heracleum maximum","Trifolium pratense",0.0268292682926829,"random",6,8,3,6,10,5,3,5,0.6
206,475,8,16,2,0.019,1.6,0.81667,0.48924,"Heracleum maximum","Vicia americana",0.0048780487804878,"random",6,8,3,5,9,5,3,5,0.6
206,476,8,14,1,0.017,1.4,0.5882,0.7926,"Heracleum maximum","Vicia cracca",-0.0048780487804878,"random",6,8,3,5,11,7,3,7,0.428571428571429
206,477,8,15,2,0.018,1.5,0.843,0.451,"Heracleum maximum","Viola adunca",0.00609756097560976,"random",6,8,3,4,9,6,3,6,0.5
206,488,8,14,1,0.017,1.4,0.5882,0.7926,"Heracleum maximum","Zizia aptera",-0.0048780487804878,"random",6,8,3,5,7,3,2,4,0.5
207,239,5,23,2,0.017,1.4,0.86856,0.43287,"Hesperostipa comata","Linum lewisii",0.00731707317073171,"random",6,6,1,5,10,6,1,6,0.166666666666667
207,258,5,30,1,0.022,1.8,0.39291,0.90475,"Hesperostipa comata","Maianthemum stellatum",-0.00975609756097561,"random",6,6,1,5,7,3,1,3,0.333333333333333
207,275,5,18,0,0.013,1.1,0.27944,1,"Hesperostipa comata","Monarda fistulosa",-0.0134146341463415,"random",6,6,1,5,9,5,1,5,0.2
207,342,5,17,0,0.013,1,0.30272,1,"Hesperostipa comata","Populus tremuloides",-0.0121951219512195,"random",6,6,1,4,4,1,0,3,0
207,354,5,23,1,0.017,1.4,0.56713,0.81652,"Hesperostipa comata","Prunus virginiana",-0.0048780487804878,"random",6,6,1,4,7,4,1,4,0.25
207,356,5,25,3,0.019,1.5,0.97163,0.16291,"Hesperostipa comata","Pulsatilla nuttalliana",0.0182926829268293,"random",6,6,1,3,11,9,1,9,0.111111111111111
207,376,5,18,1,0.013,1.1,0.69859,0.72056,"Hesperostipa comata","Rosa woodsii",-0.00121951219512195,"random",6,6,1,6,8,3,1,3,0.333333333333333
207,409,5,25,0,0.019,1.5,0.15346,1,"Hesperostipa comata","Shepherdia canadensis",-0.0182926829268293,"random",6,6,1,4,5,2,0,3,0
207,430,5,30,1,0.022,1.8,0.39291,0.90475,"Hesperostipa comata","Symphoricarpos occidentalis",-0.00975609756097561,"random",6,6,1,6,8,3,1,3,0.333333333333333
207,442,5,30,4,0.022,1.8,0.99478,0.05745,"Hesperostipa comata","Thermopsis rhombifolia",0.0268292682926829,"random",6,6,1,4,7,4,1,4,0.25
207,448,5,18,3,0.013,1.1,0.99251,0.06778,"Hesperostipa comata","Tragopogon dubius",0.0231707317073171,"random",6,6,1,5,10,6,1,6,0.166666666666667
207,454,5,18,0,0.013,1.1,0.27944,1,"Hesperostipa comata","Trifolium pratense",-0.0134146341463415,"random",6,6,1,6,10,5,1,5,0.2
208,216,13,7,4,0.014,1.1,0.99917,0.01068,"Heterotheca villosa","Hymenoxys richardsonii",0.0353658536585366,"positive",6,10,5,5,7,3,2,6,0.333333333333333
208,217,13,7,1,0.014,1.1,0.69371,0.71621,"Heterotheca villosa","Hyoscyamus niger",-0.00121951219512195,"random",6,10,5,5,10,6,5,6,0.833333333333333
208,222,13,7,5,0.014,1.1,0.99997,0.00083,"Heterotheca villosa","Krascheninnikovia lanata",0.0475609756097561,"positive",6,10,5,5,9,4,4,6,0.666666666666667
208,233,13,14,7,0.027,2.2,0.99993,0.00092,"Heterotheca villosa","Liatris punctata",0.0585365853658537,"positive",6,10,5,7,10,4,4,5,0.8
208,236,13,11,2,0.021,1.7,0.76162,0.55407,"Heterotheca villosa","Linaria vulgaris",0.00365853658536585,"random",6,10,5,5,10,6,5,6,0.833333333333333
208,239,13,23,5,0.044,3.6,0.89162,0.27564,"Heterotheca villosa","Linum lewisii",0.0170731707317073,"random",6,10,5,5,10,6,5,6,0.833333333333333
208,241,13,13,0,0.025,2.1,0.08664,1,"Heterotheca villosa","Lithospermum ruderale",-0.025609756097561,"random",6,10,5,5,7,3,2,6,0.333333333333333
208,246,13,12,0,0.023,1.9,0.1064,1,"Heterotheca villosa","Lonicera dioica",-0.0231707317073171,"random",6,10,5,6,7,2,2,5,0.4
208,253,13,7,3,0.014,1.1,0.98932,0.07571,"Heterotheca villosa","Lygodesmia juncea",0.0231707317073171,"random",6,10,5,6,10,5,5,5,1
208,258,13,30,3,0.058,4.8,0.21818,0.9258,"Heterotheca villosa","Maianthemum stellatum",-0.0219512195121951,"random",6,10,5,5,7,3,2,6,0.333333333333333
208,261,13,10,1,0.019,1.6,0.50333,0.84105,"Heterotheca villosa","Medicago lupulina",-0.00731707317073171,"random",6,10,5,5,11,7,5,7,0.714285714285714
208,262,13,10,1,0.019,1.6,0.50333,0.84105,"Heterotheca villosa","Medicago sativa",-0.00731707317073171,"random",6,10,5,5,10,6,5,6,0.833333333333333
208,264,13,9,1,0.017,1.4,0.56431,0.80661,"Heterotheca villosa","Melilotus albus",-0.0048780487804878,"random",6,10,5,6,11,6,5,6,0.833333333333333
208,265,13,14,3,0.027,2.2,0.84881,0.38843,"Heterotheca villosa","Melilotus officinalis",0.00975609756097561,"random",6,10,5,5,11,7,5,7,0.714285714285714
208,275,13,18,4,0.035,2.9,0.88297,0.30594,"Heterotheca villosa","Monarda fistulosa",0.0134146341463415,"random",6,10,5,5,9,5,4,6,0.666666666666667
208,278,13,11,2,0.021,1.7,0.76162,0.55407,"Heterotheca villosa","Musineon divaricatum",0.00365853658536585,"random",6,10,5,4,7,4,2,7,0.285714285714286
208,285,13,13,2,0.025,2.1,0.66241,0.65648,"Heterotheca villosa","Oenothera suffrutescens",-0.00121951219512195,"random",6,10,5,5,8,4,3,6,0.5
208,286,13,15,6,0.029,2.4,0.99841,0.01134,"Heterotheca villosa","Opuntia polyacantha",0.0439024390243902,"positive",6,10,5,5,8,4,3,6,0.5
208,290,13,9,0,0.017,1.4,0.19339,1,"Heterotheca villosa","Oxytropis campestris",-0.0170731707317073,"random",6,10,5,5,9,5,4,6,0.666666666666667
208,292,13,9,2,0.017,1.4,0.85147,0.43569,"Heterotheca villosa","Oxytropis sericea",0.00731707317073171,"random",6,10,5,5,6,2,1,6,0.166666666666667
208,292,13,9,2,0.017,1.4,0.85147,0.43569,"Heterotheca villosa","Oxytropis sericea",0.00731707317073171,"random",6,10,5,5,6,2,1,6,0.166666666666667
208,304,13,8,4,0.015,1.3,0.99799,0.01935,"Heterotheca villosa","Pelecyphora vivipara",0.0329268292682927,"positive",6,10,5,5,7,3,2,6,0.333333333333333
208,310,13,15,5,0.029,2.4,0.98866,0.05525,"Heterotheca villosa","Penstemon nitidus",0.0317073170731707,"random",6,10,5,4,7,4,2,7,0.285714285714286
208,321,13,15,4,0.029,2.4,0.94475,0.18608,"Heterotheca villosa","Phlox hoodii",0.0195121951219512,"random",6,10,5,3,10,8,5,8,0.625
208,342,13,17,3,0.033,2.7,0.73604,0.53683,"Heterotheca villosa","Populus tremuloides",0.00365853658536585,"random",6,10,5,4,4,1,0,7,0
208,343,13,10,2,0.019,1.6,0.8082,0.49667,"Heterotheca villosa","Potentilla concinna",0.0048780487804878,"random",6,10,5,4,6,3,1,7,0.142857142857143
208,354,13,23,4,0.044,3.6,0.72436,0.52506,"Heterotheca villosa","Prunus virginiana",0.0048780487804878,"random",6,10,5,4,7,4,2,7,0.285714285714286
208,356,13,25,4,0.048,4,0.64695,0.60816,"Heterotheca villosa","Pulsatilla nuttalliana",0,"random",6,10,5,3,11,9,5,9,0.555555555555556
208,358,13,10,0,0.019,1.6,0.15895,1,"Heterotheca villosa","Pyrola asarifolia",-0.0195121951219512,"random",6,10,5,6,9,4,4,5,0.8
208,368,13,10,4,0.019,1.6,0.9925,0.04756,"Heterotheca villosa","Rhus aromatica",0.0292682926829268,"positive",6,10,5,5,5,1,0,6,0
208,371,13,7,0,0.014,1.1,0.28379,1,"Heterotheca villosa","Ribes oxyacanthoides",-0.0134146341463415,"random",6,10,5,5,6,2,1,6,0.166666666666667
208,373,13,8,0,0.015,1.3,0.2346,1,"Heterotheca villosa","Rosa acicularis",-0.0158536585365854,"random",6,10,5,5,7,3,2,6,0.333333333333333
208,374,13,8,2,0.015,1.3,0.89047,0.37188,"Heterotheca villosa","Rosa arkansana",0.00853658536585366,"random",6,10,5,6,9,4,4,5,0.8
208,376,13,18,3,0.035,2.9,0.69406,0.58301,"Heterotheca villosa","Rosa woodsii",0.00121951219512195,"random",6,10,5,6,8,3,3,5,0.6
208,390,13,10,0,0.019,1.6,0.15895,1,"Heterotheca villosa","Salix interior",-0.0195121951219512,"random",6,10,5,5,7,3,2,6,0.333333333333333
208,408,13,8,2,0.015,1.3,0.89047,0.37188,"Heterotheca villosa","Shepherdia argentea",0.00853658536585366,"random",6,10,5,4,5,2,0,7,0
208,409,13,25,4,0.048,4,0.64695,0.60816,"Heterotheca villosa","Shepherdia canadensis",0,"random",6,10,5,4,5,2,0,7,0
208,412,13,7,0,0.014,1.1,0.28379,1,"Heterotheca villosa","Sisymbrium loeselii",-0.0134146341463415,"random",6,10,5,5,10,6,5,6,0.833333333333333
208,413,13,7,1,0.014,1.1,0.69371,0.71621,"Heterotheca villosa","Sisyrinchium montanum",-0.00121951219512195,"random",6,10,5,5,8,4,3,6,0.5
208,417,13,8,1,0.015,1.3,0.62812,0.7654,"Heterotheca villosa","Solidago missouriensis",-0.00365853658536585,"random",6,10,5,6,9,4,4,5,0.8
208,423,13,8,4,0.015,1.3,0.99799,0.01935,"Heterotheca villosa","Sphaeralcea coccinea",0.0329268292682927,"positive",6,10,5,5,9,5,4,6,0.666666666666667
208,430,13,30,5,0.058,4.8,0.68458,0.55581,"Heterotheca villosa","Symphoricarpos occidentalis",0.0024390243902439,"random",6,10,5,6,8,3,3,5,0.6
208,434,13,16,2,0.031,2.5,0.51132,0.7776,"Heterotheca villosa","Symphyotrichum laeve",-0.00609756097560976,"random",6,10,5,6,10,5,5,5,1
208,437,13,7,1,0.014,1.1,0.69371,0.71621,"Heterotheca villosa","Tanacetum vulgare",-0.00121951219512195,"random",6,10,5,7,10,4,4,5,0.8
208,438,13,12,2,0.023,1.9,0.71271,0.60742,"Heterotheca villosa","Taraxacum officinale",0.00121951219512195,"random",6,10,5,3,11,9,5,9,0.555555555555556
208,442,13,30,6,0.058,4.8,0.86265,0.31542,"Heterotheca villosa","Thermopsis rhombifolia",0.0146341463414634,"random",6,10,5,4,7,4,2,7,0.285714285714286
208,444,13,10,0,0.019,1.6,0.15895,1,"Heterotheca villosa","Thlaspi arvense",-0.0195121951219512,"random",6,10,5,4,9,6,4,7,0.571428571428571
208,448,13,18,5,0.035,2.9,0.96798,0.11703,"Heterotheca villosa","Tragopogon dubius",0.025609756097561,"random",6,10,5,5,10,6,5,6,0.833333333333333
208,454,13,18,1,0.035,2.9,0.16196,0.97055,"Heterotheca villosa","Trifolium pratense",-0.0231707317073171,"random",6,10,5,6,10,5,5,5,1
208,458,13,7,0,0.014,1.1,0.28379,1,"Heterotheca villosa","Tripleurospermum inodorum",-0.0134146341463415,"random",6,10,5,5,11,7,5,7,0.714285714285714
208,475,13,16,1,0.031,2.5,0.2224,0.95416,"Heterotheca villosa","Vicia americana",-0.0182926829268293,"random",6,10,5,5,9,5,4,6,0.666666666666667
208,476,13,14,1,0.027,2.2,0.29885,0.92968,"Heterotheca villosa","Vicia cracca",-0.0146341463414634,"random",6,10,5,5,11,7,5,7,0.714285714285714
208,477,13,15,0,0.029,2.4,0.05687,1,"Heterotheca villosa","Viola adunca",-0.0292682926829268,"random",6,10,5,4,9,6,4,7,0.571428571428571
208,488,13,14,1,0.027,2.2,0.29885,0.92968,"Heterotheca villosa","Zizia aptera",-0.0146341463414634,"random",6,10,5,5,7,3,2,6,0.333333333333333
209,239,4,23,0,0.014,1.1,0.26021,1,"Heuchera cylindrica","Linum lewisii",-0.0134146341463415,"random",6,9,4,5,10,6,4,6,0.666666666666667
209,258,4,30,1,0.018,1.5,0.53384,0.84522,"Heuchera cylindrica","Maianthemum stellatum",-0.00609756097560976,"random",6,9,4,5,7,3,2,5,0.4
209,354,4,23,2,0.014,1.1,0.9352,0.3123,"Heuchera cylindrica","Prunus virginiana",0.0109756097560976,"random",6,9,4,4,7,4,2,6,0.333333333333333
209,356,4,25,1,0.015,1.2,0.64407,0.77416,"Heuchera cylindrica","Pulsatilla nuttalliana",-0.0024390243902439,"random",6,9,4,3,11,9,4,9,0.444444444444444
209,409,4,25,2,0.015,1.2,0.91781,0.35593,"Heuchera cylindrica","Shepherdia canadensis",0.00975609756097561,"random",6,9,4,4,5,2,0,6,0
209,430,4,30,0,0.018,1.5,0.15478,1,"Heuchera cylindrica","Symphoricarpos occidentalis",-0.0182926829268293,"random",6,9,4,6,8,3,3,4,0.75
209,442,4,30,1,0.018,1.5,0.53384,0.84522,"Heuchera cylindrica","Thermopsis rhombifolia",-0.00609756097560976,"random",6,9,4,4,7,4,2,6,0.333333333333333
210,239,4,23,0,0.014,1.1,0.26021,1,"Heuchera richardsonii","Linum lewisii",-0.0134146341463415,"random",6,7,2,5,10,6,2,6,0.333333333333333
210,258,4,30,3,0.018,1.5,0.98433,0.13637,"Heuchera richardsonii","Maianthemum stellatum",0.0182926829268293,"random",6,7,2,5,7,3,2,3,0.666666666666667
210,354,4,23,1,0.014,1.1,0.6877,0.73979,"Heuchera richardsonii","Prunus virginiana",-0.00121951219512195,"random",6,7,2,4,7,4,2,4,0.5
210,356,4,25,2,0.015,1.2,0.91781,0.35593,"Heuchera richardsonii","Pulsatilla nuttalliana",0.00975609756097561,"random",6,7,2,3,11,9,2,9,0.222222222222222
210,409,4,25,3,0.015,1.2,0.99277,0.08219,"Heuchera richardsonii","Shepherdia canadensis",0.0219512195121951,"random",6,7,2,4,5,2,0,4,0
210,430,4,30,1,0.018,1.5,0.53384,0.84522,"Heuchera richardsonii","Symphoricarpos occidentalis",-0.00609756097560976,"random",6,7,2,6,8,3,2,3,0.666666666666667
210,442,4,30,3,0.018,1.5,0.98433,0.13637,"Heuchera richardsonii","Thermopsis rhombifolia",0.0182926829268293,"random",6,7,2,4,7,4,2,4,0.5
214,233,6,14,0,0.012,1,0.31258,1,"Hordeum jubatum","Liatris punctata",-0.0121951219512195,"random",6,7,2,7,10,4,1,5,0.2
214,239,6,23,0,0.021,1.7,0.12868,1,"Hordeum jubatum","Linum lewisii",-0.0207317073170732,"random",6,7,2,5,10,6,2,6,0.333333333333333
214,258,6,30,1,0.027,2.2,0.28081,0.94186,"Hordeum jubatum","Maianthemum stellatum",-0.0146341463414634,"random",6,7,2,5,7,3,2,3,0.666666666666667
214,265,6,14,3,0.012,1,0.99309,0.05901,"Hordeum jubatum","Melilotus officinalis",0.024390243902439,"random",6,7,2,5,11,7,2,7,0.285714285714286
214,275,6,18,1,0.016,1.3,0.60605,0.78589,"Hordeum jubatum","Monarda fistulosa",-0.00365853658536585,"random",6,7,2,5,9,5,2,5,0.4
214,286,6,15,2,0.013,1.1,0.92854,0.30129,"Hordeum jubatum","Opuntia polyacantha",0.0109756097560976,"random",6,7,2,5,8,4,2,4,0.5
214,310,6,15,1,0.013,1.1,0.69871,0.715,"Hordeum jubatum","Penstemon nitidus",-0.00121951219512195,"random",6,7,2,4,7,4,2,4,0.5
214,321,6,15,1,0.013,1.1,0.69871,0.715,"Hordeum jubatum","Phlox hoodii",-0.00121951219512195,"random",6,7,2,3,10,8,2,8,0.25
214,342,6,17,0,0.015,1.2,0.23589,1,"Hordeum jubatum","Populus tremuloides",-0.0146341463414634,"random",6,7,2,4,4,1,0,4,0
214,354,6,23,4,0.021,1.7,0.99404,0.04923,"Hordeum jubatum","Prunus virginiana",0.0280487804878049,"positive",6,7,2,4,7,4,2,4,0.5
214,356,6,25,1,0.022,1.8,0.40257,0.89637,"Hordeum jubatum","Pulsatilla nuttalliana",-0.00975609756097561,"random",6,7,2,3,11,9,2,9,0.222222222222222
214,376,6,18,3,0.016,1.3,0.98076,0.11633,"Hordeum jubatum","Rosa woodsii",0.0207317073170732,"random",6,7,2,6,8,3,2,3,0.666666666666667
214,409,6,25,2,0.022,1.8,0.741,0.59743,"Hordeum jubatum","Shepherdia canadensis",0.0024390243902439,"random",6,7,2,4,5,2,0,4,0
214,430,6,30,3,0.027,2.2,0.87336,0.38288,"Hordeum jubatum","Symphoricarpos occidentalis",0.00975609756097561,"random",6,7,2,6,8,3,2,3,0.666666666666667
214,434,6,16,1,0.014,1.2,0.66783,0.74052,"Hordeum jubatum","Symphyotrichum laeve",-0.0024390243902439,"random",6,7,2,6,10,5,2,5,0.4
214,442,6,30,3,0.027,2.2,0.87336,0.38288,"Hordeum jubatum","Thermopsis rhombifolia",0.00975609756097561,"random",6,7,2,4,7,4,2,4,0.5
214,448,6,18,4,0.016,1.3,0.99838,0.01924,"Hordeum jubatum","Tragopogon dubius",0.0329268292682927,"positive",6,7,2,5,10,6,2,6,0.333333333333333
214,454,6,18,2,0.016,1.3,0.88367,0.39395,"Hordeum jubatum","Trifolium pratense",0.00853658536585366,"random",6,7,2,6,10,5,2,5,0.4
214,475,6,16,0,0.014,1.2,0.25948,1,"Hordeum jubatum","Vicia americana",-0.0146341463414634,"random",6,7,2,5,9,5,2,5,0.4
214,476,6,14,4,0.012,1,0.9996,0.00691,"Hordeum jubatum","Vicia cracca",0.0365853658536585,"positive",6,7,2,5,11,7,2,7,0.285714285714286
214,477,6,15,0,0.013,1.1,0.285,1,"Hordeum jubatum","Viola adunca",-0.0134146341463415,"random",6,7,2,4,9,6,2,6,0.333333333333333
214,488,6,14,0,0.012,1,0.31258,1,"Hordeum jubatum","Zizia aptera",-0.0121951219512195,"random",6,7,2,5,7,3,2,3,0.666666666666667
216,233,7,14,5,0.015,1.2,0.99995,0.00125,"Hymenoxys richardsonii","Liatris punctata",0.0463414634146341,"positive",5,7,3,7,10,4,1,6,0.166666666666667
216,239,7,23,1,0.024,2,0.36232,0.91027,"Hymenoxys richardsonii","Linum lewisii",-0.0121951219512195,"random",5,7,3,5,10,6,3,6,0.5
216,241,7,13,0,0.014,1.1,0.28379,1,"Hymenoxys richardsonii","Lithospermum ruderale",-0.0134146341463415,"random",5,7,3,5,7,3,3,3,1
216,246,7,12,0,0.012,1,0.31532,1,"Hymenoxys richardsonii","Lonicera dioica",-0.0121951219512195,"random",5,7,3,6,7,2,2,3,0.666666666666667
216,258,7,30,0,0.031,2.6,0.03519,1,"Hymenoxys richardsonii","Maianthemum stellatum",-0.0317073170731707,"negative",5,7,3,5,7,3,3,3,1
216,265,7,14,1,0.015,1.2,0.65806,0.745,"Hymenoxys richardsonii","Melilotus officinalis",-0.0024390243902439,"random",5,7,3,5,11,7,3,7,0.428571428571429
216,275,7,18,0,0.019,1.5,0.1634,1,"Hymenoxys richardsonii","Monarda fistulosa",-0.0182926829268293,"random",5,7,3,5,9,5,3,5,0.6
216,285,7,13,2,0.014,1.1,0.92429,0.30629,"Hymenoxys richardsonii","Oenothera suffrutescens",0.0109756097560976,"random",5,7,3,5,8,4,3,4,0.75
216,286,7,15,6,0.016,1.3,1,9e-05,"Hymenoxys richardsonii","Opuntia polyacantha",0.0573170731707317,"positive",5,7,3,5,8,4,3,4,0.75
216,310,7,15,5,0.016,1.3,0.99991,0.00184,"Hymenoxys richardsonii","Penstemon nitidus",0.0451219512195122,"positive",5,7,3,4,7,4,3,4,0.75
216,321,7,15,4,0.016,1.3,0.99816,0.01904,"Hymenoxys richardsonii","Phlox hoodii",0.0329268292682927,"positive",5,7,3,3,10,8,3,8,0.375
216,342,7,17,0,0.018,1.5,0.18312,1,"Hymenoxys richardsonii","Populus tremuloides",-0.0182926829268293,"random",5,7,3,4,4,1,0,4,0
216,354,7,23,2,0.024,2,0.69549,0.63768,"Hymenoxys richardsonii","Prunus virginiana",0,"random",5,7,3,4,7,4,3,4,0.75
216,356,7,25,3,0.026,2.1,0.87755,0.36142,"Hymenoxys richardsonii","Pulsatilla nuttalliana",0.0109756097560976,"random",5,7,3,3,11,9,3,9,0.333333333333333
216,376,7,18,1,0.019,1.5,0.51838,0.8366,"Hymenoxys richardsonii","Rosa woodsii",-0.00609756097560976,"random",5,7,3,6,8,3,2,4,0.5
216,409,7,25,0,0.026,2.1,0.06954,1,"Hymenoxys richardsonii","Shepherdia canadensis",-0.025609756097561,"random",5,7,3,4,5,2,1,4,0.25
216,430,7,30,2,0.031,2.6,0.49322,0.80416,"Hymenoxys richardsonii","Symphoricarpos occidentalis",-0.00731707317073171,"random",5,7,3,6,8,3,2,4,0.5
216,434,7,16,0,0.017,1.4,0.20485,1,"Hymenoxys richardsonii","Symphyotrichum laeve",-0.0170731707317073,"random",5,7,3,6,10,5,2,6,0.333333333333333
216,438,7,12,0,0.012,1,0.31532,1,"Hymenoxys richardsonii","Taraxacum officinale",-0.0121951219512195,"random",5,7,3,3,11,9,3,9,0.333333333333333
216,442,7,30,4,0.031,2.6,0.94164,0.21767,"Hymenoxys richardsonii","Thermopsis rhombifolia",0.0170731707317073,"random",5,7,3,4,7,4,3,4,0.75
216,448,7,18,2,0.019,1.5,0.82523,0.48162,"Hymenoxys richardsonii","Tragopogon dubius",0.00609756097560976,"random",5,7,3,5,10,6,3,6,0.5
216,454,7,18,0,0.019,1.5,0.1634,1,"Hymenoxys richardsonii","Trifolium pratense",-0.0182926829268293,"random",5,7,3,6,10,5,2,6,0.333333333333333
216,475,7,16,1,0.017,1.4,0.58724,0.79515,"Hymenoxys richardsonii","Vicia americana",-0.0048780487804878,"random",5,7,3,5,9,5,3,5,0.6
216,476,7,14,0,0.015,1.2,0.255,1,"Hymenoxys richardsonii","Vicia cracca",-0.0146341463414634,"random",5,7,3,5,11,7,3,7,0.428571428571429
216,477,7,15,0,0.016,1.3,0.22875,1,"Hymenoxys richardsonii","Viola adunca",-0.0158536585365854,"random",5,7,3,4,9,6,3,6,0.5
216,488,7,14,0,0.015,1.2,0.255,1,"Hymenoxys richardsonii","Zizia aptera",-0.0146341463414634,"random",5,7,3,5,7,3,3,3,1
217,233,7,14,0,0.015,1.2,0.255,1,"Hyoscyamus niger","Liatris punctata",-0.0146341463414634,"random",5,10,6,7,10,4,4,6,0.666666666666667
217,239,7,23,5,0.024,2,0.99837,0.01677,"Hyoscyamus niger","Linum lewisii",0.0365853658536585,"positive",5,10,6,5,10,6,6,6,1
217,241,7,13,1,0.014,1.1,0.69371,0.71621,"Hyoscyamus niger","Lithospermum ruderale",-0.00121951219512195,"random",5,10,6,5,7,3,3,6,0.5
217,246,7,12,0,0.012,1,0.31532,1,"Hyoscyamus niger","Lonicera dioica",-0.0121951219512195,"random",5,10,6,6,7,2,2,6,0.333333333333333
217,258,7,30,1,0.031,2.6,0.19584,0.96481,"Hyoscyamus niger","Maianthemum stellatum",-0.0195121951219512,"random",5,10,6,5,7,3,3,6,0.5
217,265,7,14,0,0.015,1.2,0.255,1,"Hyoscyamus niger","Melilotus officinalis",-0.0146341463414634,"random",5,10,6,5,11,7,6,7,0.857142857142857
217,275,7,18,2,0.019,1.5,0.82523,0.48162,"Hyoscyamus niger","Monarda fistulosa",0.00609756097560976,"random",5,10,6,5,9,5,5,6,0.833333333333333
217,285,7,13,1,0.014,1.1,0.69371,0.71621,"Hyoscyamus niger","Oenothera suffrutescens",-0.00121951219512195,"random",5,10,6,5,8,4,4,6,0.666666666666667
217,286,7,15,0,0.016,1.3,0.22875,1,"Hyoscyamus niger","Opuntia polyacantha",-0.0158536585365854,"random",5,10,6,5,8,4,4,6,0.666666666666667
217,310,7,15,1,0.016,1.3,0.6225,0.77125,"Hyoscyamus niger","Penstemon nitidus",-0.00365853658536585,"random",5,10,6,4,7,4,3,7,0.428571428571429
217,321,7,15,3,0.016,1.3,0.98096,0.11077,"Hyoscyamus niger","Phlox hoodii",0.0207317073170732,"random",5,10,6,3,10,8,6,8,0.75
217,342,7,17,1,0.018,1.5,0.55247,0.81688,"Hyoscyamus niger","Populus tremuloides",-0.00609756097560976,"random",5,10,6,4,4,1,0,7,0
217,354,7,23,3,0.024,2,0.90751,0.30451,"Hyoscyamus niger","Prunus virginiana",0.0121951219512195,"random",5,10,6,4,7,4,3,7,0.428571428571429
217,356,7,25,3,0.026,2.1,0.87755,0.36142,"Hyoscyamus niger","Pulsatilla nuttalliana",0.0109756097560976,"random",5,10,6,3,11,9,6,9,0.666666666666667
217,376,7,18,5,0.019,1.5,0.99968,0.00486,"Hyoscyamus niger","Rosa woodsii",0.0426829268292683,"positive",5,10,6,6,8,3,3,6,0.5
217,409,7,25,2,0.026,2.1,0.63858,0.69183,"Hyoscyamus niger","Shepherdia canadensis",-0.00121951219512195,"random",5,10,6,4,5,2,1,7,0.142857142857143
217,430,7,30,5,0.031,2.6,0.99134,0.05836,"Hyoscyamus niger","Symphoricarpos occidentalis",0.0292682926829268,"random",5,10,6,6,8,3,3,6,0.5
217,434,7,16,1,0.017,1.4,0.58724,0.79515,"Hyoscyamus niger","Symphyotrichum laeve",-0.0048780487804878,"random",5,10,6,6,10,5,5,6,0.833333333333333
217,438,7,12,2,0.012,1,0.93929,0.27082,"Hyoscyamus niger","Taraxacum officinale",0.0121951219512195,"random",5,10,6,3,11,9,6,9,0.666666666666667
217,442,7,30,3,0.031,2.6,0.78233,0.50678,"Hyoscyamus niger","Thermopsis rhombifolia",0.0048780487804878,"random",5,10,6,4,7,4,3,7,0.428571428571429
217,448,7,18,2,0.019,1.5,0.82523,0.48162,"Hyoscyamus niger","Tragopogon dubius",0.00609756097560976,"random",5,10,6,5,10,6,6,6,1
217,454,7,18,1,0.019,1.5,0.51838,0.8366,"Hyoscyamus niger","Trifolium pratense",-0.00609756097560976,"random",5,10,6,6,10,5,5,6,0.833333333333333
217,475,7,16,2,0.017,1.4,0.86932,0.41276,"Hyoscyamus niger","Vicia americana",0.00731707317073171,"random",5,10,6,5,9,5,5,6,0.833333333333333
217,476,7,14,4,0.015,1.2,0.99875,0.01445,"Hyoscyamus niger","Vicia cracca",0.0341463414634146,"positive",5,10,6,5,11,7,6,7,0.857142857142857
217,477,7,15,1,0.016,1.3,0.6225,0.77125,"Hyoscyamus niger","Viola adunca",-0.00365853658536585,"random",5,10,6,4,9,6,5,7,0.714285714285714
217,488,7,14,0,0.015,1.2,0.255,1,"Hyoscyamus niger","Zizia aptera",-0.0146341463414634,"random",5,10,6,5,7,3,3,6,0.5
220,258,3,30,2,0.013,1.1,0.95416,0.30126,"Juncus balticus","Maianthemum stellatum",0.0109756097560976,"random",5,7,3,5,7,3,3,3,1
220,430,3,30,3,0.013,1.1,1,0.04584,"Juncus balticus","Symphoricarpos occidentalis",0.0231707317073171,"positive",5,7,3,6,8,3,2,4,0.5
220,442,3,30,1,0.013,1.1,0.69874,0.75045,"Juncus balticus","Thermopsis rhombifolia",-0.00121951219512195,"random",5,7,3,4,7,4,3,4,0.75
221,239,4,23,1,0.014,1.1,0.6877,0.73979,"Koeleria macrantha","Linum lewisii",-0.00121951219512195,"random",6,7,2,5,10,6,2,6,0.333333333333333
221,258,4,30,0,0.018,1.5,0.15478,1,"Koeleria macrantha","Maianthemum stellatum",-0.0182926829268293,"random",6,7,2,5,7,3,2,3,0.666666666666667
221,354,4,23,0,0.014,1.1,0.26021,1,"Koeleria macrantha","Prunus virginiana",-0.0134146341463415,"random",6,7,2,4,7,4,2,4,0.5
221,356,4,25,1,0.015,1.2,0.64407,0.77416,"Koeleria macrantha","Pulsatilla nuttalliana",-0.0024390243902439,"random",6,7,2,3,11,9,2,9,0.222222222222222
221,409,4,25,1,0.015,1.2,0.64407,0.77416,"Koeleria macrantha","Shepherdia canadensis",-0.0024390243902439,"random",6,7,2,4,5,2,0,4,0
221,430,4,30,1,0.018,1.5,0.53384,0.84522,"Koeleria macrantha","Symphoricarpos occidentalis",-0.00609756097560976,"random",6,7,2,6,8,3,2,3,0.666666666666667
221,442,4,30,3,0.018,1.5,0.98433,0.13637,"Koeleria macrantha","Thermopsis rhombifolia",0.0182926829268293,"random",6,7,2,4,7,4,2,4,0.5
222,233,7,14,5,0.015,1.2,0.99995,0.00125,"Krascheninnikovia lanata","Liatris punctata",0.0463414634146341,"positive",5,9,4,7,10,4,3,6,0.5
222,239,7,23,2,0.024,2,0.69549,0.63768,"Krascheninnikovia lanata","Linum lewisii",0,"random",5,9,4,5,10,6,5,6,0.833333333333333
222,241,7,13,0,0.014,1.1,0.28379,1,"Krascheninnikovia lanata","Lithospermum ruderale",-0.0134146341463415,"random",5,9,4,5,7,3,3,5,0.6
222,246,7,12,0,0.012,1,0.31532,1,"Krascheninnikovia lanata","Lonicera dioica",-0.0121951219512195,"random",5,9,4,6,7,2,2,5,0.4
222,258,7,30,1,0.031,2.6,0.19584,0.96481,"Krascheninnikovia lanata","Maianthemum stellatum",-0.0195121951219512,"random",5,9,4,5,7,3,3,5,0.6
222,265,7,14,1,0.015,1.2,0.65806,0.745,"Krascheninnikovia lanata","Melilotus officinalis",-0.0024390243902439,"random",5,9,4,5,11,7,5,7,0.714285714285714
222,275,7,18,0,0.019,1.5,0.1634,1,"Krascheninnikovia lanata","Monarda fistulosa",-0.0182926829268293,"random",5,9,4,5,9,5,5,5,1
222,285,7,13,2,0.014,1.1,0.92429,0.30629,"Krascheninnikovia lanata","Oenothera suffrutescens",0.0109756097560976,"random",5,9,4,5,8,4,4,5,0.8
222,286,7,15,5,0.016,1.3,0.99991,0.00184,"Krascheninnikovia lanata","Opuntia polyacantha",0.0451219512195122,"positive",5,9,4,5,8,4,4,5,0.8
222,310,7,15,4,0.016,1.3,0.99816,0.01904,"Krascheninnikovia lanata","Penstemon nitidus",0.0329268292682927,"positive",5,9,4,4,7,4,3,6,0.5
222,321,7,15,5,0.016,1.3,0.99991,0.00184,"Krascheninnikovia lanata","Phlox hoodii",0.0451219512195122,"positive",5,9,4,3,10,8,5,8,0.625
222,342,7,17,0,0.018,1.5,0.18312,1,"Krascheninnikovia lanata","Populus tremuloides",-0.0182926829268293,"random",5,9,4,4,4,1,0,6,0
222,354,7,23,1,0.024,2,0.36232,0.91027,"Krascheninnikovia lanata","Prunus virginiana",-0.0121951219512195,"random",5,9,4,4,7,4,3,6,0.5
222,356,7,25,2,0.026,2.1,0.63858,0.69183,"Krascheninnikovia lanata","Pulsatilla nuttalliana",-0.00121951219512195,"random",5,9,4,3,11,9,5,9,0.555555555555556
222,376,7,18,1,0.019,1.5,0.51838,0.8366,"Krascheninnikovia lanata","Rosa woodsii",-0.00609756097560976,"random",5,9,4,6,8,3,3,5,0.6
222,409,7,25,0,0.026,2.1,0.06954,1,"Krascheninnikovia lanata","Shepherdia canadensis",-0.025609756097561,"random",5,9,4,4,5,2,1,6,0.166666666666667
222,430,7,30,3,0.031,2.6,0.78233,0.50678,"Krascheninnikovia lanata","Symphoricarpos occidentalis",0.0048780487804878,"random",5,9,4,6,8,3,3,5,0.6
222,434,7,16,0,0.017,1.4,0.20485,1,"Krascheninnikovia lanata","Symphyotrichum laeve",-0.0170731707317073,"random",5,9,4,6,10,5,4,6,0.666666666666667
222,438,7,12,0,0.012,1,0.31532,1,"Krascheninnikovia lanata","Taraxacum officinale",-0.0121951219512195,"random",5,9,4,3,11,9,5,9,0.555555555555556
222,442,7,30,4,0.031,2.6,0.94164,0.21767,"Krascheninnikovia lanata","Thermopsis rhombifolia",0.0170731707317073,"random",5,9,4,4,7,4,3,6,0.5
222,448,7,18,1,0.019,1.5,0.51838,0.8366,"Krascheninnikovia lanata","Tragopogon dubius",-0.00609756097560976,"random",5,9,4,5,10,6,5,6,0.833333333333333
222,454,7,18,0,0.019,1.5,0.1634,1,"Krascheninnikovia lanata","Trifolium pratense",-0.0182926829268293,"random",5,9,4,6,10,5,4,6,0.666666666666667
222,475,7,16,1,0.017,1.4,0.58724,0.79515,"Krascheninnikovia lanata","Vicia americana",-0.0048780487804878,"random",5,9,4,5,9,5,5,5,1
222,476,7,14,0,0.015,1.2,0.255,1,"Krascheninnikovia lanata","Vicia cracca",-0.0146341463414634,"random",5,9,4,5,11,7,5,7,0.714285714285714
222,477,7,15,0,0.016,1.3,0.22875,1,"Krascheninnikovia lanata","Viola adunca",-0.0158536585365854,"random",5,9,4,4,9,6,5,6,0.833333333333333
222,488,7,14,0,0.015,1.2,0.255,1,"Krascheninnikovia lanata","Zizia aptera",-0.0146341463414634,"random",5,9,4,5,7,3,3,5,0.6
224,258,3,30,0,0.013,1.1,0.24955,1,"Lactuca serriola","Maianthemum stellatum",-0.0134146341463415,"random",7,10,4,5,7,3,1,6,0.166666666666667
224,430,3,30,1,0.013,1.1,0.69874,0.75045,"Lactuca serriola","Symphoricarpos occidentalis",-0.00121951219512195,"random",7,10,4,6,8,3,2,5,0.4
224,442,3,30,1,0.013,1.1,0.69874,0.75045,"Lactuca serriola","Thermopsis rhombifolia",-0.00121951219512195,"random",7,10,4,4,7,4,1,7,0.142857142857143
225,258,3,30,1,0.013,1.1,0.69874,0.75045,"Lappula squarrosa","Maianthemum stellatum",-0.00121951219512195,"random",6,10,5,5,7,3,2,6,0.333333333333333
225,430,3,30,1,0.013,1.1,0.69874,0.75045,"Lappula squarrosa","Symphoricarpos occidentalis",-0.00121951219512195,"random",6,10,5,6,8,3,3,5,0.6
225,442,3,30,2,0.013,1.1,0.95416,0.30126,"Lappula squarrosa","Thermopsis rhombifolia",0.0109756097560976,"random",6,10,5,4,7,4,2,7,0.285714285714286
226,239,4,23,0,0.014,1.1,0.26021,1,"Lathyrus ochroleucus","Linum lewisii",-0.0134146341463415,"random",5,7,3,5,10,6,3,6,0.5
226,258,4,30,1,0.018,1.5,0.53384,0.84522,"Lathyrus ochroleucus","Maianthemum stellatum",-0.00609756097560976,"random",5,7,3,5,7,3,3,3,1
226,354,4,23,1,0.014,1.1,0.6877,0.73979,"Lathyrus ochroleucus","Prunus virginiana",-0.00121951219512195,"random",5,7,3,4,7,4,3,4,0.75
226,356,4,25,0,0.015,1.2,0.22584,1,"Lathyrus ochroleucus","Pulsatilla nuttalliana",-0.0146341463414634,"random",5,7,3,3,11,9,3,9,0.333333333333333
226,409,4,25,2,0.015,1.2,0.91781,0.35593,"Lathyrus ochroleucus","Shepherdia canadensis",0.00975609756097561,"random",5,7,3,4,5,2,1,4,0.25
226,430,4,30,3,0.018,1.5,0.98433,0.13637,"Lathyrus ochroleucus","Symphoricarpos occidentalis",0.0182926829268293,"random",5,7,3,6,8,3,2,4,0.5
226,442,4,30,2,0.018,1.5,0.86363,0.46616,"Lathyrus ochroleucus","Thermopsis rhombifolia",0.00609756097560976,"random",5,7,3,4,7,4,3,4,0.75
227,239,4,23,1,0.014,1.1,0.6877,0.73979,"Lepidium densiflorum","Linum lewisii",-0.00121951219512195,"random",6,7,2,5,10,6,2,6,0.333333333333333
227,258,4,30,0,0.018,1.5,0.15478,1,"Lepidium densiflorum","Maianthemum stellatum",-0.0182926829268293,"random",6,7,2,5,7,3,2,3,0.666666666666667
227,354,4,23,0,0.014,1.1,0.26021,1,"Lepidium densiflorum","Prunus virginiana",-0.0134146341463415,"random",6,7,2,4,7,4,2,4,0.5
227,356,4,25,2,0.015,1.2,0.91781,0.35593,"Lepidium densiflorum","Pulsatilla nuttalliana",0.00975609756097561,"random",6,7,2,3,11,9,2,9,0.222222222222222
227,409,4,25,0,0.015,1.2,0.22584,1,"Lepidium densiflorum","Shepherdia canadensis",-0.0146341463414634,"random",6,7,2,4,5,2,0,4,0
227,430,4,30,1,0.018,1.5,0.53384,0.84522,"Lepidium densiflorum","Symphoricarpos occidentalis",-0.00609756097560976,"random",6,7,2,6,8,3,2,3,0.666666666666667
227,442,4,30,3,0.018,1.5,0.98433,0.13637,"Lepidium densiflorum","Thermopsis rhombifolia",0.0182926829268293,"random",6,7,2,4,7,4,2,4,0.5
231,239,5,23,2,0.017,1.4,0.86856,0.43287,"Leucanthemum vulgare","Linum lewisii",0.00731707317073171,"random",6,10,5,5,10,6,5,6,0.833333333333333
231,258,5,30,3,0.022,1.8,0.94255,0.25476,"Leucanthemum vulgare","Maianthemum stellatum",0.0146341463414634,"random",6,10,5,5,7,3,2,6,0.333333333333333
231,275,5,18,0,0.013,1.1,0.27944,1,"Leucanthemum vulgare","Monarda fistulosa",-0.0134146341463415,"random",6,10,5,5,9,5,4,6,0.666666666666667
231,342,5,17,2,0.013,1,0.94227,0.27545,"Leucanthemum vulgare","Populus tremuloides",0.0121951219512195,"random",6,10,5,4,4,1,0,7,0
231,354,5,23,2,0.017,1.4,0.86856,0.43287,"Leucanthemum vulgare","Prunus virginiana",0.00731707317073171,"random",6,10,5,4,7,4,2,7,0.285714285714286
231,356,5,25,0,0.019,1.5,0.15346,1,"Leucanthemum vulgare","Pulsatilla nuttalliana",-0.0182926829268293,"random",6,10,5,3,11,9,5,9,0.555555555555556
231,376,5,18,3,0.013,1.1,0.99251,0.06778,"Leucanthemum vulgare","Rosa woodsii",0.0231707317073171,"random",6,10,5,6,8,3,3,5,0.6
231,409,5,25,2,0.019,1.5,0.83709,0.48462,"Leucanthemum vulgare","Shepherdia canadensis",0.00609756097560976,"random",6,10,5,4,5,2,0,7,0
231,430,5,30,1,0.022,1.8,0.39291,0.90475,"Leucanthemum vulgare","Symphoricarpos occidentalis",-0.00975609756097561,"random",6,10,5,6,8,3,3,5,0.6
231,442,5,30,0,0.022,1.8,0.09525,1,"Leucanthemum vulgare","Thermopsis rhombifolia",-0.0219512195121951,"random",6,10,5,4,7,4,2,7,0.285714285714286
231,448,5,18,1,0.013,1.1,0.69859,0.72056,"Leucanthemum vulgare","Tragopogon dubius",-0.00121951219512195,"random",6,10,5,5,10,6,5,6,0.833333333333333
231,454,5,18,3,0.013,1.1,0.99251,0.06778,"Leucanthemum vulgare","Trifolium pratense",0.0231707317073171,"random",6,10,5,6,10,5,5,5,1
233,236,14,11,0,0.023,1.9,0.10948,1,"Liatris punctata","Linaria vulgaris",-0.0231707317073171,"random",7,10,4,5,10,6,4,6,0.666666666666667
233,239,14,23,4,0.048,3.9,0.65568,0.59736,"Liatris punctata","Linum lewisii",0.00121951219512195,"random",7,10,4,5,10,6,4,6,0.666666666666667
233,240,14,6,4,0.012,1,0.9996,0.00691,"Liatris punctata","Lithospermum incisum",0.0365853658536585,"positive",7,10,4,4,6,3,0,7,0
233,241,14,13,1,0.027,2.2,0.29885,0.92968,"Liatris punctata","Lithospermum ruderale",-0.0146341463414634,"random",7,10,4,5,7,3,1,6,0.166666666666667
233,246,14,12,0,0.025,2,0.0879,1,"Liatris punctata","Lonicera dioica",-0.024390243902439,"random",7,10,4,6,7,2,1,5,0.2
233,250,14,6,0,0.012,1,0.31258,1,"Liatris punctata","Lotus corniculatus",-0.0121951219512195,"random",7,10,4,5,9,5,3,6,0.5
233,253,14,7,3,0.015,1.2,0.98555,0.09242,"Liatris punctata","Lygodesmia juncea",0.0219512195121951,"random",7,10,4,6,10,5,4,5,0.8
233,258,14,30,3,0.062,5.1,0.16184,0.9497,"Liatris punctata","Maianthemum stellatum",-0.025609756097561,"random",7,10,4,5,7,3,1,6,0.166666666666667
233,261,14,10,1,0.021,1.7,0.45841,0.86409,"Liatris punctata","Medicago lupulina",-0.00853658536585366,"random",7,10,4,5,11,7,4,7,0.571428571428571
233,262,14,10,1,0.021,1.7,0.45841,0.86409,"Liatris punctata","Medicago sativa",-0.00853658536585366,"random",7,10,4,5,10,6,4,6,0.666666666666667
233,264,14,9,0,0.019,1.5,0.16816,1,"Liatris punctata","Melilotus albus",-0.0182926829268293,"random",7,10,4,6,11,6,4,6,0.666666666666667
233,265,14,14,2,0.029,2.4,0.55718,0.74421,"Liatris punctata","Melilotus officinalis",-0.0048780487804878,"random",7,10,4,5,11,7,4,7,0.571428571428571
233,275,14,18,2,0.037,3.1,0.35785,0.87069,"Liatris punctata","Monarda fistulosa",-0.0134146341463415,"random",7,10,4,5,9,5,3,6,0.5
233,278,14,11,3,0.023,1.9,0.9126,0.27955,"Liatris punctata","Musineon divaricatum",0.0134146341463415,"random",7,10,4,4,7,4,1,7,0.142857142857143
233,285,14,13,5,0.027,2.2,0.99256,0.04062,"Liatris punctata","Oenothera suffrutescens",0.0341463414634146,"positive",7,10,4,5,8,4,2,6,0.333333333333333
233,286,14,15,9,0.031,2.6,1,2e-05,"Liatris punctata","Opuntia polyacantha",0.0780487804878049,"positive",7,10,4,5,8,4,2,6,0.333333333333333
233,287,14,6,4,0.012,1,0.9996,0.00691,"Liatris punctata","Oreocarya glomerata",0.0365853658536585,"positive",7,10,4,5,8,4,2,6,0.333333333333333
233,290,14,9,0,0.019,1.5,0.16816,1,"Liatris punctata","Oxytropis campestris",-0.0182926829268293,"random",7,10,4,5,9,5,3,6,0.5
233,292,14,9,4,0.019,1.5,0.9939,0.04171,"Liatris punctata","Oxytropis sericea",0.0304878048780488,"positive",7,10,4,5,6,2,0,6,0
233,292,14,9,4,0.019,1.5,0.9939,0.04171,"Liatris punctata","Oxytropis sericea",0.0304878048780488,"positive",7,10,4,5,6,2,0,6,0
233,293,14,6,1,0.012,1,0.72935,0.68742,"Liatris punctata","Oxytropis splendens",0,"random",7,10,4,6,8,3,2,5,0.4
233,304,14,8,5,0.017,1.4,0.9998,0.00301,"Liatris punctata","Pelecyphora vivipara",0.0439024390243902,"positive",7,10,4,5,7,3,1,6,0.166666666666667
233,307,14,6,0,0.012,1,0.31258,1,"Liatris punctata","Penstemon confertus",-0.0121951219512195,"random",7,10,4,6,8,3,2,5,0.4
233,310,14,15,8,0.031,2.6,0.99998,0.00032,"Liatris punctata","Penstemon nitidus",0.0658536585365854,"positive",7,10,4,4,7,4,1,7,0.142857142857143
233,315,14,6,0,0.012,1,0.31258,1,"Liatris punctata","Petasites frigidus",-0.0121951219512195,"random",7,10,4,4,9,6,3,7,0.428571428571429
233,320,14,6,0,0.012,1,0.31258,1,"Liatris punctata","Phleum pratense",-0.0121951219512195,"random",7,10,4,7,7,1,1,4,0.25
233,321,14,15,5,0.031,2.6,0.98229,0.07611,"Liatris punctata","Phlox hoodii",0.0292682926829268,"random",7,10,4,3,10,8,4,8,0.5
233,323,14,6,5,0.012,1,0.99999,4e-04,"Liatris punctata","Physaria arenosa",0.0487804878048781,"positive",7,10,4,4,7,4,1,7,0.142857142857143
233,338,14,6,0,0.012,1,0.31258,1,"Liatris punctata","Polygala senega",-0.0121951219512195,"random",7,10,4,5,7,3,1,6,0.166666666666667
233,340,14,6,0,0.012,1,0.31258,1,"Liatris punctata","Populus balsamifera",-0.0121951219512195,"random",7,10,4,4,5,2,0,7,0
233,342,14,17,0,0.035,2.9,0.02774,1,"Liatris punctata","Populus tremuloides",-0.0353658536585366,"negative",7,10,4,4,4,1,0,7,0
233,343,14,10,2,0.021,1.7,0.77285,0.54159,"Liatris punctata","Potentilla concinna",0.00365853658536585,"random",7,10,4,4,6,3,0,7,0
233,354,14,23,4,0.048,3.9,0.65568,0.59736,"Liatris punctata","Prunus virginiana",0.00121951219512195,"random",7,10,4,4,7,4,1,7,0.142857142857143
233,356,14,25,3,0.052,4.3,0.32086,0.87216,"Liatris punctata","Pulsatilla nuttalliana",-0.0158536585365854,"random",7,10,4,3,11,9,4,9,0.444444444444444
233,358,14,10,0,0.021,1.7,0.13591,1,"Liatris punctata","Pyrola asarifolia",-0.0207317073170732,"random",7,10,4,6,9,4,3,5,0.6
233,362,14,6,3,0.012,1,0.99309,0.05901,"Liatris punctata","Ratibida columnifera",0.024390243902439,"random",7,10,4,6,10,5,4,5,0.8
233,368,14,10,6,0.021,1.7,0.99992,0.00123,"Liatris punctata","Rhus aromatica",0.0524390243902439,"positive",7,10,4,5,5,1,0,6,0
233,371,14,7,0,0.015,1.2,0.255,1,"Liatris punctata","Ribes oxyacanthoides",-0.0146341463414634,"random",7,10,4,5,6,2,0,6,0
233,373,14,8,0,0.017,1.4,0.2074,1,"Liatris punctata","Rosa acicularis",-0.0170731707317073,"random",7,10,4,5,7,3,1,6,0.166666666666667
233,374,14,8,2,0.017,1.4,0.86765,0.4118,"Liatris punctata","Rosa arkansana",0.00731707317073171,"random",7,10,4,6,9,4,3,5,0.6
233,376,14,18,1,0.037,3.1,0.12931,0.97823,"Liatris punctata","Rosa woodsii",-0.025609756097561,"random",7,10,4,6,8,3,2,5,0.4
233,390,14,10,0,0.021,1.7,0.13591,1,"Liatris punctata","Salix interior",-0.0207317073170732,"random",7,10,4,5,7,3,1,6,0.166666666666667
233,408,14,8,0,0.017,1.4,0.2074,1,"Liatris punctata","Shepherdia argentea",-0.0170731707317073,"random",7,10,4,4,5,2,0,7,0
233,409,14,25,0,0.052,4.3,0.0035,1,"Liatris punctata","Shepherdia canadensis",-0.0524390243902439,"negative",7,10,4,4,5,2,0,7,0
233,412,14,7,0,0.015,1.2,0.255,1,"Liatris punctata","Sisymbrium loeselii",-0.0146341463414634,"random",7,10,4,5,10,6,4,6,0.666666666666667
233,413,14,7,0,0.015,1.2,0.255,1,"Liatris punctata","Sisyrinchium montanum",-0.0146341463414634,"random",7,10,4,5,8,4,2,6,0.333333333333333
233,417,14,8,2,0.017,1.4,0.86765,0.4118,"Liatris punctata","Solidago missouriensis",0.00731707317073171,"random",7,10,4,6,9,4,3,5,0.6
233,423,14,8,5,0.017,1.4,0.9998,0.00301,"Liatris punctata","Sphaeralcea coccinea",0.0439024390243902,"positive",7,10,4,5,9,5,3,6,0.5
233,430,14,30,5,0.062,5.1,0.59748,0.64097,"Liatris punctata","Symphoricarpos occidentalis",-0.00121951219512195,"random",7,10,4,6,8,3,2,5,0.4
233,434,14,16,1,0.033,2.7,0.18402,0.96479,"Liatris punctata","Symphyotrichum laeve",-0.0207317073170732,"random",7,10,4,6,10,5,4,5,0.8
233,437,14,7,1,0.015,1.2,0.65806,0.745,"Liatris punctata","Tanacetum vulgare",-0.0024390243902439,"random",7,10,4,7,10,4,4,4,1
233,438,14,12,0,0.025,2,0.0879,1,"Liatris punctata","Taraxacum officinale",-0.024390243902439,"random",7,10,4,3,11,9,4,9,0.444444444444444
233,442,14,30,6,0.062,5.1,0.80072,0.40252,"Liatris punctata","Thermopsis rhombifolia",0.0109756097560976,"random",7,10,4,4,7,4,1,7,0.142857142857143
233,444,14,10,1,0.021,1.7,0.45841,0.86409,"Liatris punctata","Thlaspi arvense",-0.00853658536585366,"random",7,10,4,4,9,6,3,7,0.428571428571429
233,448,14,18,3,0.037,3.1,0.63383,0.64215,"Liatris punctata","Tragopogon dubius",-0.00121951219512195,"random",7,10,4,5,10,6,4,6,0.666666666666667
233,454,14,18,0,0.037,3.1,0.02177,1,"Liatris punctata","Trifolium pratense",-0.0378048780487805,"negative",7,10,4,6,10,5,4,5,0.8
233,458,14,7,0,0.015,1.2,0.255,1,"Liatris punctata","Tripleurospermum inodorum",-0.0146341463414634,"random",7,10,4,5,11,7,4,7,0.571428571428571
233,460,14,6,0,0.012,1,0.31258,1,"Liatris punctata","Typha latifolia",-0.0121951219512195,"random",7,10,4,6,7,2,1,5,0.2
233,475,14,16,4,0.033,2.7,0.90091,0.27373,"Liatris punctata","Vicia americana",0.0158536585365854,"random",7,10,4,5,9,5,3,6,0.5
233,476,14,14,0,0.029,2.4,0.05605,1,"Liatris punctata","Vicia cracca",-0.0292682926829268,"random",7,10,4,5,11,7,4,7,0.571428571428571
233,477,14,15,0,0.031,2.6,0.04451,1,"Liatris punctata","Viola adunca",-0.0317073170731707,"negative",7,10,4,4,9,6,3,7,0.428571428571429
233,479,14,6,4,0.012,1,0.9996,0.00691,"Liatris punctata","Viola nuttallii",0.0365853658536585,"positive",7,10,4,4,6,3,0,7,0
233,488,14,14,1,0.029,2.4,0.25579,0.94395,"Liatris punctata","Zizia aptera",-0.0170731707317073,"random",7,10,4,5,7,3,1,6,0.166666666666667
234,239,5,23,3,0.017,1.4,0.97962,0.13144,"Lilium philadelphicum","Linum lewisii",0.0195121951219512,"random",5,9,5,5,10,6,5,6,0.833333333333333
234,258,5,30,4,0.022,1.8,0.99478,0.05745,"Lilium philadelphicum","Maianthemum stellatum",0.0268292682926829,"random",5,9,5,5,7,3,3,5,0.6
234,275,5,18,2,0.013,1.1,0.93222,0.30141,"Lilium philadelphicum","Monarda fistulosa",0.0109756097560976,"random",5,9,5,5,9,5,5,5,1
234,342,5,17,2,0.013,1,0.94227,0.27545,"Lilium philadelphicum","Populus tremuloides",0.0121951219512195,"random",5,9,5,4,4,1,0,6,0
234,354,5,23,0,0.017,1.4,0.18348,1,"Lilium philadelphicum","Prunus virginiana",-0.0170731707317073,"random",5,9,5,4,7,4,3,6,0.5
234,356,5,25,2,0.019,1.5,0.83709,0.48462,"Lilium philadelphicum","Pulsatilla nuttalliana",0.00609756097560976,"random",5,9,5,3,11,9,5,9,0.555555555555556
234,376,5,18,0,0.013,1.1,0.27944,1,"Lilium philadelphicum","Rosa woodsii",-0.0134146341463415,"random",5,9,5,6,8,3,3,5,0.6
234,409,5,25,3,0.019,1.5,0.97163,0.16291,"Lilium philadelphicum","Shepherdia canadensis",0.0182926829268293,"random",5,9,5,4,5,2,1,6,0.166666666666667
234,430,5,30,2,0.022,1.8,0.74524,0.60709,"Lilium philadelphicum","Symphoricarpos occidentalis",0.0024390243902439,"random",5,9,5,6,8,3,3,5,0.6
234,442,5,30,2,0.022,1.8,0.74524,0.60709,"Lilium philadelphicum","Thermopsis rhombifolia",0.0024390243902439,"random",5,9,5,4,7,4,3,6,0.5
234,448,5,18,0,0.013,1.1,0.27944,1,"Lilium philadelphicum","Tragopogon dubius",-0.0134146341463415,"random",5,9,5,5,10,6,5,6,0.833333333333333
234,454,5,18,0,0.013,1.1,0.27944,1,"Lilium philadelphicum","Trifolium pratense",-0.0134146341463415,"random",5,9,5,6,10,5,4,6,0.666666666666667
235,239,4,23,1,0.014,1.1,0.6877,0.73979,"Linaria dalmatica","Linum lewisii",-0.00121951219512195,"random",5,10,6,5,10,6,6,6,1
235,258,4,30,2,0.018,1.5,0.86363,0.46616,"Linaria dalmatica","Maianthemum stellatum",0.00609756097560976,"random",5,10,6,5,7,3,3,6,0.5
235,354,4,23,1,0.014,1.1,0.6877,0.73979,"Linaria dalmatica","Prunus virginiana",-0.00121951219512195,"random",5,10,6,4,7,4,3,7,0.428571428571429
235,356,4,25,0,0.015,1.2,0.22584,1,"Linaria dalmatica","Pulsatilla nuttalliana",-0.0146341463414634,"random",5,10,6,3,11,9,6,9,0.666666666666667
235,409,4,25,0,0.015,1.2,0.22584,1,"Linaria dalmatica","Shepherdia canadensis",-0.0146341463414634,"random",5,10,6,4,5,2,1,7,0.142857142857143
235,430,4,30,0,0.018,1.5,0.15478,1,"Linaria dalmatica","Symphoricarpos occidentalis",-0.0182926829268293,"random",5,10,6,6,8,3,3,6,0.5
235,442,4,30,2,0.018,1.5,0.86363,0.46616,"Linaria dalmatica","Thermopsis rhombifolia",0.00609756097560976,"random",5,10,6,4,7,4,3,7,0.428571428571429
236,239,11,23,5,0.038,3.1,0.9547,0.15358,"Linaria vulgaris","Linum lewisii",0.0231707317073171,"random",5,10,6,5,10,6,6,6,1
236,241,11,13,0,0.021,1.7,0.13025,1,"Linaria vulgaris","Lithospermum ruderale",-0.0207317073170732,"random",5,10,6,5,7,3,3,6,0.5
236,246,11,12,0,0.02,1.6,0.15453,1,"Linaria vulgaris","Lonicera dioica",-0.0195121951219512,"random",5,10,6,6,7,2,2,6,0.333333333333333
236,258,11,30,3,0.049,4,0.3707,0.8475,"Linaria vulgaris","Maianthemum stellatum",-0.0121951219512195,"random",5,10,6,5,7,3,3,6,0.5
236,261,11,10,5,0.016,1.3,0.99978,0.00303,"Linaria vulgaris","Medicago lupulina",0.0451219512195122,"positive",5,10,6,5,11,7,6,7,0.857142857142857
236,262,11,10,5,0.016,1.3,0.99978,0.00303,"Linaria vulgaris","Medicago sativa",0.0451219512195122,"positive",5,10,6,5,10,6,6,6,1
236,264,11,9,4,0.015,1.2,0.99838,0.01629,"Linaria vulgaris","Melilotus albus",0.0341463414634146,"positive",5,10,6,6,11,6,5,7,0.714285714285714
236,265,11,14,7,0.023,1.9,0.99999,0.00021,"Linaria vulgaris","Melilotus officinalis",0.0621951219512195,"positive",5,10,6,5,11,7,6,7,0.857142857142857
236,275,11,18,3,0.029,2.4,0.80668,0.45126,"Linaria vulgaris","Monarda fistulosa",0.00731707317073171,"random",5,10,6,5,9,5,5,6,0.833333333333333
236,278,11,11,1,0.018,1.5,0.54559,0.81714,"Linaria vulgaris","Musineon divaricatum",-0.00609756097560976,"random",5,10,6,4,7,4,3,7,0.428571428571429
236,285,11,13,0,0.021,1.7,0.13025,1,"Linaria vulgaris","Oenothera suffrutescens",-0.0207317073170732,"random",5,10,6,5,8,4,4,6,0.666666666666667
236,286,11,15,0,0.025,2,0.09177,1,"Linaria vulgaris","Opuntia polyacantha",-0.024390243902439,"random",5,10,6,5,8,4,4,6,0.666666666666667
236,290,11,9,1,0.015,1.2,0.65348,0.74587,"Linaria vulgaris","Oxytropis campestris",-0.0024390243902439,"random",5,10,6,5,9,5,5,6,0.833333333333333
236,292,11,9,1,0.015,1.2,0.65348,0.74587,"Linaria vulgaris","Oxytropis sericea",-0.0024390243902439,"random",5,10,6,5,6,2,2,6,0.333333333333333
236,292,11,9,1,0.015,1.2,0.65348,0.74587,"Linaria vulgaris","Oxytropis sericea",-0.0024390243902439,"random",5,10,6,5,6,2,2,6,0.333333333333333
236,304,11,8,0,0.013,1.1,0.2985,1,"Linaria vulgaris","Pelecyphora vivipara",-0.0134146341463415,"random",5,10,6,5,7,3,3,6,0.5
236,310,11,15,0,0.025,2,0.09177,1,"Linaria vulgaris","Penstemon nitidus",-0.024390243902439,"random",5,10,6,4,7,4,3,7,0.428571428571429
236,321,11,15,0,0.025,2,0.09177,1,"Linaria vulgaris","Phlox hoodii",-0.024390243902439,"random",5,10,6,3,10,8,6,8,0.75
236,342,11,17,3,0.028,2.3,0.83685,0.40827,"Linaria vulgaris","Populus tremuloides",0.00853658536585366,"random",5,10,6,4,4,1,0,7,0
236,343,11,10,1,0.016,1.3,0.59878,0.78416,"Linaria vulgaris","Potentilla concinna",-0.00365853658536585,"random",5,10,6,4,6,3,2,7,0.285714285714286
236,354,11,23,3,0.038,3.1,0.63068,0.64978,"Linaria vulgaris","Prunus virginiana",-0.00121951219512195,"random",5,10,6,4,7,4,3,7,0.428571428571429
236,356,11,25,1,0.041,3.4,0.09028,0.98682,"Linaria vulgaris","Pulsatilla nuttalliana",-0.0292682926829268,"random",5,10,6,3,11,9,6,9,0.666666666666667
236,358,11,10,0,0.016,1.3,0.21584,1,"Linaria vulgaris","Pyrola asarifolia",-0.0158536585365854,"random",5,10,6,6,9,4,4,6,0.666666666666667
236,368,11,10,0,0.016,1.3,0.21584,1,"Linaria vulgaris","Rhus aromatica",-0.0158536585365854,"random",5,10,6,5,5,1,1,6,0.166666666666667
236,373,11,8,0,0.013,1.1,0.2985,1,"Linaria vulgaris","Rosa acicularis",-0.0134146341463415,"random",5,10,6,5,7,3,3,6,0.5
236,374,11,8,1,0.013,1.1,0.70895,0.7015,"Linaria vulgaris","Rosa arkansana",-0.00121951219512195,"random",5,10,6,6,9,4,4,6,0.666666666666667
236,376,11,18,3,0.029,2.4,0.80668,0.45126,"Linaria vulgaris","Rosa woodsii",0.00731707317073171,"random",5,10,6,6,8,3,3,6,0.5
236,390,11,10,4,0.016,1.3,0.99697,0.02512,"Linaria vulgaris","Salix interior",0.0329268292682927,"positive",5,10,6,5,7,3,3,6,0.5
236,408,11,8,3,0.013,1.1,0.99023,0.07004,"Linaria vulgaris","Shepherdia argentea",0.0231707317073171,"random",5,10,6,4,5,2,1,7,0.142857142857143
236,409,11,25,6,0.041,3.4,0.98393,0.06902,"Linaria vulgaris","Shepherdia canadensis",0.0317073170731707,"random",5,10,6,4,5,2,1,7,0.142857142857143
236,417,11,8,3,0.013,1.1,0.99023,0.07004,"Linaria vulgaris","Solidago missouriensis",0.0231707317073171,"random",5,10,6,6,9,4,4,6,0.666666666666667
236,423,11,8,0,0.013,1.1,0.2985,1,"Linaria vulgaris","Sphaeralcea coccinea",-0.0134146341463415,"random",5,10,6,5,9,5,5,6,0.833333333333333
236,430,11,30,3,0.049,4,0.3707,0.8475,"Linaria vulgaris","Symphoricarpos occidentalis",-0.0121951219512195,"random",5,10,6,6,8,3,3,6,0.5
236,434,11,16,2,0.026,2.1,0.63499,0.68222,"Linaria vulgaris","Symphyotrichum laeve",-0.00121951219512195,"random",5,10,6,6,10,5,5,6,0.833333333333333
236,438,11,12,4,0.02,1.6,0.99173,0.05065,"Linaria vulgaris","Taraxacum officinale",0.0292682926829268,"random",5,10,6,3,11,9,6,9,0.666666666666667
236,442,11,30,4,0.049,4,0.63253,0.6293,"Linaria vulgaris","Thermopsis rhombifolia",0,"random",5,10,6,4,7,4,3,7,0.428571428571429
236,444,11,10,4,0.016,1.3,0.99697,0.02512,"Linaria vulgaris","Thlaspi arvense",0.0329268292682927,"positive",5,10,6,4,9,6,5,7,0.714285714285714
236,448,11,18,6,0.029,2.4,0.99842,0.01169,"Linaria vulgaris","Tragopogon dubius",0.0439024390243902,"positive",5,10,6,5,10,6,6,6,1
236,454,11,18,4,0.029,2.4,0.94243,0.19332,"Linaria vulgaris","Trifolium pratense",0.0195121951219512,"random",5,10,6,6,10,5,5,6,0.833333333333333
236,475,11,16,0,0.026,2.1,0.07671,1,"Linaria vulgaris","Vicia americana",-0.025609756097561,"random",5,10,6,5,9,5,5,6,0.833333333333333
236,476,11,14,7,0.023,1.9,0.99999,0.00021,"Linaria vulgaris","Vicia cracca",0.0621951219512195,"positive",5,10,6,5,11,7,6,7,0.857142857142857
236,477,11,15,0,0.025,2,0.09177,1,"Linaria vulgaris","Viola adunca",-0.024390243902439,"random",5,10,6,4,9,6,5,7,0.714285714285714
236,488,11,14,1,0.023,1.9,0.40018,0.89052,"Linaria vulgaris","Zizia aptera",-0.0109756097560976,"random",5,10,6,5,7,3,3,6,0.5
239,240,23,6,1,0.021,1.7,0.45752,0.87132,"Linum lewisii","Lithospermum incisum",-0.00853658536585366,"random",5,10,6,4,6,3,2,7,0.285714285714286
239,241,23,13,1,0.044,3.6,0.06679,0.99093,"Linum lewisii","Lithospermum ruderale",-0.0317073170731707,"random",5,10,6,5,7,3,3,6,0.5
239,246,23,12,4,0.041,3.4,0.78869,0.44832,"Linum lewisii","Lonicera dioica",0.00731707317073171,"random",5,10,6,6,7,2,2,6,0.333333333333333
239,248,23,4,1,0.014,1.1,0.6877,0.73979,"Linum lewisii","Lonicera tatarica",-0.00121951219512195,"random",5,10,6,4,7,4,3,7,0.428571428571429
239,250,23,6,2,0.021,1.7,0.78635,0.54248,"Linum lewisii","Lotus corniculatus",0.00365853658536585,"random",5,10,6,5,9,5,5,6,0.833333333333333
239,253,23,7,2,0.024,2,0.69549,0.63768,"Linum lewisii","Lygodesmia juncea",0,"random",5,10,6,6,10,5,5,6,0.833333333333333
239,256,23,4,0,0.014,1.1,0.26021,1,"Linum lewisii","Mahonia repens",-0.0134146341463415,"random",5,10,6,6,6,1,1,6,0.166666666666667
239,257,23,4,0,0.014,1.1,0.26021,1,"Linum lewisii","Maianthemum racemosum",-0.0134146341463415,"random",5,10,6,5,7,3,3,6,0.5
239,258,23,30,9,0.103,8.4,0.7123,0.47858,"Linum lewisii","Maianthemum stellatum",0.0073170731707317,"random",5,10,6,5,7,3,3,6,0.5
239,261,23,10,4,0.034,2.8,0.89564,0.29087,"Linum lewisii","Medicago lupulina",0.0146341463414634,"random",5,10,6,5,11,7,6,7,0.857142857142857
239,262,23,10,4,0.034,2.8,0.89564,0.29087,"Linum lewisii","Medicago sativa",0.0146341463414634,"random",5,10,6,5,10,6,6,6,1
239,264,23,9,1,0.031,2.5,0.21692,0.95712,"Linum lewisii","Melilotus albus",-0.0182926829268293,"random",5,10,6,6,11,6,5,7,0.714285714285714
239,265,23,14,7,0.048,3.9,0.98783,0.05021,"Linum lewisii","Melilotus officinalis",0.0378048780487805,"random",5,10,6,5,11,7,6,7,0.857142857142857
239,275,23,18,6,0.062,5,0.80731,0.38582,"Linum lewisii","Monarda fistulosa",0.0121951219512195,"random",5,10,6,5,9,5,5,6,0.833333333333333
239,278,23,11,3,0.038,3.1,0.63068,0.64978,"Linum lewisii","Musineon divaricatum",-0.00121951219512195,"random",5,10,6,4,7,4,3,7,0.428571428571429
239,285,23,13,4,0.044,3.6,0.72436,0.52506,"Linum lewisii","Oenothera suffrutescens",0.0048780487804878,"random",5,10,6,5,8,4,4,6,0.666666666666667
239,286,23,15,3,0.051,4.2,0.33634,0.86258,"Linum lewisii","Opuntia polyacantha",-0.0146341463414634,"random",5,10,6,5,8,4,4,6,0.666666666666667
239,287,23,6,1,0.021,1.7,0.45752,0.87132,"Linum lewisii","Oreocarya glomerata",-0.00853658536585366,"random",5,10,6,5,8,4,4,6,0.666666666666667
239,290,23,9,5,0.031,2.5,0.98727,0.06499,"Linum lewisii","Oxytropis campestris",0.0304878048780488,"random",5,10,6,5,9,5,5,6,0.833333333333333
239,292,23,9,1,0.031,2.5,0.21692,0.95712,"Linum lewisii","Oxytropis sericea",-0.0182926829268293,"random",5,10,6,5,6,2,2,6,0.333333333333333
239,292,23,9,1,0.031,2.5,0.21692,0.95712,"Linum lewisii","Oxytropis sericea",-0.0182926829268293,"random",5,10,6,5,6,2,2,6,0.333333333333333
239,293,23,6,1,0.021,1.7,0.45752,0.87132,"Linum lewisii","Oxytropis splendens",-0.00853658536585366,"random",5,10,6,6,8,3,3,6,0.5
239,295,23,5,0,0.017,1.4,0.18348,1,"Linum lewisii","Packera cana",-0.0170731707317073,"random",5,10,6,5,8,4,4,6,0.666666666666667
239,300,23,4,0,0.014,1.1,0.26021,1,"Linum lewisii","Pedicularis bracteosa",-0.0134146341463415,"random",5,10,6,6,8,3,3,6,0.5
239,303,23,4,0,0.014,1.1,0.26021,1,"Linum lewisii","Pediomelum esculentum",-0.0134146341463415,"random",5,10,6,6,7,2,2,6,0.333333333333333
239,304,23,8,1,0.027,2.2,0.28237,0.93778,"Linum lewisii","Pelecyphora vivipara",-0.0146341463414634,"random",5,10,6,5,7,3,3,6,0.5
239,306,23,4,2,0.014,1.1,0.9352,0.3123,"Linum lewisii","Penstemon albidus",0.0109756097560976,"random",5,10,6,5,7,3,3,6,0.5
239,307,23,6,0,0.021,1.7,0.12868,1,"Linum lewisii","Penstemon confertus",-0.0207317073170732,"random",5,10,6,6,8,3,3,6,0.5
239,310,23,15,4,0.051,4.2,0.58497,0.66366,"Linum lewisii","Penstemon nitidus",-0.0024390243902439,"random",5,10,6,4,7,4,3,7,0.428571428571429
239,315,23,6,2,0.021,1.7,0.78635,0.54248,"Linum lewisii","Petasites frigidus",0.00365853658536585,"random",5,10,6,4,9,6,5,7,0.714285714285714
239,318,23,4,1,0.014,1.1,0.6877,0.73979,"Linum lewisii","Phalaris arundinacea",-0.00121951219512195,"random",5,10,6,5,10,6,6,6,1
239,320,23,6,5,0.021,1.7,0.99971,0.00596,"Linum lewisii","Phleum pratense",0.0402439024390244,"positive",5,10,6,7,7,1,1,6,0.166666666666667
239,321,23,15,5,0.051,4.2,0.79708,0.41503,"Linum lewisii","Phlox hoodii",0.00975609756097561,"random",5,10,6,3,10,8,6,8,0.75
239,323,23,6,0,0.021,1.7,0.12868,1,"Linum lewisii","Physaria arenosa",-0.0207317073170732,"random",5,10,6,4,7,4,3,7,0.428571428571429
239,327,23,5,1,0.017,1.4,0.56713,0.81652,"Linum lewisii","Plantago major",-0.0048780487804878,"random",5,10,6,6,8,3,3,6,0.5
239,328,23,5,1,0.017,1.4,0.56713,0.81652,"Linum lewisii","Plantago patagonica",-0.0048780487804878,"random",5,10,6,6,8,3,3,6,0.5
239,337,23,5,0,0.017,1.4,0.18348,1,"Linum lewisii","Polemonium pulcherrimum",-0.0170731707317073,"random",5,10,6,4,9,6,5,7,0.714285714285714
239,338,23,6,5,0.021,1.7,0.99971,0.00596,"Linum lewisii","Polygala senega",0.0402439024390244,"positive",5,10,6,5,7,3,3,6,0.5
239,340,23,6,3,0.021,1.7,0.95077,0.21365,"Linum lewisii","Populus balsamifera",0.0158536585365854,"random",5,10,6,4,5,2,1,7,0.142857142857143
239,342,23,17,6,0.058,4.8,0.85291,0.32144,"Linum lewisii","Populus tremuloides",0.0146341463414634,"random",5,10,6,4,4,1,0,7,0
239,343,23,10,4,0.034,2.8,0.89564,0.29087,"Linum lewisii","Potentilla concinna",0.0146341463414634,"random",5,10,6,4,6,3,2,7,0.285714285714286
239,351,23,4,0,0.014,1.1,0.26021,1,"Linum lewisii","Prosartes trachycarpa",-0.0134146341463415,"random",5,10,6,4,6,3,2,7,0.285714285714286
239,354,23,23,7,0.079,6.5,0.72068,0.48218,"Linum lewisii","Prunus virginiana",0.00609756097560976,"random",5,10,6,4,7,4,3,7,0.428571428571429
239,356,23,25,7,0.086,7,0.60809,0.60183,"Linum lewisii","Pulsatilla nuttalliana",0,"random",5,10,6,3,11,9,6,9,0.666666666666667
239,358,23,10,2,0.034,2.8,0.42671,0.83553,"Linum lewisii","Pyrola asarifolia",-0.00975609756097561,"random",5,10,6,6,9,4,4,6,0.666666666666667
239,359,23,4,1,0.014,1.1,0.6877,0.73979,"Linum lewisii","Ranunculus acris",-0.00121951219512195,"random",5,10,6,5,10,6,6,6,1
239,362,23,6,3,0.021,1.7,0.95077,0.21365,"Linum lewisii","Ratibida columnifera",0.0158536585365854,"random",5,10,6,6,10,5,5,6,0.833333333333333
239,368,23,10,2,0.034,2.8,0.42671,0.83553,"Linum lewisii","Rhus aromatica",-0.00975609756097561,"random",5,10,6,5,5,1,1,6,0.166666666666667
239,371,23,7,2,0.024,2,0.69549,0.63768,"Linum lewisii","Ribes oxyacanthoides",0,"random",5,10,6,5,6,2,2,6,0.333333333333333
239,373,23,8,2,0.027,2.2,0.6022,0.71763,"Linum lewisii","Rosa acicularis",-0.0024390243902439,"random",5,10,6,5,7,3,3,6,0.5
239,374,23,8,3,0.027,2.2,0.85097,0.3978,"Linum lewisii","Rosa arkansana",0.00975609756097561,"random",5,10,6,6,9,4,4,6,0.666666666666667
239,376,23,18,8,0.062,5,0.97721,0.07543,"Linum lewisii","Rosa woodsii",0.0365853658536585,"random",5,10,6,6,8,3,3,6,0.5
239,377,23,4,0,0.014,1.1,0.26021,1,"Linum lewisii","Rubus idaeus",-0.0134146341463415,"random",5,10,6,6,7,2,2,6,0.333333333333333
239,383,23,4,0,0.014,1.1,0.26021,1,"Linum lewisii","Salix bebbiana",-0.0134146341463415,"random",5,10,6,5,8,4,4,6,0.666666666666667
239,389,23,5,0,0.017,1.4,0.18348,1,"Linum lewisii","Salix glauca",-0.0170731707317073,"random",5,10,6,6,7,2,2,6,0.333333333333333
239,390,23,10,6,0.034,2.8,0.99586,0.02562,"Linum lewisii","Salix interior",0.0390243902439024,"positive",5,10,6,5,7,3,3,6,0.5
239,393,23,4,1,0.014,1.1,0.6877,0.73979,"Linum lewisii","Salsola tragus",-0.00121951219512195,"random",5,10,6,7,10,4,4,6,0.666666666666667
239,408,23,8,1,0.027,2.2,0.28237,0.93778,"Linum lewisii","Shepherdia argentea",-0.0146341463414634,"random",5,10,6,4,5,2,1,7,0.142857142857143
239,409,23,25,7,0.086,7,0.60809,0.60183,"Linum lewisii","Shepherdia canadensis",0,"random",5,10,6,4,5,2,1,7,0.142857142857143
239,412,23,7,5,0.024,2,0.99837,0.01677,"Linum lewisii","Sisymbrium loeselii",0.0365853658536585,"positive",5,10,6,5,10,6,6,6,1
239,413,23,7,4,0.024,2,0.98323,0.09249,"Linum lewisii","Sisyrinchium montanum",0.024390243902439,"random",5,10,6,5,8,4,4,6,0.666666666666667
239,417,23,8,2,0.027,2.2,0.6022,0.71763,"Linum lewisii","Solidago missouriensis",-0.0024390243902439,"random",5,10,6,6,9,4,4,6,0.666666666666667
239,423,23,8,2,0.027,2.2,0.6022,0.71763,"Linum lewisii","Sphaeralcea coccinea",-0.0024390243902439,"random",5,10,6,5,9,5,5,6,0.833333333333333
239,430,23,30,12,0.103,8.4,0.98063,0.05878,"Linum lewisii","Symphoricarpos occidentalis",0.0439024390243902,"random",5,10,6,6,8,3,3,6,0.5
239,434,23,16,6,0.055,4.5,0.89205,0.2599,"Linum lewisii","Symphyotrichum laeve",0.0182926829268293,"random",5,10,6,6,10,5,5,6,0.833333333333333
239,437,23,7,4,0.024,2,0.98323,0.09249,"Linum lewisii","Tanacetum vulgare",0.024390243902439,"random",5,10,6,7,10,4,4,6,0.666666666666667
239,438,23,12,4,0.041,3.4,0.78869,0.44832,"Linum lewisii","Taraxacum officinale",0.00731707317073171,"random",5,10,6,3,11,9,6,9,0.666666666666667
239,442,23,30,9,0.103,8.4,0.7123,0.47858,"Linum lewisii","Thermopsis rhombifolia",0.0073170731707317,"random",5,10,6,4,7,4,3,7,0.428571428571429
239,444,23,10,5,0.034,2.8,0.97438,0.10436,"Linum lewisii","Thlaspi arvense",0.0268292682926829,"random",5,10,6,4,9,6,5,7,0.714285714285714
239,448,23,18,6,0.062,5,0.80731,0.38582,"Linum lewisii","Tragopogon dubius",0.0121951219512195,"random",5,10,6,5,10,6,6,6,1
239,450,23,5,2,0.017,1.4,0.86856,0.43287,"Linum lewisii","Triantha glutinosa",0.00731707317073171,"random",5,10,6,6,8,3,3,6,0.5
239,453,23,4,2,0.014,1.1,0.9352,0.3123,"Linum lewisii","Trifolium hybridum",0.0109756097560976,"random",5,10,6,6,10,5,5,6,0.833333333333333
239,454,23,18,3,0.062,5,0.1802,0.94055,"Linum lewisii","Trifolium pratense",-0.024390243902439,"random",5,10,6,6,10,5,5,6,0.833333333333333
239,455,23,5,2,0.017,1.4,0.86856,0.43287,"Linum lewisii","Trifolium repens",0.00731707317073171,"random",5,10,6,5,10,6,6,6,1
239,458,23,7,4,0.024,2,0.98323,0.09249,"Linum lewisii","Tripleurospermum inodorum",0.024390243902439,"random",5,10,6,5,11,7,6,7,0.857142857142857
239,460,23,6,2,0.021,1.7,0.78635,0.54248,"Linum lewisii","Typha latifolia",0.00365853658536585,"random",5,10,6,6,7,2,2,6,0.333333333333333
239,475,23,16,6,0.055,4.5,0.89205,0.2599,"Linum lewisii","Vicia americana",0.0182926829268293,"random",5,10,6,5,9,5,5,6,0.833333333333333
239,476,23,14,6,0.048,3.9,0.94979,0.15202,"Linum lewisii","Vicia cracca",0.025609756097561,"random",5,10,6,5,11,7,6,7,0.857142857142857
239,477,23,15,6,0.051,4.2,0.92434,0.20292,"Linum lewisii","Viola adunca",0.0219512195121951,"random",5,10,6,4,9,6,5,7,0.714285714285714
239,479,23,6,1,0.021,1.7,0.45752,0.87132,"Linum lewisii","Viola nuttallii",-0.00853658536585366,"random",5,10,6,4,6,3,2,7,0.285714285714286
239,488,23,14,8,0.048,3.9,0.99788,0.01217,"Linum lewisii","Zizia aptera",0.05,"positive",5,10,6,5,7,3,3,6,0.5
240,258,6,30,4,0.027,2.2,0.97714,0.12664,"Lithospermum incisum","Maianthemum stellatum",0.0219512195121951,"random",4,6,3,5,7,3,2,4,0.5
240,265,6,14,0,0.012,1,0.31258,1,"Lithospermum incisum","Melilotus officinalis",-0.0121951219512195,"random",4,6,3,5,11,7,2,8,0.25
240,275,6,18,2,0.016,1.3,0.88367,0.39395,"Lithospermum incisum","Monarda fistulosa",0.00853658536585366,"random",4,6,3,5,9,5,2,6,0.333333333333333
240,286,6,15,2,0.013,1.1,0.92854,0.30129,"Lithospermum incisum","Opuntia polyacantha",0.0109756097560976,"random",4,6,3,5,8,4,2,5,0.4
240,310,6,15,3,0.013,1.1,0.99079,0.07146,"Lithospermum incisum","Penstemon nitidus",0.0231707317073171,"random",4,6,3,4,7,4,3,4,0.75
240,321,6,15,3,0.013,1.1,0.99079,0.07146,"Lithospermum incisum","Phlox hoodii",0.0231707317073171,"random",4,6,3,3,10,8,3,8,0.375
240,342,6,17,1,0.015,1.2,0.6369,0.76411,"Lithospermum incisum","Populus tremuloides",-0.0024390243902439,"random",4,6,3,4,4,1,1,3,0.333333333333333
240,354,6,23,3,0.021,1.7,0.95077,0.21365,"Lithospermum incisum","Prunus virginiana",0.0158536585365854,"random",4,6,3,4,7,4,3,4,0.75
240,356,6,25,1,0.022,1.8,0.40257,0.89637,"Lithospermum incisum","Pulsatilla nuttalliana",-0.00975609756097561,"random",4,6,3,3,11,9,3,9,0.333333333333333
240,376,6,18,2,0.016,1.3,0.88367,0.39395,"Lithospermum incisum","Rosa woodsii",0.00853658536585366,"random",4,6,3,6,8,3,1,5,0.2
240,409,6,25,1,0.022,1.8,0.40257,0.89637,"Lithospermum incisum","Shepherdia canadensis",-0.00975609756097561,"random",4,6,3,4,5,2,2,3,0.666666666666667
240,430,6,30,3,0.027,2.2,0.87336,0.38288,"Lithospermum incisum","Symphoricarpos occidentalis",0.00975609756097561,"random",4,6,3,6,8,3,1,5,0.2
240,434,6,16,0,0.014,1.2,0.25948,1,"Lithospermum incisum","Symphyotrichum laeve",-0.0146341463414634,"random",4,6,3,6,10,5,1,7,0.142857142857143
240,442,6,30,3,0.027,2.2,0.87336,0.38288,"Lithospermum incisum","Thermopsis rhombifolia",0.00975609756097561,"random",4,6,3,4,7,4,3,4,0.75
240,448,6,18,0,0.016,1.3,0.21411,1,"Lithospermum incisum","Tragopogon dubius",-0.0158536585365854,"random",4,6,3,5,10,6,2,7,0.285714285714286
240,454,6,18,0,0.016,1.3,0.21411,1,"Lithospermum incisum","Trifolium pratense",-0.0158536585365854,"random",4,6,3,6,10,5,1,7,0.142857142857143
240,475,6,16,2,0.014,1.2,0.91482,0.33217,"Lithospermum incisum","Vicia americana",0.00975609756097561,"random",4,6,3,5,9,5,2,6,0.333333333333333
240,476,6,14,0,0.012,1,0.31258,1,"Lithospermum incisum","Vicia cracca",-0.0121951219512195,"random",4,6,3,5,11,7,2,8,0.25
240,477,6,15,1,0.013,1.1,0.69871,0.715,"Lithospermum incisum","Viola adunca",-0.00121951219512195,"random",4,6,3,4,9,6,3,6,0.5
240,488,6,14,0,0.012,1,0.31258,1,"Lithospermum incisum","Zizia aptera",-0.0121951219512195,"random",4,6,3,5,7,3,2,4,0.5
241,246,13,12,4,0.023,1.9,0.98051,0.09165,"Lithospermum ruderale","Lonicera dioica",0.025609756097561,"random",5,7,3,6,7,2,2,3,0.666666666666667
241,253,13,7,1,0.014,1.1,0.69371,0.71621,"Lithospermum ruderale","Lygodesmia juncea",-0.00121951219512195,"random",5,7,3,6,10,5,2,6,0.333333333333333
241,258,13,30,9,0.058,4.8,0.99834,0.01034,"Lithospermum ruderale","Maianthemum stellatum",0.051219512195122,"positive",5,7,3,5,7,3,3,3,1
241,261,13,10,0,0.019,1.6,0.15895,1,"Lithospermum ruderale","Medicago lupulina",-0.0195121951219512,"random",5,7,3,5,11,7,3,7,0.428571428571429
241,262,13,10,1,0.019,1.6,0.50333,0.84105,"Lithospermum ruderale","Medicago sativa",-0.00731707317073171,"random",5,7,3,5,10,6,3,6,0.5
241,264,13,9,0,0.017,1.4,0.19339,1,"Lithospermum ruderale","Melilotus albus",-0.0170731707317073,"random",5,7,3,6,11,6,2,7,0.285714285714286
241,265,13,14,1,0.027,2.2,0.29885,0.92968,"Lithospermum ruderale","Melilotus officinalis",-0.0146341463414634,"random",5,7,3,5,11,7,3,7,0.428571428571429
241,275,13,18,7,0.035,2.9,0.99918,0.00617,"Lithospermum ruderale","Monarda fistulosa",0.05,"positive",5,7,3,5,9,5,3,5,0.6
241,278,13,11,4,0.021,1.7,0.98749,0.0676,"Lithospermum ruderale","Musineon divaricatum",0.0280487804878049,"random",5,7,3,4,7,4,3,4,0.75
241,285,13,13,4,0.025,2.1,0.97123,0.1196,"Lithospermum ruderale","Oenothera suffrutescens",0.0231707317073171,"random",5,7,3,5,8,4,3,4,0.75
241,286,13,15,0,0.029,2.4,0.05687,1,"Lithospermum ruderale","Opuntia polyacantha",-0.0292682926829268,"random",5,7,3,5,8,4,3,4,0.75
241,290,13,9,1,0.017,1.4,0.56431,0.80661,"Lithospermum ruderale","Oxytropis campestris",-0.0048780487804878,"random",5,7,3,5,9,5,3,5,0.6
241,292,13,9,3,0.017,1.4,0.96846,0.14853,"Lithospermum ruderale","Oxytropis sericea",0.0195121951219512,"random",5,7,3,5,6,2,2,3,0.666666666666667
241,292,13,9,3,0.017,1.4,0.96846,0.14853,"Lithospermum ruderale","Oxytropis sericea",0.0195121951219512,"random",5,7,3,5,6,2,2,3,0.666666666666667
241,304,13,8,0,0.015,1.3,0.2346,1,"Lithospermum ruderale","Pelecyphora vivipara",-0.0158536585365854,"random",5,7,3,5,7,3,3,3,1
241,310,13,15,2,0.029,2.4,0.56098,0.74148,"Lithospermum ruderale","Penstemon nitidus",-0.0048780487804878,"random",5,7,3,4,7,4,3,4,0.75
241,321,13,15,2,0.029,2.4,0.56098,0.74148,"Lithospermum ruderale","Phlox hoodii",-0.0048780487804878,"random",5,7,3,3,10,8,3,8,0.375
241,342,13,17,3,0.033,2.7,0.73604,0.53683,"Lithospermum ruderale","Populus tremuloides",0.00365853658536585,"random",5,7,3,4,4,1,0,4,0
241,343,13,10,3,0.019,1.6,0.95244,0.1918,"Lithospermum ruderale","Potentilla concinna",0.0170731707317073,"random",5,7,3,4,6,3,2,4,0.5
241,354,13,23,7,0.044,3.6,0.99358,0.03119,"Lithospermum ruderale","Prunus virginiana",0.0414634146341463,"positive",5,7,3,4,7,4,3,4,0.75
241,356,13,25,8,0.048,4,0.99796,0.01219,"Lithospermum ruderale","Pulsatilla nuttalliana",0.0487804878048781,"positive",5,7,3,3,11,9,3,9,0.333333333333333
241,358,13,10,3,0.019,1.6,0.95244,0.1918,"Lithospermum ruderale","Pyrola asarifolia",0.0170731707317073,"random",5,7,3,6,9,4,2,5,0.4
241,368,13,10,0,0.019,1.6,0.15895,1,"Lithospermum ruderale","Rhus aromatica",-0.0195121951219512,"random",5,7,3,5,5,1,1,3,0.333333333333333
241,371,13,7,2,0.014,1.1,0.92429,0.30629,"Lithospermum ruderale","Ribes oxyacanthoides",0.0109756097560976,"random",5,7,3,5,6,2,2,3,0.666666666666667
241,373,13,8,1,0.015,1.3,0.62812,0.7654,"Lithospermum ruderale","Rosa acicularis",-0.00365853658536585,"random",5,7,3,5,7,3,3,3,1
241,374,13,8,3,0.015,1.3,0.98065,0.10953,"Lithospermum ruderale","Rosa arkansana",0.0207317073170732,"random",5,7,3,6,9,4,2,5,0.4
241,376,13,18,3,0.035,2.9,0.69406,0.58301,"Lithospermum ruderale","Rosa woodsii",0.00121951219512195,"random",5,7,3,6,8,3,2,4,0.5
241,390,13,10,0,0.019,1.6,0.15895,1,"Lithospermum ruderale","Salix interior",-0.0195121951219512,"random",5,7,3,5,7,3,3,3,1
241,408,13,8,0,0.015,1.3,0.2346,1,"Lithospermum ruderale","Shepherdia argentea",-0.0158536585365854,"random",5,7,3,4,5,2,1,4,0.25
241,409,13,25,3,0.048,4,0.39184,0.8308,"Lithospermum ruderale","Shepherdia canadensis",-0.0121951219512195,"random",5,7,3,4,5,2,1,4,0.25
241,412,13,7,0,0.014,1.1,0.28379,1,"Lithospermum ruderale","Sisymbrium loeselii",-0.0134146341463415,"random",5,7,3,5,10,6,3,6,0.5
241,413,13,7,1,0.014,1.1,0.69371,0.71621,"Lithospermum ruderale","Sisyrinchium montanum",-0.00121951219512195,"random",5,7,3,5,8,4,3,4,0.75
241,417,13,8,1,0.015,1.3,0.62812,0.7654,"Lithospermum ruderale","Solidago missouriensis",-0.00365853658536585,"random",5,7,3,6,9,4,2,5,0.4
241,423,13,8,0,0.015,1.3,0.2346,1,"Lithospermum ruderale","Sphaeralcea coccinea",-0.0158536585365854,"random",5,7,3,5,9,5,3,5,0.6
241,430,13,30,5,0.058,4.8,0.68458,0.55581,"Lithospermum ruderale","Symphoricarpos occidentalis",0.0024390243902439,"random",5,7,3,6,8,3,2,4,0.5
241,434,13,16,2,0.031,2.5,0.51132,0.7776,"Lithospermum ruderale","Symphyotrichum laeve",-0.00609756097560976,"random",5,7,3,6,10,5,2,6,0.333333333333333
241,437,13,7,0,0.014,1.1,0.28379,1,"Lithospermum ruderale","Tanacetum vulgare",-0.0134146341463415,"random",5,7,3,7,10,4,1,6,0.166666666666667
241,438,13,12,4,0.023,1.9,0.98051,0.09165,"Lithospermum ruderale","Taraxacum officinale",0.025609756097561,"random",5,7,3,3,11,9,3,9,0.333333333333333
241,442,13,30,7,0.058,4.8,0.95556,0.13735,"Lithospermum ruderale","Thermopsis rhombifolia",0.0268292682926829,"random",5,7,3,4,7,4,3,4,0.75
241,444,13,10,1,0.019,1.6,0.50333,0.84105,"Lithospermum ruderale","Thlaspi arvense",-0.00731707317073171,"random",5,7,3,4,9,6,3,6,0.5
241,448,13,18,1,0.035,2.9,0.16196,0.97055,"Lithospermum ruderale","Tragopogon dubius",-0.0231707317073171,"random",5,7,3,5,10,6,3,6,0.5
241,454,13,18,1,0.035,2.9,0.16196,0.97055,"Lithospermum ruderale","Trifolium pratense",-0.0231707317073171,"random",5,7,3,6,10,5,2,6,0.333333333333333
241,458,13,7,0,0.014,1.1,0.28379,1,"Lithospermum ruderale","Tripleurospermum inodorum",-0.0134146341463415,"random",5,7,3,5,11,7,3,7,0.428571428571429
241,475,13,16,1,0.031,2.5,0.2224,0.95416,"Lithospermum ruderale","Vicia americana",-0.0182926829268293,"random",5,7,3,5,9,5,3,5,0.6
241,476,13,14,0,0.027,2.2,0.07032,1,"Lithospermum ruderale","Vicia cracca",-0.0268292682926829,"random",5,7,3,5,11,7,3,7,0.428571428571429
241,477,13,15,6,0.029,2.4,0.99841,0.01134,"Lithospermum ruderale","Viola adunca",0.0439024390243902,"positive",5,7,3,4,9,6,3,6,0.5
241,488,13,14,3,0.027,2.2,0.84881,0.38843,"Lithospermum ruderale","Zizia aptera",0.00975609756097561,"random",5,7,3,5,7,3,3,3,1
243,258,3,30,0,0.013,1.1,0.24955,1,"Lomatium foeniculaceum","Maianthemum stellatum",-0.0134146341463415,"random",4,6,3,5,7,3,2,4,0.5
243,430,3,30,2,0.013,1.1,0.95416,0.30126,"Lomatium foeniculaceum","Symphoricarpos occidentalis",0.0109756097560976,"random",4,6,3,6,8,3,1,5,0.2
243,442,3,30,2,0.013,1.1,0.95416,0.30126,"Lomatium foeniculaceum","Thermopsis rhombifolia",0.0109756097560976,"random",4,6,3,4,7,4,3,4,0.75
246,253,12,7,1,0.012,1,0.72918,0.68468,"Lonicera dioica","Lygodesmia juncea",0,"random",6,7,2,6,10,5,2,5,0.4
246,258,12,30,10,0.054,4.4,0.99996,0.00052,"Lonicera dioica","Maianthemum stellatum",0.0682926829268293,"positive",6,7,2,5,7,3,2,3,0.666666666666667
246,261,12,10,2,0.018,1.5,0.84148,0.44976,"Lonicera dioica","Medicago lupulina",0.00609756097560976,"random",6,7,2,5,11,7,2,7,0.285714285714286
246,262,12,10,2,0.018,1.5,0.84148,0.44976,"Lonicera dioica","Medicago sativa",0.00609756097560976,"random",6,7,2,5,10,6,2,6,0.333333333333333
246,264,12,9,1,0.016,1.3,0.60848,0.77808,"Lonicera dioica","Melilotus albus",-0.00365853658536585,"random",6,7,2,6,11,6,2,6,0.333333333333333
246,265,12,14,3,0.025,2,0.88283,0.33368,"Lonicera dioica","Melilotus officinalis",0.0121951219512195,"random",6,7,2,5,11,7,2,7,0.285714285714286
246,275,12,18,3,0.032,2.6,0.75219,0.51907,"Lonicera dioica","Monarda fistulosa",0.0048780487804878,"random",6,7,2,5,9,5,2,5,0.4
246,278,12,11,0,0.02,1.6,0.15453,1,"Lonicera dioica","Musineon divaricatum",-0.0195121951219512,"random",6,7,2,4,7,4,2,4,0.5
246,285,12,13,2,0.023,1.9,0.71271,0.60742,"Lonicera dioica","Oenothera suffrutescens",0.00121951219512195,"random",6,7,2,5,8,4,2,4,0.5
246,286,12,15,0,0.027,2.2,0.07238,1,"Lonicera dioica","Opuntia polyacantha",-0.0268292682926829,"random",6,7,2,5,8,4,2,4,0.5
246,290,12,9,4,0.016,1.3,0.99734,0.0231,"Lonicera dioica","Oxytropis campestris",0.0329268292682927,"positive",6,7,2,5,9,5,2,5,0.4
246,292,12,9,1,0.016,1.3,0.60848,0.77808,"Lonicera dioica","Oxytropis sericea",-0.00365853658536585,"random",6,7,2,5,6,2,1,3,0.333333333333333
246,292,12,9,1,0.016,1.3,0.60848,0.77808,"Lonicera dioica","Oxytropis sericea",-0.00365853658536585,"random",6,7,2,5,6,2,1,3,0.333333333333333
246,304,12,8,0,0.014,1.2,0.26487,1,"Lonicera dioica","Pelecyphora vivipara",-0.0146341463414634,"random",6,7,2,5,7,3,2,3,0.666666666666667
246,310,12,15,2,0.027,2.2,0.61935,0.69495,"Lonicera dioica","Penstemon nitidus",-0.0024390243902439,"random",6,7,2,4,7,4,2,4,0.5
246,321,12,15,0,0.027,2.2,0.07238,1,"Lonicera dioica","Phlox hoodii",-0.0268292682926829,"random",6,7,2,3,10,8,2,8,0.25
246,342,12,17,7,0.03,2.5,0.99979,0.00215,"Lonicera dioica","Populus tremuloides",0.0548780487804878,"positive",6,7,2,4,4,1,0,4,0
246,343,12,10,1,0.018,1.5,0.55024,0.81456,"Lonicera dioica","Potentilla concinna",-0.00609756097560976,"random",6,7,2,4,6,3,1,4,0.25
246,354,12,23,7,0.041,3.4,0.99696,0.01785,"Lonicera dioica","Prunus virginiana",0.0439024390243902,"positive",6,7,2,4,7,4,2,4,0.5
246,356,12,25,2,0.045,3.7,0.22058,0.93579,"Lonicera dioica","Pulsatilla nuttalliana",-0.0207317073170732,"random",6,7,2,3,11,9,2,9,0.222222222222222
246,358,12,10,2,0.018,1.5,0.84148,0.44976,"Lonicera dioica","Pyrola asarifolia",0.00609756097560976,"random",6,7,2,6,9,4,2,4,0.5
246,368,12,10,0,0.018,1.5,0.18544,1,"Lonicera dioica","Rhus aromatica",-0.0182926829268293,"random",6,7,2,5,5,1,0,3,0
246,371,12,7,3,0.012,1,0.99235,0.06071,"Lonicera dioica","Ribes oxyacanthoides",0.024390243902439,"random",6,7,2,5,6,2,1,3,0.333333333333333
246,373,12,8,3,0.014,1.2,0.98599,0.08872,"Lonicera dioica","Rosa acicularis",0.0219512195121951,"random",6,7,2,5,7,3,2,3,0.666666666666667
246,374,12,8,0,0.014,1.2,0.26487,1,"Lonicera dioica","Rosa arkansana",-0.0146341463414634,"random",6,7,2,6,9,4,2,4,0.5
246,376,12,18,4,0.032,2.6,0.91567,0.24781,"Lonicera dioica","Rosa woodsii",0.0170731707317073,"random",6,7,2,6,8,3,2,3,0.666666666666667
246,390,12,10,3,0.018,1.5,0.96476,0.15852,"Lonicera dioica","Salix interior",0.0182926829268293,"random",6,7,2,5,7,3,2,3,0.666666666666667
246,408,12,8,1,0.014,1.2,0.66848,0.73513,"Lonicera dioica","Shepherdia argentea",-0.0024390243902439,"random",6,7,2,4,5,2,0,4,0
246,409,12,25,6,0.045,3.7,0.96976,0.10781,"Lonicera dioica","Shepherdia canadensis",0.0280487804878049,"random",6,7,2,4,5,2,0,4,0
246,412,12,7,1,0.012,1,0.72918,0.68468,"Lonicera dioica","Sisymbrium loeselii",0,"random",6,7,2,5,10,6,2,6,0.333333333333333
246,413,12,7,5,0.012,1,0.99998,0.00052,"Lonicera dioica","Sisyrinchium montanum",0.0487804878048781,"positive",6,7,2,5,8,4,2,4,0.5
246,417,12,8,0,0.014,1.2,0.26487,1,"Lonicera dioica","Solidago missouriensis",-0.0146341463414634,"random",6,7,2,6,9,4,2,4,0.5
246,423,12,8,0,0.014,1.2,0.26487,1,"Lonicera dioica","Sphaeralcea coccinea",-0.0146341463414634,"random",6,7,2,5,9,5,2,5,0.4
246,430,12,30,5,0.054,4.4,0.76677,0.46335,"Lonicera dioica","Symphoricarpos occidentalis",0.0073170731707317,"random",6,7,2,6,8,3,2,3,0.666666666666667
246,434,12,16,5,0.029,2.3,0.98987,0.05119,"Lonicera dioica","Symphyotrichum laeve",0.0329268292682927,"random",6,7,2,6,10,5,2,5,0.4
246,437,12,7,0,0.012,1,0.31532,1,"Lonicera dioica","Tanacetum vulgare",-0.0121951219512195,"random",6,7,2,7,10,4,1,5,0.2
246,438,12,12,4,0.021,1.8,0.98696,0.06945,"Lonicera dioica","Taraxacum officinale",0.0268292682926829,"random",6,7,2,3,11,9,2,9,0.222222222222222
246,442,12,30,5,0.054,4.4,0.76677,0.46335,"Lonicera dioica","Thermopsis rhombifolia",0.0073170731707317,"random",6,7,2,4,7,4,2,4,0.5
246,444,12,10,3,0.018,1.5,0.96476,0.15852,"Lonicera dioica","Thlaspi arvense",0.0182926829268293,"random",6,7,2,4,9,6,2,6,0.333333333333333
246,448,12,18,2,0.032,2.6,0.48093,0.7988,"Lonicera dioica","Tragopogon dubius",-0.00731707317073171,"random",6,7,2,5,10,6,2,6,0.333333333333333
246,454,12,18,5,0.032,2.6,0.97991,0.08433,"Lonicera dioica","Trifolium pratense",0.0292682926829268,"random",6,7,2,6,10,5,2,5,0.4
246,458,12,7,2,0.012,1,0.93929,0.27082,"Lonicera dioica","Tripleurospermum inodorum",0.0121951219512195,"random",6,7,2,5,11,7,2,7,0.285714285714286
246,475,12,16,4,0.029,2.3,0.94881,0.17737,"Lonicera dioica","Vicia americana",0.0207317073170732,"random",6,7,2,5,9,5,2,5,0.4
246,476,12,14,2,0.025,2,0.66632,0.65304,"Lonicera dioica","Vicia cracca",0,"random",6,7,2,5,11,7,2,7,0.285714285714286
246,477,12,15,8,0.027,2.2,1,6e-05,"Lonicera dioica","Viola adunca",0.0707317073170732,"positive",6,7,2,4,9,6,2,6,0.333333333333333
246,488,12,14,5,0.025,2,0.99557,0.02786,"Lonicera dioica","Zizia aptera",0.0365853658536585,"positive",6,7,2,5,7,3,2,3,0.666666666666667
248,258,4,30,2,0.018,1.5,0.86363,0.46616,"Lonicera tatarica","Maianthemum stellatum",0.00609756097560976,"random",4,7,4,5,7,3,3,4,0.75
248,354,4,23,2,0.014,1.1,0.9352,0.3123,"Lonicera tatarica","Prunus virginiana",0.0109756097560976,"random",4,7,4,4,7,4,4,4,1
248,356,4,25,2,0.015,1.2,0.91781,0.35593,"Lonicera tatarica","Pulsatilla nuttalliana",0.00975609756097561,"random",4,7,4,3,11,9,4,9,0.444444444444444
248,409,4,25,2,0.015,1.2,0.91781,0.35593,"Lonicera tatarica","Shepherdia canadensis",0.00975609756097561,"random",4,7,4,4,5,2,2,4,0.5
248,430,4,30,2,0.018,1.5,0.86363,0.46616,"Lonicera tatarica","Symphoricarpos occidentalis",0.00609756097560976,"random",4,7,4,6,8,3,2,5,0.4
248,442,4,30,3,0.018,1.5,0.98433,0.13637,"Lonicera tatarica","Thermopsis rhombifolia",0.0182926829268293,"random",4,7,4,4,7,4,4,4,1
250,258,6,30,1,0.027,2.2,0.28081,0.94186,"Lotus corniculatus","Maianthemum stellatum",-0.0146341463414634,"random",5,9,5,5,7,3,3,5,0.6
250,265,6,14,0,0.012,1,0.31258,1,"Lotus corniculatus","Melilotus officinalis",-0.0121951219512195,"random",5,9,5,5,11,7,5,7,0.714285714285714
250,275,6,18,0,0.016,1.3,0.21411,1,"Lotus corniculatus","Monarda fistulosa",-0.0158536585365854,"random",5,9,5,5,9,5,5,5,1
250,286,6,15,1,0.013,1.1,0.69871,0.715,"Lotus corniculatus","Opuntia polyacantha",-0.00121951219512195,"random",5,9,5,5,8,4,4,5,0.8
250,310,6,15,0,0.013,1.1,0.285,1,"Lotus corniculatus","Penstemon nitidus",-0.0134146341463415,"random",5,9,5,4,7,4,3,6,0.5
250,321,6,15,0,0.013,1.1,0.285,1,"Lotus corniculatus","Phlox hoodii",-0.0134146341463415,"random",5,9,5,3,10,8,5,8,0.625
250,342,6,17,0,0.015,1.2,0.23589,1,"Lotus corniculatus","Populus tremuloides",-0.0146341463414634,"random",5,9,5,4,4,1,0,6,0
250,354,6,23,3,0.021,1.7,0.95077,0.21365,"Lotus corniculatus","Prunus virginiana",0.0158536585365854,"random",5,9,5,4,7,4,3,6,0.5
250,356,6,25,0,0.022,1.8,0.10363,1,"Lotus corniculatus","Pulsatilla nuttalliana",-0.0219512195121951,"random",5,9,5,3,11,9,5,9,0.555555555555556
250,376,6,18,2,0.016,1.3,0.88367,0.39395,"Lotus corniculatus","Rosa woodsii",0.00853658536585366,"random",5,9,5,6,8,3,3,5,0.6
250,409,6,25,1,0.022,1.8,0.40257,0.89637,"Lotus corniculatus","Shepherdia canadensis",-0.00975609756097561,"random",5,9,5,4,5,2,1,6,0.166666666666667
250,430,6,30,4,0.027,2.2,0.97714,0.12664,"Lotus corniculatus","Symphoricarpos occidentalis",0.0219512195121951,"random",5,9,5,6,8,3,3,5,0.6
250,434,6,16,2,0.014,1.2,0.91482,0.33217,"Lotus corniculatus","Symphyotrichum laeve",0.00975609756097561,"random",5,9,5,6,10,5,4,6,0.666666666666667
250,442,6,30,1,0.027,2.2,0.28081,0.94186,"Lotus corniculatus","Thermopsis rhombifolia",-0.0146341463414634,"random",5,9,5,4,7,4,3,6,0.5
250,448,6,18,3,0.016,1.3,0.98076,0.11633,"Lotus corniculatus","Tragopogon dubius",0.0207317073170732,"random",5,9,5,5,10,6,5,6,0.833333333333333
250,454,6,18,2,0.016,1.3,0.88367,0.39395,"Lotus corniculatus","Trifolium pratense",0.00853658536585366,"random",5,9,5,6,10,5,4,6,0.666666666666667
250,475,6,16,1,0.014,1.2,0.66783,0.74052,"Lotus corniculatus","Vicia americana",-0.0024390243902439,"random",5,9,5,5,9,5,5,5,1
250,476,6,14,4,0.012,1,0.9996,0.00691,"Lotus corniculatus","Vicia cracca",0.0365853658536585,"positive",5,9,5,5,11,7,5,7,0.714285714285714
250,477,6,15,0,0.013,1.1,0.285,1,"Lotus corniculatus","Viola adunca",-0.0134146341463415,"random",5,9,5,4,9,6,5,6,0.833333333333333
250,488,6,14,0,0.012,1,0.31258,1,"Lotus corniculatus","Zizia aptera",-0.0121951219512195,"random",5,9,5,5,7,3,3,5,0.6
252,258,3,30,1,0.013,1.1,0.69874,0.75045,"Lupinus sericeus","Maianthemum stellatum",-0.00121951219512195,"random",6,7,2,5,7,3,2,3,0.666666666666667
252,430,3,30,1,0.013,1.1,0.69874,0.75045,"Lupinus sericeus","Symphoricarpos occidentalis",-0.00121951219512195,"random",6,7,2,6,8,3,2,3,0.666666666666667
252,442,3,30,2,0.013,1.1,0.95416,0.30126,"Lupinus sericeus","Thermopsis rhombifolia",0.0109756097560976,"random",6,7,2,4,7,4,2,4,0.5
253,258,7,30,5,0.031,2.6,0.99134,0.05836,"Lygodesmia juncea","Maianthemum stellatum",0.0292682926829268,"random",6,10,5,5,7,3,2,6,0.333333333333333
253,265,7,14,0,0.015,1.2,0.255,1,"Lygodesmia juncea","Melilotus officinalis",-0.0146341463414634,"random",6,10,5,5,11,7,5,7,0.714285714285714
253,275,7,18,3,0.019,1.5,0.9616,0.17477,"Lygodesmia juncea","Monarda fistulosa",0.0182926829268293,"random",6,10,5,5,9,5,4,6,0.666666666666667
253,285,7,13,2,0.014,1.1,0.92429,0.30629,"Lygodesmia juncea","Oenothera suffrutescens",0.0109756097560976,"random",6,10,5,5,8,4,3,6,0.5
253,286,7,15,3,0.016,1.3,0.98096,0.11077,"Lygodesmia juncea","Opuntia polyacantha",0.0207317073170732,"random",6,10,5,5,8,4,3,6,0.5
253,310,7,15,4,0.016,1.3,0.99816,0.01904,"Lygodesmia juncea","Penstemon nitidus",0.0329268292682927,"positive",6,10,5,4,7,4,2,7,0.285714285714286
253,321,7,15,1,0.016,1.3,0.6225,0.77125,"Lygodesmia juncea","Phlox hoodii",-0.00365853658536585,"random",6,10,5,3,10,8,5,8,0.625
253,342,7,17,1,0.018,1.5,0.55247,0.81688,"Lygodesmia juncea","Populus tremuloides",-0.00609756097560976,"random",6,10,5,4,4,1,0,7,0
253,354,7,23,2,0.024,2,0.69549,0.63768,"Lygodesmia juncea","Prunus virginiana",0,"random",6,10,5,4,7,4,2,7,0.285714285714286
253,356,7,25,1,0.026,2.1,0.30817,0.93046,"Lygodesmia juncea","Pulsatilla nuttalliana",-0.0134146341463415,"random",6,10,5,3,11,9,5,9,0.555555555555556
253,376,7,18,2,0.019,1.5,0.82523,0.48162,"Lygodesmia juncea","Rosa woodsii",0.00609756097560976,"random",6,10,5,6,8,3,3,5,0.6
253,409,7,25,2,0.026,2.1,0.63858,0.69183,"Lygodesmia juncea","Shepherdia canadensis",-0.00121951219512195,"random",6,10,5,4,5,2,0,7,0
253,430,7,30,4,0.031,2.6,0.94164,0.21767,"Lygodesmia juncea","Symphoricarpos occidentalis",0.0170731707317073,"random",6,10,5,6,8,3,3,5,0.6
253,434,7,16,3,0.017,1.4,0.97549,0.13068,"Lygodesmia juncea","Symphyotrichum laeve",0.0195121951219512,"random",6,10,5,6,10,5,5,5,1
253,438,7,12,2,0.012,1,0.93929,0.27082,"Lygodesmia juncea","Taraxacum officinale",0.0121951219512195,"random",6,10,5,3,11,9,5,9,0.555555555555556
253,442,7,30,3,0.031,2.6,0.78233,0.50678,"Lygodesmia juncea","Thermopsis rhombifolia",0.0048780487804878,"random",6,10,5,4,7,4,2,7,0.285714285714286
253,448,7,18,3,0.019,1.5,0.9616,0.17477,"Lygodesmia juncea","Tragopogon dubius",0.0182926829268293,"random",6,10,5,5,10,6,5,6,0.833333333333333
253,454,7,18,1,0.019,1.5,0.51838,0.8366,"Lygodesmia juncea","Trifolium pratense",-0.00609756097560976,"random",6,10,5,6,10,5,5,5,1
253,475,7,16,3,0.017,1.4,0.97549,0.13068,"Lygodesmia juncea","Vicia americana",0.0195121951219512,"random",6,10,5,5,9,5,4,6,0.666666666666667
253,476,7,14,0,0.015,1.2,0.255,1,"Lygodesmia juncea","Vicia cracca",-0.0146341463414634,"random",6,10,5,5,11,7,5,7,0.714285714285714
253,477,7,15,2,0.016,1.3,0.88923,0.3775,"Lygodesmia juncea","Viola adunca",0.00853658536585366,"random",6,10,5,4,9,6,4,7,0.571428571428571
253,488,7,14,2,0.015,1.2,0.90758,0.34194,"Lygodesmia juncea","Zizia aptera",0.00975609756097561,"random",6,10,5,5,7,3,2,6,0.333333333333333
256,258,4,30,1,0.018,1.5,0.53384,0.84522,"Mahonia repens","Maianthemum stellatum",-0.00609756097560976,"random",6,6,1,5,7,3,1,3,0.333333333333333
256,354,4,23,3,0.014,1.1,0.99494,0.0648,"Mahonia repens","Prunus virginiana",0.0231707317073171,"random",6,6,1,4,7,4,1,4,0.25
256,356,4,25,2,0.015,1.2,0.91781,0.35593,"Mahonia repens","Pulsatilla nuttalliana",0.00975609756097561,"random",6,6,1,3,11,9,1,9,0.111111111111111
256,409,4,25,2,0.015,1.2,0.91781,0.35593,"Mahonia repens","Shepherdia canadensis",0.00975609756097561,"random",6,6,1,4,5,2,0,3,0
256,430,4,30,0,0.018,1.5,0.15478,1,"Mahonia repens","Symphoricarpos occidentalis",-0.0182926829268293,"random",6,6,1,6,8,3,1,3,0.333333333333333
256,442,4,30,0,0.018,1.5,0.15478,1,"Mahonia repens","Thermopsis rhombifolia",-0.0182926829268293,"random",6,6,1,4,7,4,1,4,0.25
257,258,4,30,2,0.018,1.5,0.86363,0.46616,"Maianthemum racemosum","Maianthemum stellatum",0.00609756097560976,"random",5,7,3,5,7,3,3,3,1
257,354,4,23,1,0.014,1.1,0.6877,0.73979,"Maianthemum racemosum","Prunus virginiana",-0.00121951219512195,"random",5,7,3,4,7,4,3,4,0.75
257,356,4,25,2,0.015,1.2,0.91781,0.35593,"Maianthemum racemosum","Pulsatilla nuttalliana",0.00975609756097561,"random",5,7,3,3,11,9,3,9,0.333333333333333
257,409,4,25,1,0.015,1.2,0.64407,0.77416,"Maianthemum racemosum","Shepherdia canadensis",-0.0024390243902439,"random",5,7,3,4,5,2,1,4,0.25
257,430,4,30,1,0.018,1.5,0.53384,0.84522,"Maianthemum racemosum","Symphoricarpos occidentalis",-0.00609756097560976,"random",5,7,3,6,8,3,2,4,0.5
257,442,4,30,1,0.018,1.5,0.53384,0.84522,"Maianthemum racemosum","Thermopsis rhombifolia",-0.00609756097560976,"random",5,7,3,4,7,4,3,4,0.75
258,261,30,10,4,0.045,3.7,0.72671,0.53409,"Maianthemum stellatum","Medicago lupulina",0.00365853658536585,"random",5,7,3,5,11,7,3,7,0.428571428571429
258,262,30,10,3,0.045,3.7,0.46591,0.78799,"Maianthemum stellatum","Medicago sativa",-0.00853658536585366,"random",5,7,3,5,10,6,3,6,0.5
258,264,30,9,4,0.04,3.3,0.81327,0.42977,"Maianthemum stellatum","Melilotus albus",0.00853658536585366,"random",5,7,3,6,11,6,2,7,0.285714285714286
258,265,30,14,6,0.062,5.1,0.80072,0.40252,"Maianthemum stellatum","Melilotus officinalis",0.0109756097560976,"random",5,7,3,5,11,7,3,7,0.428571428571429
258,271,30,3,2,0.013,1.1,0.95416,0.30126,"Maianthemum stellatum","Mertensia paniculata",0.0109756097560976,"random",5,7,3,5,10,6,3,6,0.5
258,275,30,18,9,0.08,6.6,0.94526,0.1447,"Maianthemum stellatum","Monarda fistulosa",0.0292682926829268,"random",5,7,3,5,9,5,3,5,0.6
258,278,30,11,8,0.049,4,0.99853,0.01071,"Maianthemum stellatum","Musineon divaricatum",0.0487804878048781,"positive",5,7,3,4,7,4,3,4,0.75
258,280,30,3,0,0.013,1.1,0.24955,1,"Maianthemum stellatum","Nassella viridula",-0.0134146341463415,"random",5,7,3,5,7,3,3,3,1
258,285,30,13,6,0.058,4.8,0.86265,0.31542,"Maianthemum stellatum","Oenothera suffrutescens",0.0146341463414634,"random",5,7,3,5,8,4,3,4,0.75
258,286,30,15,3,0.067,5.5,0.11755,0.96651,"Maianthemum stellatum","Opuntia polyacantha",-0.0304878048780488,"random",5,7,3,5,8,4,3,4,0.75
258,287,30,6,3,0.027,2.2,0.87336,0.38288,"Maianthemum stellatum","Oreocarya glomerata",0.00975609756097561,"random",5,7,3,5,8,4,3,4,0.75
258,290,30,9,4,0.04,3.3,0.81327,0.42977,"Maianthemum stellatum","Oxytropis campestris",0.00853658536585366,"random",5,7,3,5,9,5,3,5,0.6
258,292,30,9,3,0.04,3.3,0.57023,0.71182,"Maianthemum stellatum","Oxytropis sericea",-0.00365853658536585,"random",5,7,3,5,6,2,2,3,0.666666666666667
258,292,30,9,3,0.04,3.3,0.57023,0.71182,"Maianthemum stellatum","Oxytropis sericea",-0.00365853658536585,"random",5,7,3,5,6,2,2,3,0.666666666666667
258,293,30,6,1,0.027,2.2,0.28081,0.94186,"Maianthemum stellatum","Oxytropis splendens",-0.0146341463414634,"random",5,7,3,6,8,3,2,4,0.5
258,295,30,5,5,0.022,1.8,1,0.00522,"Maianthemum stellatum","Packera cana",0.0390243902439024,"positive",5,7,3,5,8,4,3,4,0.75
258,296,30,3,1,0.013,1.1,0.69874,0.75045,"Maianthemum stellatum","Packera paupercula",-0.00121951219512195,"random",5,7,3,6,10,5,2,6,0.333333333333333
258,298,30,3,1,0.013,1.1,0.69874,0.75045,"Maianthemum stellatum","Paronychia sessiliflora",-0.00121951219512195,"random",5,7,3,6,8,3,2,4,0.5
258,300,30,4,1,0.018,1.5,0.53384,0.84522,"Maianthemum stellatum","Pedicularis bracteosa",-0.00609756097560976,"random",5,7,3,6,8,3,2,4,0.5
258,303,30,4,3,0.018,1.5,0.98433,0.13637,"Maianthemum stellatum","Pediomelum esculentum",0.0182926829268293,"random",5,7,3,6,7,2,2,3,0.666666666666667
258,304,30,8,1,0.036,2.9,0.13372,0.97889,"Maianthemum stellatum","Pelecyphora vivipara",-0.0231707317073171,"random",5,7,3,5,7,3,3,3,1
258,305,30,3,0,0.013,1.1,0.24955,1,"Maianthemum stellatum","Penstemon albertinus",-0.0134146341463415,"random",5,7,3,6,7,2,2,3,0.666666666666667
258,306,30,4,1,0.018,1.5,0.53384,0.84522,"Maianthemum stellatum","Penstemon albidus",-0.00609756097560976,"random",5,7,3,5,7,3,3,3,1
258,307,30,6,1,0.027,2.2,0.28081,0.94186,"Maianthemum stellatum","Penstemon confertus",-0.0146341463414634,"random",5,7,3,6,8,3,2,4,0.5
258,310,30,15,7,0.067,5.5,0.88269,0.27101,"Maianthemum stellatum","Penstemon nitidus",0.0182926829268293,"random",5,7,3,4,7,4,3,4,0.75
258,315,30,6,2,0.027,2.2,0.61712,0.71919,"Maianthemum stellatum","Petasites frigidus",-0.0024390243902439,"random",5,7,3,4,9,6,3,6,0.5
258,318,30,4,0,0.018,1.5,0.15478,1,"Maianthemum stellatum","Phalaris arundinacea",-0.0182926829268293,"random",5,7,3,5,10,6,3,6,0.5
258,320,30,6,3,0.027,2.2,0.87336,0.38288,"Maianthemum stellatum","Phleum pratense",0.00975609756097561,"random",5,7,3,7,7,1,1,3,0.333333333333333
258,321,30,15,5,0.067,5.5,0.50982,0.71637,"Maianthemum stellatum","Phlox hoodii",-0.00609756097560976,"random",5,7,3,3,10,8,3,8,0.375
258,323,30,6,2,0.027,2.2,0.61712,0.71919,"Maianthemum stellatum","Physaria arenosa",-0.0024390243902439,"random",5,7,3,4,7,4,3,4,0.75
258,327,30,5,3,0.022,1.8,0.94255,0.25476,"Maianthemum stellatum","Plantago major",0.0146341463414634,"random",5,7,3,6,8,3,2,4,0.5
258,328,30,5,0,0.022,1.8,0.09525,1,"Maianthemum stellatum","Plantago patagonica",-0.0219512195121951,"random",5,7,3,6,8,3,2,4,0.5
258,335,30,3,1,0.013,1.1,0.69874,0.75045,"Maianthemum stellatum","Poa pratensis",-0.00121951219512195,"random",5,7,3,5,9,5,3,5,0.6
258,337,30,5,0,0.022,1.8,0.09525,1,"Maianthemum stellatum","Polemonium pulcherrimum",-0.0219512195121951,"random",5,7,3,4,9,6,3,6,0.5
258,338,30,6,4,0.027,2.2,0.97714,0.12664,"Maianthemum stellatum","Polygala senega",0.0219512195121951,"random",5,7,3,5,7,3,3,3,1
258,340,30,6,4,0.027,2.2,0.97714,0.12664,"Maianthemum stellatum","Populus balsamifera",0.0219512195121951,"random",5,7,3,4,5,2,1,4,0.25
258,342,30,17,12,0.076,6.2,0.99978,0.00161,"Maianthemum stellatum","Populus tremuloides",0.0707317073170732,"positive",5,7,3,4,4,1,0,4,0
258,343,30,10,7,0.045,3.7,0.99601,0.02502,"Maianthemum stellatum","Potentilla concinna",0.0402439024390244,"positive",5,7,3,4,6,3,2,4,0.5
258,345,30,3,1,0.013,1.1,0.69874,0.75045,"Maianthemum stellatum","Potentilla gracilis",-0.00121951219512195,"random",5,7,3,6,8,3,2,4,0.5
258,348,30,3,1,0.013,1.1,0.69874,0.75045,"Maianthemum stellatum","Potentilla pulcherrima",-0.00121951219512195,"random",5,7,3,6,10,5,2,6,0.333333333333333
258,351,30,4,1,0.018,1.5,0.53384,0.84522,"Maianthemum stellatum","Prosartes trachycarpa",-0.00609756097560976,"random",5,7,3,4,6,3,2,4,0.5
258,354,30,23,9,0.103,8.4,0.7123,0.47858,"Maianthemum stellatum","Prunus virginiana",0.0073170731707317,"random",5,7,3,4,7,4,3,4,0.75
258,356,30,25,10,0.112,9.1,0.75119,0.42686,"Maianthemum stellatum","Pulsatilla nuttalliana",0.0109756097560976,"random",5,7,3,3,11,9,3,9,0.333333333333333
258,358,30,10,4,0.045,3.7,0.72671,0.53409,"Maianthemum stellatum","Pyrola asarifolia",0.00365853658536585,"random",5,7,3,6,9,4,2,5,0.4
258,359,30,4,1,0.018,1.5,0.53384,0.84522,"Maianthemum stellatum","Ranunculus acris",-0.00609756097560976,"random",5,7,3,5,10,6,3,6,0.5
258,362,30,6,1,0.027,2.2,0.28081,0.94186,"Maianthemum stellatum","Ratibida columnifera",-0.0146341463414634,"random",5,7,3,6,10,5,2,6,0.333333333333333
258,366,30,3,1,0.013,1.1,0.69874,0.75045,"Maianthemum stellatum","Rhododendron groenlandicum",-0.00121951219512195,"random",5,7,3,5,7,3,3,3,1
258,368,30,10,3,0.045,3.7,0.46591,0.78799,"Maianthemum stellatum","Rhus aromatica",-0.00853658536585366,"random",5,7,3,5,5,1,1,3,0.333333333333333
258,371,30,7,5,0.031,2.6,0.99134,0.05836,"Maianthemum stellatum","Ribes oxyacanthoides",0.0292682926829268,"random",5,7,3,5,6,2,2,3,0.666666666666667
258,373,30,8,6,0.036,2.9,0.99687,0.02523,"Maianthemum stellatum","Rosa acicularis",0.0378048780487805,"positive",5,7,3,5,7,3,3,3,1
258,374,30,8,4,0.036,2.9,0.88641,0.32175,"Maianthemum stellatum","Rosa arkansana",0.0134146341463415,"random",5,7,3,6,9,4,2,5,0.4
258,376,30,18,11,0.08,6.6,0.99639,0.0161,"Maianthemum stellatum","Rosa woodsii",0.0536585365853659,"positive",5,7,3,6,8,3,2,4,0.5
258,377,30,4,3,0.018,1.5,0.98433,0.13637,"Maianthemum stellatum","Rubus idaeus",0.0182926829268293,"random",5,7,3,6,7,2,2,3,0.666666666666667
258,382,30,3,0,0.013,1.1,0.24955,1,"Maianthemum stellatum","Salix barrattiana",-0.0134146341463415,"random",5,7,3,5,7,3,3,3,1
258,383,30,4,3,0.018,1.5,0.98433,0.13637,"Maianthemum stellatum","Salix bebbiana",0.0182926829268293,"random",5,7,3,5,8,4,3,4,0.75
258,389,30,5,0,0.022,1.8,0.09525,1,"Maianthemum stellatum","Salix glauca",-0.0219512195121951,"random",5,7,3,6,7,2,2,3,0.666666666666667
258,390,30,10,6,0.045,3.7,0.97498,0.10016,"Maianthemum stellatum","Salix interior",0.0280487804878049,"random",5,7,3,5,7,3,3,3,1
258,393,30,4,1,0.018,1.5,0.53384,0.84522,"Maianthemum stellatum","Salsola tragus",-0.00609756097560976,"random",5,7,3,7,10,4,1,6,0.166666666666667
258,396,30,3,0,0.013,1.1,0.24955,1,"Maianthemum stellatum","Sarcobatus vermiculatus",-0.0134146341463415,"random",5,7,3,6,7,2,2,3,0.666666666666667
258,408,30,8,2,0.036,2.9,0.3822,0.86628,"Maianthemum stellatum","Shepherdia argentea",-0.0109756097560976,"random",5,7,3,4,5,2,1,4,0.25
258,409,30,25,12,0.112,9.1,0.95161,0.12102,"Maianthemum stellatum","Shepherdia canadensis",0.0353658536585366,"random",5,7,3,4,5,2,1,4,0.25
258,412,30,7,1,0.031,2.6,0.19584,0.96481,"Maianthemum stellatum","Sisymbrium loeselii",-0.0195121951219512,"random",5,7,3,5,10,6,3,6,0.5
258,413,30,7,5,0.031,2.6,0.99134,0.05836,"Maianthemum stellatum","Sisyrinchium montanum",0.0292682926829268,"random",5,7,3,5,8,4,3,4,0.75
258,417,30,8,4,0.036,2.9,0.88641,0.32175,"Maianthemum stellatum","Solidago missouriensis",0.0134146341463415,"random",5,7,3,6,9,4,2,5,0.4
258,419,30,3,0,0.013,1.1,0.24955,1,"Maianthemum stellatum","Solidago multiradiata",-0.0134146341463415,"random",5,7,3,6,9,4,2,5,0.4
258,420,30,3,1,0.013,1.1,0.69874,0.75045,"Maianthemum stellatum","Solidago rigida",-0.00121951219512195,"random",5,7,3,7,10,4,1,6,0.166666666666667
258,422,30,3,1,0.013,1.1,0.69874,0.75045,"Maianthemum stellatum","Sonchus arvensis",-0.00121951219512195,"random",5,7,3,7,10,4,1,6,0.166666666666667
258,423,30,8,0,0.036,2.9,0.02111,1,"Maianthemum stellatum","Sphaeralcea coccinea",-0.0353658536585366,"negative",5,7,3,5,9,5,3,5,0.6
258,426,30,3,0,0.013,1.1,0.24955,1,"Maianthemum stellatum","Sporobolus rigidus",-0.0134146341463415,"random",5,7,3,7,8,2,1,4,0.25
258,430,30,30,14,0.134,11,0.95274,0.11509,"Maianthemum stellatum","Symphoricarpos occidentalis",0.0365853658536585,"random",5,7,3,6,8,3,2,4,0.5
258,432,30,3,2,0.013,1.1,0.95416,0.30126,"Maianthemum stellatum","Symphyotrichum ericoides",0.0109756097560976,"random",5,7,3,7,10,4,1,6,0.166666666666667
258,434,30,16,11,0.071,5.9,0.99937,0.00403,"Maianthemum stellatum","Symphyotrichum laeve",0.0621951219512195,"positive",5,7,3,6,10,5,2,6,0.333333333333333
258,437,30,7,1,0.031,2.6,0.19584,0.96481,"Maianthemum stellatum","Tanacetum vulgare",-0.0195121951219512,"random",5,7,3,7,10,4,1,6,0.166666666666667
258,438,30,12,8,0.054,4.4,0.99567,0.02346,"Maianthemum stellatum","Taraxacum officinale",0.0439024390243902,"positive",5,7,3,3,11,9,3,9,0.333333333333333
258,442,30,30,13,0.134,11,0.88491,0.23338,"Maianthemum stellatum","Thermopsis rhombifolia",0.024390243902439,"random",5,7,3,4,7,4,3,4,0.75
258,444,30,10,5,0.045,3.7,0.89984,0.27329,"Maianthemum stellatum","Thlaspi arvense",0.0158536585365854,"random",5,7,3,4,9,6,3,6,0.5
258,448,30,18,6,0.08,6.6,0.48691,0.72251,"Maianthemum stellatum","Tragopogon dubius",-0.0073170731707317,"random",5,7,3,5,10,6,3,6,0.5
258,450,30,5,1,0.022,1.8,0.39291,0.90475,"Maianthemum stellatum","Triantha glutinosa",-0.00975609756097561,"random",5,7,3,6,8,3,2,4,0.5
258,453,30,4,3,0.018,1.5,0.98433,0.13637,"Maianthemum stellatum","Trifolium hybridum",0.0182926829268293,"random",5,7,3,6,10,5,2,6,0.333333333333333
258,454,30,18,10,0.08,6.6,0.9839,0.05474,"Maianthemum stellatum","Trifolium pratense",0.0414634146341463,"random",5,7,3,6,10,5,2,6,0.333333333333333
258,455,30,5,1,0.022,1.8,0.39291,0.90475,"Maianthemum stellatum","Trifolium repens",-0.00975609756097561,"random",5,7,3,5,10,6,3,6,0.5
258,458,30,7,3,0.031,2.6,0.78233,0.50678,"Maianthemum stellatum","Tripleurospermum inodorum",0.0048780487804878,"random",5,7,3,5,11,7,3,7,0.428571428571429
258,460,30,6,2,0.027,2.2,0.61712,0.71919,"Maianthemum stellatum","Typha latifolia",-0.0024390243902439,"random",5,7,3,6,7,2,2,3,0.666666666666667
258,461,30,3,1,0.013,1.1,0.69874,0.75045,"Maianthemum stellatum","Urtica gracilis",-0.00121951219512195,"random",5,7,3,6,8,3,2,4,0.5
258,468,30,3,0,0.013,1.1,0.24955,1,"Maianthemum stellatum","Valeriana sitchensis",-0.0134146341463415,"random",5,7,3,6,9,4,2,5,0.4
258,469,30,3,1,0.013,1.1,0.69874,0.75045,"Maianthemum stellatum","Veratrum viride",-0.00121951219512195,"random",5,7,3,7,8,2,1,4,0.25
258,470,30,3,1,0.013,1.1,0.69874,0.75045,"Maianthemum stellatum","Verbascum thapsus",-0.00121951219512195,"random",5,7,3,6,10,5,2,6,0.333333333333333
258,471,30,3,0,0.013,1.1,0.24955,1,"Maianthemum stellatum","Verbena bracteata",-0.0134146341463415,"random",5,7,3,6,10,5,2,6,0.333333333333333
258,473,30,3,2,0.013,1.1,0.95416,0.30126,"Maianthemum stellatum","Viburnum edule",0.0109756097560976,"random",5,7,3,5,8,4,3,4,0.75
258,475,30,16,5,0.071,5.9,0.42542,0.78082,"Maianthemum stellatum","Vicia americana",-0.0109756097560976,"random",5,7,3,5,9,5,3,5,0.6
258,476,30,14,4,0.062,5.1,0.35903,0.83816,"Maianthemum stellatum","Vicia cracca",-0.0134146341463415,"random",5,7,3,5,11,7,3,7,0.428571428571429
258,477,30,15,12,0.067,5.5,0.99998,0.00021,"Maianthemum stellatum","Viola adunca",0.0792682926829268,"positive",5,7,3,4,9,6,3,6,0.5
258,478,30,3,2,0.013,1.1,0.95416,0.30126,"Maianthemum stellatum","Viola canadensis",0.0109756097560976,"random",5,7,3,5,10,6,3,6,0.5
258,479,30,6,3,0.027,2.2,0.87336,0.38288,"Maianthemum stellatum","Viola nuttallii",0.00975609756097561,"random",5,7,3,4,6,3,2,4,0.5
258,484,30,3,0,0.013,1.1,0.24955,1,"Maianthemum stellatum","Xanthisma spinulosum",-0.0134146341463415,"random",5,7,3,6,10,5,2,6,0.333333333333333
258,486,30,3,0,0.013,1.1,0.24955,1,"Maianthemum stellatum","Xerophyllum tenax",-0.0134146341463415,"random",5,7,3,5,8,4,3,4,0.75
258,488,30,14,8,0.062,5.1,0.97878,0.07541,"Maianthemum stellatum","Zizia aptera",0.0353658536585366,"random",5,7,3,5,7,3,3,3,1
261,262,10,10,3,0.015,1.2,0.98291,0.09972,"Medicago lupulina","Medicago sativa",0.0219512195121951,"random",5,11,7,5,10,6,6,7,0.857142857142857
261,264,10,9,2,0.013,1.1,0.92507,0.30114,"Medicago lupulina","Melilotus albus",0.0109756097560976,"random",5,11,7,6,11,6,6,7,0.857142857142857
261,265,10,14,7,0.021,1.7,1,8e-05,"Medicago lupulina","Melilotus officinalis",0.0646341463414634,"positive",5,11,7,5,11,7,7,7,1
261,275,10,18,2,0.027,2.2,0.61909,0.69747,"Medicago lupulina","Monarda fistulosa",-0.0024390243902439,"random",5,11,7,5,9,5,5,7,0.714285714285714
261,278,10,11,0,0.016,1.3,0.21584,1,"Medicago lupulina","Musineon divaricatum",-0.0158536585365854,"random",5,11,7,4,7,4,3,8,0.375
261,285,10,13,1,0.019,1.6,0.50333,0.84105,"Medicago lupulina","Oenothera suffrutescens",-0.00731707317073171,"random",5,11,7,5,8,4,4,7,0.571428571428571
261,286,10,15,1,0.022,1.8,0.41573,0.88408,"Medicago lupulina","Opuntia polyacantha",-0.00975609756097561,"random",5,11,7,5,8,4,4,7,0.571428571428571
261,290,10,9,1,0.013,1.1,0.69886,0.70956,"Medicago lupulina","Oxytropis campestris",-0.00121951219512195,"random",5,11,7,5,9,5,5,7,0.714285714285714
261,292,10,9,0,0.013,1.1,0.29044,1,"Medicago lupulina","Oxytropis sericea",-0.0134146341463415,"random",5,11,7,5,6,2,2,7,0.285714285714286
261,292,10,9,0,0.013,1.1,0.29044,1,"Medicago lupulina","Oxytropis sericea",-0.0134146341463415,"random",5,11,7,5,6,2,2,7,0.285714285714286
261,310,10,15,1,0.022,1.8,0.41573,0.88408,"Medicago lupulina","Penstemon nitidus",-0.00975609756097561,"random",5,11,7,4,7,4,3,8,0.375
261,321,10,15,0,0.022,1.8,0.11592,1,"Medicago lupulina","Phlox hoodii",-0.0219512195121951,"random",5,11,7,3,10,8,6,9,0.666666666666667
261,342,10,17,1,0.025,2.1,0.33771,0.91632,"Medicago lupulina","Populus tremuloides",-0.0134146341463415,"random",5,11,7,4,4,1,0,8,0
261,343,10,10,1,0.015,1.2,0.64851,0.74935,"Medicago lupulina","Potentilla concinna",-0.0024390243902439,"random",5,11,7,4,6,3,2,8,0.25
261,354,10,23,3,0.034,2.8,0.70913,0.57329,"Medicago lupulina","Prunus virginiana",0.0024390243902439,"random",5,11,7,4,7,4,3,8,0.375
261,356,10,25,0,0.037,3,0.02019,1,"Medicago lupulina","Pulsatilla nuttalliana",-0.0365853658536585,"negative",5,11,7,3,11,9,7,9,0.777777777777778
261,358,10,10,1,0.015,1.2,0.64851,0.74935,"Medicago lupulina","Pyrola asarifolia",-0.0024390243902439,"random",5,11,7,6,9,4,4,7,0.571428571428571
261,368,10,10,1,0.015,1.2,0.64851,0.74935,"Medicago lupulina","Rhus aromatica",-0.0024390243902439,"random",5,11,7,5,5,1,1,7,0.142857142857143
261,376,10,18,2,0.027,2.2,0.61909,0.69747,"Medicago lupulina","Rosa woodsii",-0.0024390243902439,"random",5,11,7,6,8,3,3,7,0.428571428571429
261,390,10,10,2,0.015,1.2,0.90028,0.35149,"Medicago lupulina","Salix interior",0.00975609756097561,"random",5,11,7,5,7,3,3,7,0.428571428571429
261,409,10,25,5,0.037,3,0.95986,0.14413,"Medicago lupulina","Shepherdia canadensis",0.024390243902439,"random",5,11,7,4,5,2,1,8,0.125
261,430,10,30,4,0.045,3.7,0.72671,0.53409,"Medicago lupulina","Symphoricarpos occidentalis",0.00365853658536585,"random",5,11,7,6,8,3,3,7,0.428571428571429
261,434,10,16,4,0.024,2,0.9788,0.0985,"Medicago lupulina","Symphyotrichum laeve",0.024390243902439,"random",5,11,7,6,10,5,5,7,0.714285714285714
261,438,10,12,3,0.018,1.5,0.96476,0.15852,"Medicago lupulina","Taraxacum officinale",0.0182926829268293,"random",5,11,7,3,11,9,7,9,0.777777777777778
261,442,10,30,5,0.045,3.7,0.89984,0.27329,"Medicago lupulina","Thermopsis rhombifolia",0.0158536585365854,"random",5,11,7,4,7,4,3,8,0.375
261,444,10,10,3,0.015,1.2,0.98291,0.09972,"Medicago lupulina","Thlaspi arvense",0.0219512195121951,"random",5,11,7,4,9,6,5,8,0.625
261,448,10,18,5,0.027,2.2,0.99382,0.03671,"Medicago lupulina","Tragopogon dubius",0.0341463414634146,"positive",5,11,7,5,10,6,6,7,0.857142857142857
261,454,10,18,5,0.027,2.2,0.99382,0.03671,"Medicago lupulina","Trifolium pratense",0.0341463414634146,"positive",5,11,7,6,10,5,5,7,0.714285714285714
261,475,10,16,2,0.024,2,0.69763,0.62454,"Medicago lupulina","Vicia americana",0,"random",5,11,7,5,9,5,5,7,0.714285714285714
261,476,10,14,6,0.021,1.7,0.99992,0.00123,"Medicago lupulina","Vicia cracca",0.0524390243902439,"positive",5,11,7,5,11,7,7,7,1
261,477,10,15,2,0.022,1.8,0.73586,0.58427,"Medicago lupulina","Viola adunca",0.0024390243902439,"random",5,11,7,4,9,6,5,8,0.625
261,488,10,14,0,0.021,1.7,0.13591,1,"Medicago lupulina","Zizia aptera",-0.0207317073170732,"random",5,11,7,5,7,3,3,7,0.428571428571429
262,264,10,9,2,0.013,1.1,0.92507,0.30114,"Medicago sativa","Melilotus albus",0.0109756097560976,"random",5,10,6,6,11,6,5,7,0.714285714285714
262,265,10,14,3,0.021,1.7,0.9378,0.22715,"Medicago sativa","Melilotus officinalis",0.0158536585365854,"random",5,10,6,5,11,7,6,7,0.857142857142857
262,275,10,18,3,0.027,2.2,0.85604,0.38091,"Medicago sativa","Monarda fistulosa",0.00975609756097561,"random",5,10,6,5,9,5,5,6,0.833333333333333
262,278,10,11,0,0.016,1.3,0.21584,1,"Medicago sativa","Musineon divaricatum",-0.0158536585365854,"random",5,10,6,4,7,4,3,7,0.428571428571429
262,285,10,13,0,0.019,1.6,0.15895,1,"Medicago sativa","Oenothera suffrutescens",-0.0195121951219512,"random",5,10,6,5,8,4,4,6,0.666666666666667
262,286,10,15,0,0.022,1.8,0.11592,1,"Medicago sativa","Opuntia polyacantha",-0.0219512195121951,"random",5,10,6,5,8,4,4,6,0.666666666666667
262,290,10,9,0,0.013,1.1,0.29044,1,"Medicago sativa","Oxytropis campestris",-0.0134146341463415,"random",5,10,6,5,9,5,5,6,0.833333333333333
262,292,10,9,0,0.013,1.1,0.29044,1,"Medicago sativa","Oxytropis sericea",-0.0134146341463415,"random",5,10,6,5,6,2,2,6,0.333333333333333
262,292,10,9,0,0.013,1.1,0.29044,1,"Medicago sativa","Oxytropis sericea",-0.0134146341463415,"random",5,10,6,5,6,2,2,6,0.333333333333333
262,310,10,15,0,0.022,1.8,0.11592,1,"Medicago sativa","Penstemon nitidus",-0.0219512195121951,"random",5,10,6,4,7,4,3,7,0.428571428571429
262,321,10,15,0,0.022,1.8,0.11592,1,"Medicago sativa","Phlox hoodii",-0.0219512195121951,"random",5,10,6,3,10,8,6,8,0.75
262,342,10,17,3,0.025,2.1,0.87988,0.34142,"Medicago sativa","Populus tremuloides",0.0109756097560976,"random",5,10,6,4,4,1,0,7,0
262,343,10,10,0,0.015,1.2,0.25065,1,"Medicago sativa","Potentilla concinna",-0.0146341463414634,"random",5,10,6,4,6,3,2,7,0.285714285714286
262,354,10,23,5,0.034,2.8,0.97438,0.10436,"Medicago sativa","Prunus virginiana",0.0268292682926829,"random",5,10,6,4,7,4,3,7,0.428571428571429
262,356,10,25,0,0.037,3,0.02019,1,"Medicago sativa","Pulsatilla nuttalliana",-0.0365853658536585,"negative",5,10,6,3,11,9,6,9,0.666666666666667
262,358,10,10,0,0.015,1.2,0.25065,1,"Medicago sativa","Pyrola asarifolia",-0.0146341463414634,"random",5,10,6,6,9,4,4,6,0.666666666666667
262,368,10,10,1,0.015,1.2,0.64851,0.74935,"Medicago sativa","Rhus aromatica",-0.0024390243902439,"random",5,10,6,5,5,1,1,6,0.166666666666667
262,376,10,18,4,0.027,2.2,0.96329,0.14396,"Medicago sativa","Rosa woodsii",0.0219512195121951,"random",5,10,6,6,8,3,3,6,0.5
262,390,10,10,3,0.015,1.2,0.98291,0.09972,"Medicago sativa","Salix interior",0.0219512195121951,"random",5,10,6,5,7,3,3,6,0.5
262,409,10,25,3,0.037,3,0.64129,0.64296,"Medicago sativa","Shepherdia canadensis",0,"random",5,10,6,4,5,2,1,7,0.142857142857143
262,430,10,30,4,0.045,3.7,0.72671,0.53409,"Medicago sativa","Symphoricarpos occidentalis",0.00365853658536585,"random",5,10,6,6,8,3,3,6,0.5
262,434,10,16,3,0.024,2,0.9015,0.30237,"Medicago sativa","Symphyotrichum laeve",0.0121951219512195,"random",5,10,6,6,10,5,5,6,0.833333333333333
262,438,10,12,6,0.018,1.5,0.99998,0.00042,"Medicago sativa","Taraxacum officinale",0.0548780487804878,"positive",5,10,6,3,11,9,6,9,0.666666666666667
262,442,10,30,3,0.045,3.7,0.46591,0.78799,"Medicago sativa","Thermopsis rhombifolia",-0.00853658536585366,"random",5,10,6,4,7,4,3,7,0.428571428571429
262,444,10,10,3,0.015,1.2,0.98291,0.09972,"Medicago sativa","Thlaspi arvense",0.0219512195121951,"random",5,10,6,4,9,6,5,7,0.714285714285714
262,448,10,18,3,0.027,2.2,0.85604,0.38091,"Medicago sativa","Tragopogon dubius",0.00975609756097561,"random",5,10,6,5,10,6,6,6,1
262,454,10,18,3,0.027,2.2,0.85604,0.38091,"Medicago sativa","Trifolium pratense",0.00975609756097561,"random",5,10,6,6,10,5,5,6,0.833333333333333
262,475,10,16,2,0.024,2,0.69763,0.62454,"Medicago sativa","Vicia americana",0,"random",5,10,6,5,9,5,5,6,0.833333333333333
262,476,10,14,5,0.021,1.7,0.99877,0.01098,"Medicago sativa","Vicia cracca",0.0402439024390244,"positive",5,10,6,5,11,7,6,7,0.857142857142857
262,477,10,15,2,0.022,1.8,0.73586,0.58427,"Medicago sativa","Viola adunca",0.0024390243902439,"random",5,10,6,4,9,6,5,7,0.714285714285714
262,488,10,14,0,0.021,1.7,0.13591,1,"Medicago sativa","Zizia aptera",-0.0207317073170732,"random",5,10,6,5,7,3,3,6,0.5
264,265,9,14,4,0.019,1.5,0.9939,0.04171,"Melilotus albus","Melilotus officinalis",0.0304878048780488,"positive",6,11,6,5,11,7,6,7,0.857142857142857
264,275,9,18,1,0.024,2,0.36584,0.90602,"Melilotus albus","Monarda fistulosa",-0.0121951219512195,"random",6,11,6,5,9,5,4,7,0.571428571428571
264,278,9,11,0,0.015,1.2,0.25413,1,"Melilotus albus","Musineon divaricatum",-0.0146341463414634,"random",6,11,6,4,7,4,2,8,0.25
264,285,9,13,0,0.017,1.4,0.19339,1,"Melilotus albus","Oenothera suffrutescens",-0.0170731707317073,"random",6,11,6,5,8,4,3,7,0.428571428571429
264,286,9,15,1,0.02,1.6,0.47975,0.8541,"Melilotus albus","Opuntia polyacantha",-0.00731707317073171,"random",6,11,6,5,8,4,3,7,0.428571428571429
264,310,9,15,1,0.02,1.6,0.47975,0.8541,"Melilotus albus","Penstemon nitidus",-0.00731707317073171,"random",6,11,6,4,7,4,2,8,0.25
264,321,9,15,0,0.02,1.6,0.1459,1,"Melilotus albus","Phlox hoodii",-0.0195121951219512,"random",6,11,6,3,10,8,5,9,0.555555555555556
264,342,9,17,2,0.023,1.9,0.72497,0.59812,"Melilotus albus","Populus tremuloides",0.00121951219512195,"random",6,11,6,4,4,1,0,8,0
264,343,9,10,2,0.013,1.1,0.92507,0.30114,"Melilotus albus","Potentilla concinna",0.0109756097560976,"random",6,11,6,4,6,3,1,8,0.125
264,354,9,23,2,0.031,2.5,0.51144,0.78308,"Melilotus albus","Prunus virginiana",-0.00609756097560976,"random",6,11,6,4,7,4,2,8,0.25
264,356,9,25,0,0.033,2.7,0.0307,1,"Melilotus albus","Pulsatilla nuttalliana",-0.0329268292682927,"negative",6,11,6,3,11,9,6,9,0.666666666666667
264,358,9,10,0,0.013,1.1,0.29044,1,"Melilotus albus","Pyrola asarifolia",-0.0134146341463415,"random",6,11,6,6,9,4,4,6,0.666666666666667
264,368,9,10,1,0.013,1.1,0.69886,0.70956,"Melilotus albus","Rhus aromatica",-0.00121951219512195,"random",6,11,6,5,5,1,0,7,0
264,376,9,18,4,0.024,2,0.97856,0.10106,"Melilotus albus","Rosa woodsii",0.024390243902439,"random",6,11,6,6,8,3,3,6,0.5
264,390,9,10,3,0.013,1.1,0.98905,0.07493,"Melilotus albus","Salix interior",0.0231707317073171,"random",6,11,6,5,7,3,2,7,0.285714285714286
264,409,9,25,5,0.033,2.7,0.97948,0.09213,"Melilotus albus","Shepherdia canadensis",0.0280487804878049,"random",6,11,6,4,5,2,0,8,0
264,430,9,30,5,0.04,3.3,0.94492,0.18673,"Melilotus albus","Symphoricarpos occidentalis",0.0207317073170732,"random",6,11,6,6,8,3,3,6,0.5
264,434,9,16,2,0.021,1.8,0.75879,0.56011,"Melilotus albus","Symphyotrichum laeve",0.0024390243902439,"random",6,11,6,6,10,5,5,6,0.833333333333333
264,438,9,12,2,0.016,1.3,0.87847,0.39152,"Melilotus albus","Taraxacum officinale",0.00853658536585366,"random",6,11,6,3,11,9,6,9,0.666666666666667
264,442,9,30,2,0.04,3.3,0.28818,0.91041,"Melilotus albus","Thermopsis rhombifolia",-0.0158536585365854,"random",6,11,6,4,7,4,2,8,0.25
264,444,9,10,1,0.013,1.1,0.69886,0.70956,"Melilotus albus","Thlaspi arvense",-0.00121951219512195,"random",6,11,6,4,9,6,4,8,0.5
264,448,9,18,5,0.024,2,0.99713,0.02144,"Melilotus albus","Tragopogon dubius",0.0365853658536585,"positive",6,11,6,5,10,6,5,7,0.714285714285714
264,454,9,18,8,0.024,2,1,1e-05,"Melilotus albus","Trifolium pratense",0.0731707317073171,"positive",6,11,6,6,10,5,5,6,0.833333333333333
264,475,9,16,3,0.021,1.8,0.93242,0.24121,"Melilotus albus","Vicia americana",0.0146341463414634,"random",6,11,6,5,9,5,4,7,0.571428571428571
264,476,9,14,4,0.019,1.5,0.9939,0.04171,"Melilotus albus","Vicia cracca",0.0304878048780488,"positive",6,11,6,5,11,7,6,7,0.857142857142857
264,477,9,15,0,0.02,1.6,0.1459,1,"Melilotus albus","Viola adunca",-0.0195121951219512,"random",6,11,6,4,9,6,4,8,0.5
264,488,9,14,0,0.019,1.5,0.16816,1,"Melilotus albus","Zizia aptera",-0.0182926829268293,"random",6,11,6,5,7,3,2,7,0.285714285714286
265,275,14,18,4,0.037,3.1,0.84464,0.36617,"Melilotus officinalis","Monarda fistulosa",0.0109756097560976,"random",5,11,7,5,9,5,5,7,0.714285714285714
265,278,14,11,1,0.023,1.9,0.40018,0.89052,"Melilotus officinalis","Musineon divaricatum",-0.0109756097560976,"random",5,11,7,4,7,4,3,8,0.375
265,285,14,13,2,0.027,2.2,0.61157,0.70115,"Melilotus officinalis","Oenothera suffrutescens",-0.0024390243902439,"random",5,11,7,5,8,4,4,7,0.571428571428571
265,286,14,15,3,0.031,2.6,0.76993,0.496,"Melilotus officinalis","Opuntia polyacantha",0.0048780487804878,"random",5,11,7,5,8,4,4,7,0.571428571428571
265,287,14,6,1,0.012,1,0.72935,0.68742,"Melilotus officinalis","Oreocarya glomerata",0,"random",5,11,7,5,8,4,4,7,0.571428571428571
265,290,14,9,2,0.019,1.5,0.82234,0.4787,"Melilotus officinalis","Oxytropis campestris",0.00609756097560976,"random",5,11,7,5,9,5,5,7,0.714285714285714
265,292,14,9,2,0.019,1.5,0.82234,0.4787,"Melilotus officinalis","Oxytropis sericea",0.00609756097560976,"random",5,11,7,5,6,2,2,7,0.285714285714286
265,292,14,9,2,0.019,1.5,0.82234,0.4787,"Melilotus officinalis","Oxytropis sericea",0.00609756097560976,"random",5,11,7,5,6,2,2,7,0.285714285714286
265,293,14,6,1,0.012,1,0.72935,0.68742,"Melilotus officinalis","Oxytropis splendens",0,"random",5,11,7,6,8,3,3,7,0.428571428571429
265,304,14,8,2,0.017,1.4,0.86765,0.4118,"Melilotus officinalis","Pelecyphora vivipara",0.00731707317073171,"random",5,11,7,5,7,3,3,7,0.428571428571429
265,307,14,6,0,0.012,1,0.31258,1,"Melilotus officinalis","Penstemon confertus",-0.0121951219512195,"random",5,11,7,6,8,3,3,7,0.428571428571429
265,310,14,15,2,0.031,2.6,0.504,0.7824,"Melilotus officinalis","Penstemon nitidus",-0.00731707317073171,"random",5,11,7,4,7,4,3,8,0.375
265,315,14,6,1,0.012,1,0.72935,0.68742,"Melilotus officinalis","Petasites frigidus",0,"random",5,11,7,4,9,6,5,8,0.625
265,320,14,6,2,0.012,1,0.94099,0.27065,"Melilotus officinalis","Phleum pratense",0.0121951219512195,"random",5,11,7,7,7,1,1,7,0.142857142857143
265,321,14,15,2,0.031,2.6,0.504,0.7824,"Melilotus officinalis","Phlox hoodii",-0.00731707317073171,"random",5,11,7,3,10,8,6,9,0.666666666666667
265,323,14,6,0,0.012,1,0.31258,1,"Melilotus officinalis","Physaria arenosa",-0.0121951219512195,"random",5,11,7,4,7,4,3,8,0.375
265,338,14,6,2,0.012,1,0.94099,0.27065,"Melilotus officinalis","Polygala senega",0.0121951219512195,"random",5,11,7,5,7,3,3,7,0.428571428571429
265,340,14,6,1,0.012,1,0.72935,0.68742,"Melilotus officinalis","Populus balsamifera",0,"random",5,11,7,4,5,2,1,8,0.125
265,342,14,17,4,0.035,2.9,0.87445,0.31933,"Melilotus officinalis","Populus tremuloides",0.0134146341463415,"random",5,11,7,4,4,1,0,8,0
265,343,14,10,1,0.021,1.7,0.45841,0.86409,"Melilotus officinalis","Potentilla concinna",-0.00853658536585366,"random",5,11,7,4,6,3,2,8,0.25
265,354,14,23,3,0.048,3.9,0.40264,0.82279,"Melilotus officinalis","Prunus virginiana",-0.0109756097560976,"random",5,11,7,4,7,4,3,8,0.375
265,356,14,25,3,0.052,4.3,0.32086,0.87216,"Melilotus officinalis","Pulsatilla nuttalliana",-0.0158536585365854,"random",5,11,7,3,11,9,7,9,0.777777777777778
265,358,14,10,0,0.021,1.7,0.13591,1,"Melilotus officinalis","Pyrola asarifolia",-0.0207317073170732,"random",5,11,7,6,9,4,4,7,0.571428571428571
265,362,14,6,3,0.012,1,0.99309,0.05901,"Melilotus officinalis","Ratibida columnifera",0.024390243902439,"random",5,11,7,6,10,5,5,7,0.714285714285714
265,368,14,10,1,0.021,1.7,0.45841,0.86409,"Melilotus officinalis","Rhus aromatica",-0.00853658536585366,"random",5,11,7,5,5,1,1,7,0.142857142857143
265,371,14,7,2,0.015,1.2,0.90758,0.34194,"Melilotus officinalis","Ribes oxyacanthoides",0.00975609756097561,"random",5,11,7,5,6,2,2,7,0.285714285714286
265,373,14,8,0,0.017,1.4,0.2074,1,"Melilotus officinalis","Rosa acicularis",-0.0170731707317073,"random",5,11,7,5,7,3,3,7,0.428571428571429
265,374,14,8,1,0.017,1.4,0.5882,0.7926,"Melilotus officinalis","Rosa arkansana",-0.0048780487804878,"random",5,11,7,6,9,4,4,7,0.571428571428571
265,376,14,18,5,0.037,3.1,0.95196,0.15536,"Melilotus officinalis","Rosa woodsii",0.0231707317073171,"random",5,11,7,6,8,3,3,7,0.428571428571429
265,390,14,10,3,0.021,1.7,0.9378,0.22715,"Melilotus officinalis","Salix interior",0.0158536585365854,"random",5,11,7,5,7,3,3,7,0.428571428571429
265,408,14,8,2,0.017,1.4,0.86765,0.4118,"Melilotus officinalis","Shepherdia argentea",0.00731707317073171,"random",5,11,7,4,5,2,1,8,0.125
265,409,14,25,7,0.052,4.3,0.97761,0.0802,"Melilotus officinalis","Shepherdia canadensis",0.0329268292682927,"random",5,11,7,4,5,2,1,8,0.125
265,412,14,7,2,0.015,1.2,0.90758,0.34194,"Melilotus officinalis","Sisymbrium loeselii",0.00975609756097561,"random",5,11,7,5,10,6,6,7,0.857142857142857
265,413,14,7,1,0.015,1.2,0.65806,0.745,"Melilotus officinalis","Sisyrinchium montanum",-0.0024390243902439,"random",5,11,7,5,8,4,4,7,0.571428571428571
265,417,14,8,4,0.017,1.4,0.99699,0.02589,"Melilotus officinalis","Solidago missouriensis",0.0317073170731707,"positive",5,11,7,6,9,4,4,7,0.571428571428571
265,423,14,8,2,0.017,1.4,0.86765,0.4118,"Melilotus officinalis","Sphaeralcea coccinea",0.00731707317073171,"random",5,11,7,5,9,5,5,7,0.714285714285714
265,430,14,30,3,0.062,5.1,0.16184,0.9497,"Melilotus officinalis","Symphoricarpos occidentalis",-0.025609756097561,"random",5,11,7,6,8,3,3,7,0.428571428571429
265,434,14,16,2,0.033,2.7,0.4527,0.81598,"Melilotus officinalis","Symphyotrichum laeve",-0.00853658536585366,"random",5,11,7,6,10,5,5,7,0.714285714285714
265,437,14,7,1,0.015,1.2,0.65806,0.745,"Melilotus officinalis","Tanacetum vulgare",-0.0024390243902439,"random",5,11,7,7,10,4,4,7,0.571428571428571
265,438,14,12,3,0.025,2,0.88283,0.33368,"Melilotus officinalis","Taraxacum officinale",0.0121951219512195,"random",5,11,7,3,11,9,7,9,0.777777777777778
265,442,14,30,6,0.062,5.1,0.80072,0.40252,"Melilotus officinalis","Thermopsis rhombifolia",0.0109756097560976,"random",5,11,7,4,7,4,3,8,0.375
265,444,14,10,3,0.021,1.7,0.9378,0.22715,"Melilotus officinalis","Thlaspi arvense",0.0158536585365854,"random",5,11,7,4,9,6,5,8,0.625
265,448,14,18,7,0.037,3.1,0.99833,0.01067,"Melilotus officinalis","Tragopogon dubius",0.0475609756097561,"positive",5,11,7,5,10,6,6,7,0.857142857142857
265,454,14,18,5,0.037,3.1,0.95196,0.15536,"Melilotus officinalis","Trifolium pratense",0.0231707317073171,"random",5,11,7,6,10,5,5,7,0.714285714285714
265,458,14,7,2,0.015,1.2,0.90758,0.34194,"Melilotus officinalis","Tripleurospermum inodorum",0.00975609756097561,"random",5,11,7,5,11,7,7,7,1
265,460,14,6,1,0.012,1,0.72935,0.68742,"Melilotus officinalis","Typha latifolia",0,"random",5,11,7,6,7,2,2,7,0.285714285714286
265,475,14,16,3,0.033,2.7,0.72627,0.5473,"Melilotus officinalis","Vicia americana",0.00365853658536585,"random",5,11,7,5,9,5,5,7,0.714285714285714
265,476,14,14,5,0.029,2.4,0.98823,0.05664,"Melilotus officinalis","Vicia cracca",0.0317073170731707,"random",5,11,7,5,11,7,7,7,1
265,477,14,15,2,0.031,2.6,0.504,0.7824,"Melilotus officinalis","Viola adunca",-0.00731707317073171,"random",5,11,7,4,9,6,5,8,0.625
265,479,14,6,0,0.012,1,0.31258,1,"Melilotus officinalis","Viola nuttallii",-0.0121951219512195,"random",5,11,7,4,6,3,2,8,0.25
265,488,14,14,1,0.029,2.4,0.25579,0.94395,"Melilotus officinalis","Zizia aptera",-0.0170731707317073,"random",5,11,7,5,7,3,3,7,0.428571428571429
271,430,3,30,2,0.013,1.1,0.95416,0.30126,"Mertensia paniculata","Symphoricarpos occidentalis",0.0109756097560976,"random",5,10,6,6,8,3,3,6,0.5
271,442,3,30,1,0.013,1.1,0.69874,0.75045,"Mertensia paniculata","Thermopsis rhombifolia",-0.00121951219512195,"random",5,10,6,4,7,4,3,7,0.428571428571429
275,278,18,11,4,0.029,2.4,0.94243,0.19332,"Monarda fistulosa","Musineon divaricatum",0.0195121951219512,"random",5,9,5,4,7,4,3,6,0.5
275,285,18,13,5,0.035,2.9,0.96798,0.11703,"Monarda fistulosa","Oenothera suffrutescens",0.025609756097561,"random",5,9,5,5,8,4,4,5,0.8
275,286,18,15,0,0.04,3.3,0.016,1,"Monarda fistulosa","Opuntia polyacantha",-0.0402439024390244,"negative",5,9,5,5,8,4,4,5,0.8
275,287,18,6,0,0.016,1.3,0.21411,1,"Monarda fistulosa","Oreocarya glomerata",-0.0158536585365854,"random",5,9,5,5,8,4,4,5,0.8
275,290,18,9,1,0.024,2,0.36584,0.90602,"Monarda fistulosa","Oxytropis campestris",-0.0121951219512195,"random",5,9,5,5,9,5,5,5,1
275,292,18,9,3,0.024,2,0.89894,0.30982,"Monarda fistulosa","Oxytropis sericea",0.0121951219512195,"random",5,9,5,5,6,2,2,5,0.4
275,292,18,9,3,0.024,2,0.89894,0.30982,"Monarda fistulosa","Oxytropis sericea",0.0121951219512195,"random",5,9,5,5,6,2,2,5,0.4
275,293,18,6,3,0.016,1.3,0.98076,0.11633,"Monarda fistulosa","Oxytropis splendens",0.0207317073170732,"random",5,9,5,6,8,3,3,5,0.6
275,295,18,5,1,0.013,1.1,0.69859,0.72056,"Monarda fistulosa","Packera cana",-0.00121951219512195,"random",5,9,5,5,8,4,4,5,0.8
275,304,18,8,0,0.021,1.8,0.12419,1,"Monarda fistulosa","Pelecyphora vivipara",-0.0219512195121951,"random",5,9,5,5,7,3,3,5,0.6
275,307,18,6,2,0.016,1.3,0.88367,0.39395,"Monarda fistulosa","Penstemon confertus",0.00853658536585366,"random",5,9,5,6,8,3,3,5,0.6
275,310,18,15,4,0.04,3.3,0.80124,0.42705,"Monarda fistulosa","Penstemon nitidus",0.00853658536585366,"random",5,9,5,4,7,4,3,6,0.5
275,315,18,6,1,0.016,1.3,0.60605,0.78589,"Monarda fistulosa","Petasites frigidus",-0.00365853658536585,"random",5,9,5,4,9,6,5,6,0.833333333333333
275,320,18,6,3,0.016,1.3,0.98076,0.11633,"Monarda fistulosa","Phleum pratense",0.0207317073170732,"random",5,9,5,7,7,1,1,5,0.2
275,321,18,15,3,0.04,3.3,0.57295,0.69592,"Monarda fistulosa","Phlox hoodii",-0.00365853658536585,"random",5,9,5,3,10,8,5,8,0.625
275,323,18,6,1,0.016,1.3,0.60605,0.78589,"Monarda fistulosa","Physaria arenosa",-0.00365853658536585,"random",5,9,5,4,7,4,3,6,0.5
275,327,18,5,1,0.013,1.1,0.69859,0.72056,"Monarda fistulosa","Plantago major",-0.00121951219512195,"random",5,9,5,6,8,3,3,5,0.6
275,328,18,5,0,0.013,1.1,0.27944,1,"Monarda fistulosa","Plantago patagonica",-0.0134146341463415,"random",5,9,5,6,8,3,3,5,0.6
275,337,18,5,2,0.013,1.1,0.93222,0.30141,"Monarda fistulosa","Polemonium pulcherrimum",0.0109756097560976,"random",5,9,5,4,9,6,5,6,0.833333333333333
275,338,18,6,2,0.016,1.3,0.88367,0.39395,"Monarda fistulosa","Polygala senega",0.00853658536585366,"random",5,9,5,5,7,3,3,5,0.6
275,340,18,6,1,0.016,1.3,0.60605,0.78589,"Monarda fistulosa","Populus balsamifera",-0.00365853658536585,"random",5,9,5,4,5,2,1,6,0.166666666666667
275,342,18,17,7,0.046,3.7,0.99105,0.0387,"Monarda fistulosa","Populus tremuloides",0.0402439024390244,"positive",5,9,5,4,4,1,0,6,0
275,343,18,10,5,0.027,2.2,0.99382,0.03671,"Monarda fistulosa","Potentilla concinna",0.0341463414634146,"positive",5,9,5,4,6,3,2,6,0.333333333333333
275,354,18,23,8,0.062,5,0.97721,0.07543,"Monarda fistulosa","Prunus virginiana",0.0365853658536585,"random",5,9,5,4,7,4,3,6,0.5
275,356,18,25,9,0.067,5.5,0.98839,0.04302,"Monarda fistulosa","Pulsatilla nuttalliana",0.0426829268292683,"positive",5,9,5,3,11,9,5,9,0.555555555555556
275,358,18,10,3,0.027,2.2,0.85604,0.38091,"Monarda fistulosa","Pyrola asarifolia",0.00975609756097561,"random",5,9,5,6,9,4,4,5,0.8
275,362,18,6,2,0.016,1.3,0.88367,0.39395,"Monarda fistulosa","Ratibida columnifera",0.00853658536585366,"random",5,9,5,6,10,5,4,6,0.666666666666667
275,368,18,10,0,0.027,2.2,0.07081,1,"Monarda fistulosa","Rhus aromatica",-0.0268292682926829,"random",5,9,5,5,5,1,1,5,0.2
275,371,18,7,2,0.019,1.5,0.82523,0.48162,"Monarda fistulosa","Ribes oxyacanthoides",0.00609756097560976,"random",5,9,5,5,6,2,2,5,0.4
275,373,18,8,1,0.021,1.8,0.43792,0.87581,"Monarda fistulosa","Rosa acicularis",-0.00975609756097561,"random",5,9,5,5,7,3,3,5,0.6
275,374,18,8,3,0.021,1.8,0.93433,0.24024,"Monarda fistulosa","Rosa arkansana",0.0146341463414634,"random",5,9,5,6,9,4,4,5,0.8
275,376,18,18,5,0.048,4,0.84138,0.35097,"Monarda fistulosa","Rosa woodsii",0.0121951219512195,"random",5,9,5,6,8,3,3,5,0.6
275,389,18,5,0,0.013,1.1,0.27944,1,"Monarda fistulosa","Salix glauca",-0.0134146341463415,"random",5,9,5,6,7,2,2,5,0.4
275,390,18,10,1,0.027,2.2,0.30253,0.92919,"Monarda fistulosa","Salix interior",-0.0146341463414634,"random",5,9,5,5,7,3,3,5,0.6
275,408,18,8,2,0.021,1.8,0.75976,0.56208,"Monarda fistulosa","Shepherdia argentea",0.0024390243902439,"random",5,9,5,4,5,2,1,6,0.166666666666667
275,409,18,25,9,0.067,5.5,0.98839,0.04302,"Monarda fistulosa","Shepherdia canadensis",0.0426829268292683,"positive",5,9,5,4,5,2,1,6,0.166666666666667
275,412,18,7,1,0.019,1.5,0.51838,0.8366,"Monarda fistulosa","Sisymbrium loeselii",-0.00609756097560976,"random",5,9,5,5,10,6,5,6,0.833333333333333
275,413,18,7,2,0.019,1.5,0.82523,0.48162,"Monarda fistulosa","Sisyrinchium montanum",0.00609756097560976,"random",5,9,5,5,8,4,4,5,0.8
275,417,18,8,3,0.021,1.8,0.93433,0.24024,"Monarda fistulosa","Solidago missouriensis",0.0146341463414634,"random",5,9,5,6,9,4,4,5,0.8
275,423,18,8,0,0.021,1.8,0.12419,1,"Monarda fistulosa","Sphaeralcea coccinea",-0.0219512195121951,"random",5,9,5,5,9,5,5,5,1
275,430,18,30,10,0.08,6.6,0.9839,0.05474,"Monarda fistulosa","Symphoricarpos occidentalis",0.0414634146341463,"random",5,9,5,6,8,3,3,5,0.6
275,434,18,16,5,0.043,3.5,0.90618,0.24646,"Monarda fistulosa","Symphyotrichum laeve",0.0182926829268293,"random",5,9,5,6,10,5,4,6,0.666666666666667
275,437,18,7,0,0.019,1.5,0.1634,1,"Monarda fistulosa","Tanacetum vulgare",-0.0182926829268293,"random",5,9,5,7,10,4,3,6,0.5
275,438,18,12,4,0.032,2.6,0.91567,0.24781,"Monarda fistulosa","Taraxacum officinale",0.0170731707317073,"random",5,9,5,3,11,9,5,9,0.555555555555556
275,442,18,30,9,0.08,6.6,0.94526,0.1447,"Monarda fistulosa","Thermopsis rhombifolia",0.0292682926829268,"random",5,9,5,4,7,4,3,6,0.5
275,444,18,10,2,0.027,2.2,0.61909,0.69747,"Monarda fistulosa","Thlaspi arvense",-0.0024390243902439,"random",5,9,5,4,9,6,5,6,0.833333333333333
275,448,18,18,4,0.048,4,0.64903,0.60123,"Monarda fistulosa","Tragopogon dubius",0,"random",5,9,5,5,10,6,5,6,0.833333333333333
275,450,18,5,1,0.013,1.1,0.69859,0.72056,"Monarda fistulosa","Triantha glutinosa",-0.00121951219512195,"random",5,9,5,6,8,3,3,5,0.6
275,454,18,18,2,0.048,4,0.17632,0.95141,"Monarda fistulosa","Trifolium pratense",-0.024390243902439,"random",5,9,5,6,10,5,4,6,0.666666666666667
275,455,18,5,0,0.013,1.1,0.27944,1,"Monarda fistulosa","Trifolium repens",-0.0134146341463415,"random",5,9,5,5,10,6,5,6,0.833333333333333
275,458,18,7,2,0.019,1.5,0.82523,0.48162,"Monarda fistulosa","Tripleurospermum inodorum",0.00609756097560976,"random",5,9,5,5,11,7,5,7,0.714285714285714
275,460,18,6,0,0.016,1.3,0.21411,1,"Monarda fistulosa","Typha latifolia",-0.0158536585365854,"random",5,9,5,6,7,2,2,5,0.4
275,475,18,16,5,0.043,3.5,0.90618,0.24646,"Monarda fistulosa","Vicia americana",0.0182926829268293,"random",5,9,5,5,9,5,5,5,1
275,476,18,14,2,0.037,3.1,0.35785,0.87069,"Monarda fistulosa","Vicia cracca",-0.0134146341463415,"random",5,9,5,5,11,7,5,7,0.714285714285714
275,477,18,15,5,0.04,3.3,0.93145,0.19876,"Monarda fistulosa","Viola adunca",0.0207317073170732,"random",5,9,5,4,9,6,5,6,0.833333333333333
275,479,18,6,1,0.016,1.3,0.60605,0.78589,"Monarda fistulosa","Viola nuttallii",-0.00365853658536585,"random",5,9,5,4,6,3,2,6,0.333333333333333
275,488,18,14,4,0.037,3.1,0.84464,0.36617,"Monarda fistulosa","Zizia aptera",0.0109756097560976,"random",5,9,5,5,7,3,3,5,0.6
278,285,11,13,3,0.021,1.7,0.9324,0.23838,"Musineon divaricatum","Oenothera suffrutescens",0.0158536585365854,"random",4,7,4,5,8,4,3,5,0.6
278,286,11,15,3,0.025,2,0.89,0.32194,"Musineon divaricatum","Opuntia polyacantha",0.0121951219512195,"random",4,7,4,5,8,4,3,5,0.6
278,290,11,9,0,0.015,1.2,0.25413,1,"Musineon divaricatum","Oxytropis campestris",-0.0146341463414634,"random",4,7,4,5,9,5,3,6,0.5
278,292,11,9,2,0.015,1.2,0.90308,0.34652,"Musineon divaricatum","Oxytropis sericea",0.00975609756097561,"random",4,7,4,5,6,2,2,4,0.5
278,292,11,9,2,0.015,1.2,0.90308,0.34652,"Musineon divaricatum","Oxytropis sericea",0.00975609756097561,"random",4,7,4,5,6,2,2,4,0.5
278,304,11,8,3,0.013,1.1,0.99023,0.07004,"Musineon divaricatum","Pelecyphora vivipara",0.0231707317073171,"random",4,7,4,5,7,3,3,4,0.75
278,310,11,15,3,0.025,2,0.89,0.32194,"Musineon divaricatum","Penstemon nitidus",0.0121951219512195,"random",4,7,4,4,7,4,4,4,1
278,321,11,15,6,0.025,2,0.99962,0.00383,"Musineon divaricatum","Phlox hoodii",0.0487804878048781,"positive",4,7,4,3,10,8,4,8,0.5
278,342,11,17,2,0.028,2.3,0.59173,0.71874,"Musineon divaricatum","Populus tremuloides",-0.00365853658536585,"random",4,7,4,4,4,1,1,4,0.25
278,343,11,10,3,0.016,1.3,0.97488,0.1277,"Musineon divaricatum","Potentilla concinna",0.0207317073170732,"random",4,7,4,4,6,3,3,4,0.75
278,354,11,23,4,0.038,3.1,0.84642,0.36932,"Musineon divaricatum","Prunus virginiana",0.0109756097560976,"random",4,7,4,4,7,4,4,4,1
278,356,11,25,6,0.041,3.4,0.98393,0.06902,"Musineon divaricatum","Pulsatilla nuttalliana",0.0317073170731707,"random",4,7,4,3,11,9,4,9,0.444444444444444
278,358,11,10,1,0.016,1.3,0.59878,0.78416,"Musineon divaricatum","Pyrola asarifolia",-0.00365853658536585,"random",4,7,4,6,9,4,2,6,0.333333333333333
278,368,11,10,3,0.016,1.3,0.97488,0.1277,"Musineon divaricatum","Rhus aromatica",0.0207317073170732,"random",4,7,4,5,5,1,1,4,0.25
278,373,11,8,1,0.013,1.1,0.70895,0.7015,"Musineon divaricatum","Rosa acicularis",-0.00121951219512195,"random",4,7,4,5,7,3,3,4,0.75
278,374,11,8,2,0.013,1.1,0.92996,0.29105,"Musineon divaricatum","Rosa arkansana",0.0109756097560976,"random",4,7,4,6,9,4,2,6,0.333333333333333
278,376,11,18,2,0.029,2.4,0.54874,0.75218,"Musineon divaricatum","Rosa woodsii",-0.0048780487804878,"random",4,7,4,6,8,3,2,5,0.4
278,390,11,10,0,0.016,1.3,0.21584,1,"Musineon divaricatum","Salix interior",-0.0158536585365854,"random",4,7,4,5,7,3,3,4,0.75
278,408,11,8,1,0.013,1.1,0.70895,0.7015,"Musineon divaricatum","Shepherdia argentea",-0.00121951219512195,"random",4,7,4,4,5,2,2,4,0.5
278,409,11,25,3,0.041,3.4,0.55444,0.71698,"Musineon divaricatum","Shepherdia canadensis",-0.0048780487804878,"random",4,7,4,4,5,2,2,4,0.5
278,417,11,8,2,0.013,1.1,0.92996,0.29105,"Musineon divaricatum","Solidago missouriensis",0.0109756097560976,"random",4,7,4,6,9,4,2,6,0.333333333333333
278,423,11,8,1,0.013,1.1,0.70895,0.7015,"Musineon divaricatum","Sphaeralcea coccinea",-0.00121951219512195,"random",4,7,4,5,9,5,3,6,0.5
278,430,11,30,7,0.049,4,0.98929,0.05007,"Musineon divaricatum","Symphoricarpos occidentalis",0.0365853658536585,"random",4,7,4,6,8,3,2,5,0.4
278,434,11,16,3,0.026,2.1,0.86469,0.36501,"Musineon divaricatum","Symphyotrichum laeve",0.0109756097560976,"random",4,7,4,6,10,5,2,7,0.285714285714286
278,438,11,12,2,0.02,1.6,0.80103,0.5055,"Musineon divaricatum","Taraxacum officinale",0.0048780487804878,"random",4,7,4,3,11,9,4,9,0.444444444444444
278,442,11,30,7,0.049,4,0.98929,0.05007,"Musineon divaricatum","Thermopsis rhombifolia",0.0365853658536585,"random",4,7,4,4,7,4,4,4,1
278,444,11,10,1,0.016,1.3,0.59878,0.78416,"Musineon divaricatum","Thlaspi arvense",-0.00365853658536585,"random",4,7,4,4,9,6,4,6,0.666666666666667
278,448,11,18,1,0.029,2.4,0.24782,0.9469,"Musineon divaricatum","Tragopogon dubius",-0.0170731707317073,"random",4,7,4,5,10,6,3,7,0.428571428571429
278,454,11,18,0,0.029,2.4,0.0531,1,"Musineon divaricatum","Trifolium pratense",-0.0292682926829268,"random",4,7,4,6,10,5,2,7,0.285714285714286
278,475,11,16,2,0.026,2.1,0.63499,0.68222,"Musineon divaricatum","Vicia americana",-0.00121951219512195,"random",4,7,4,5,9,5,3,6,0.5
278,476,11,14,0,0.023,1.9,0.10948,1,"Musineon divaricatum","Vicia cracca",-0.0231707317073171,"random",4,7,4,5,11,7,3,8,0.375
278,477,11,15,3,0.025,2,0.89,0.32194,"Musineon divaricatum","Viola adunca",0.0121951219512195,"random",4,7,4,4,9,6,4,6,0.666666666666667
278,488,11,14,3,0.023,1.9,0.9126,0.27955,"Musineon divaricatum","Zizia aptera",0.0134146341463415,"random",4,7,4,5,7,3,3,4,0.75
280,430,3,30,1,0.013,1.1,0.69874,0.75045,"Nassella viridula","Symphoricarpos occidentalis",-0.00121951219512195,"random",5,7,3,6,8,3,2,4,0.5
280,442,3,30,2,0.013,1.1,0.95416,0.30126,"Nassella viridula","Thermopsis rhombifolia",0.0109756097560976,"random",5,7,3,4,7,4,3,4,0.75
285,286,13,15,5,0.029,2.4,0.98866,0.05525,"Oenothera suffrutescens","Opuntia polyacantha",0.0317073170731707,"random",5,8,4,5,8,4,4,4,1
285,290,13,9,0,0.017,1.4,0.19339,1,"Oenothera suffrutescens","Oxytropis campestris",-0.0170731707317073,"random",5,8,4,5,9,5,4,5,0.8
285,292,13,9,2,0.017,1.4,0.85147,0.43569,"Oenothera suffrutescens","Oxytropis sericea",0.00731707317073171,"random",5,8,4,5,6,2,2,4,0.5
285,292,13,9,2,0.017,1.4,0.85147,0.43569,"Oenothera suffrutescens","Oxytropis sericea",0.00731707317073171,"random",5,8,4,5,6,2,2,4,0.5
285,304,13,8,4,0.015,1.3,0.99799,0.01935,"Oenothera suffrutescens","Pelecyphora vivipara",0.0329268292682927,"positive",5,8,4,5,7,3,3,4,0.75
285,310,13,15,7,0.029,2.4,0.99985,0.00159,"Oenothera suffrutescens","Penstemon nitidus",0.0560975609756098,"positive",5,8,4,4,7,4,3,5,0.6
285,321,13,15,6,0.029,2.4,0.99841,0.01134,"Oenothera suffrutescens","Phlox hoodii",0.0439024390243902,"positive",5,8,4,3,10,8,4,8,0.5
285,342,13,17,0,0.033,2.7,0.03681,1,"Oenothera suffrutescens","Populus tremuloides",-0.0329268292682927,"negative",5,8,4,4,4,1,0,5,0
285,343,13,10,3,0.019,1.6,0.95244,0.1918,"Oenothera suffrutescens","Potentilla concinna",0.0170731707317073,"random",5,8,4,4,6,3,2,5,0.4
285,354,13,23,4,0.044,3.6,0.72436,0.52506,"Oenothera suffrutescens","Prunus virginiana",0.0048780487804878,"random",5,8,4,4,7,4,3,5,0.6
285,356,13,25,7,0.048,4,0.98781,0.05129,"Oenothera suffrutescens","Pulsatilla nuttalliana",0.0365853658536585,"random",5,8,4,3,11,9,4,9,0.444444444444444
285,358,13,10,1,0.019,1.6,0.50333,0.84105,"Oenothera suffrutescens","Pyrola asarifolia",-0.00731707317073171,"random",5,8,4,6,9,4,3,5,0.6
285,368,13,10,2,0.019,1.6,0.8082,0.49667,"Oenothera suffrutescens","Rhus aromatica",0.0048780487804878,"random",5,8,4,5,5,1,1,4,0.25
285,371,13,7,1,0.014,1.1,0.69371,0.71621,"Oenothera suffrutescens","Ribes oxyacanthoides",-0.00121951219512195,"random",5,8,4,5,6,2,2,4,0.5
285,373,13,8,2,0.015,1.3,0.89047,0.37188,"Oenothera suffrutescens","Rosa acicularis",0.00853658536585366,"random",5,8,4,5,7,3,3,4,0.75
285,374,13,8,1,0.015,1.3,0.62812,0.7654,"Oenothera suffrutescens","Rosa arkansana",-0.00365853658536585,"random",5,8,4,6,9,4,3,5,0.6
285,376,13,18,2,0.035,2.9,0.41699,0.83804,"Oenothera suffrutescens","Rosa woodsii",-0.0109756097560976,"random",5,8,4,6,8,3,3,4,0.75
285,390,13,10,0,0.019,1.6,0.15895,1,"Oenothera suffrutescens","Salix interior",-0.0195121951219512,"random",5,8,4,5,7,3,3,4,0.75
285,408,13,8,1,0.015,1.3,0.62812,0.7654,"Oenothera suffrutescens","Shepherdia argentea",-0.00365853658536585,"random",5,8,4,4,5,2,1,5,0.2
285,409,13,25,1,0.048,4,0.04512,0.99451,"Oenothera suffrutescens","Shepherdia canadensis",-0.0365853658536585,"negative",5,8,4,4,5,2,1,5,0.2
285,412,13,7,1,0.014,1.1,0.69371,0.71621,"Oenothera suffrutescens","Sisymbrium loeselii",-0.00121951219512195,"random",5,8,4,5,10,6,4,6,0.666666666666667
285,413,13,7,1,0.014,1.1,0.69371,0.71621,"Oenothera suffrutescens","Sisyrinchium montanum",-0.00121951219512195,"random",5,8,4,5,8,4,4,4,1
285,417,13,8,1,0.015,1.3,0.62812,0.7654,"Oenothera suffrutescens","Solidago missouriensis",-0.00365853658536585,"random",5,8,4,6,9,4,3,5,0.6
285,423,13,8,2,0.015,1.3,0.89047,0.37188,"Oenothera suffrutescens","Sphaeralcea coccinea",0.00853658536585366,"random",5,8,4,5,9,5,4,5,0.8
285,430,13,30,5,0.058,4.8,0.68458,0.55581,"Oenothera suffrutescens","Symphoricarpos occidentalis",0.0024390243902439,"random",5,8,4,6,8,3,3,4,0.75
285,434,13,16,2,0.031,2.5,0.51132,0.7776,"Oenothera suffrutescens","Symphyotrichum laeve",-0.00609756097560976,"random",5,8,4,6,10,5,3,6,0.5
285,437,13,7,0,0.014,1.1,0.28379,1,"Oenothera suffrutescens","Tanacetum vulgare",-0.0134146341463415,"random",5,8,4,7,10,4,2,6,0.333333333333333
285,438,13,12,2,0.023,1.9,0.71271,0.60742,"Oenothera suffrutescens","Taraxacum officinale",0.00121951219512195,"random",5,8,4,3,11,9,4,9,0.444444444444444
285,442,13,30,9,0.058,4.8,0.99834,0.01034,"Oenothera suffrutescens","Thermopsis rhombifolia",0.051219512195122,"positive",5,8,4,4,7,4,3,5,0.6
285,444,13,10,1,0.019,1.6,0.50333,0.84105,"Oenothera suffrutescens","Thlaspi arvense",-0.00731707317073171,"random",5,8,4,4,9,6,4,6,0.666666666666667
285,448,13,18,2,0.035,2.9,0.41699,0.83804,"Oenothera suffrutescens","Tragopogon dubius",-0.0109756097560976,"random",5,8,4,5,10,6,4,6,0.666666666666667
285,454,13,18,0,0.035,2.9,0.02945,1,"Oenothera suffrutescens","Trifolium pratense",-0.0353658536585366,"negative",5,8,4,6,10,5,3,6,0.5
285,458,13,7,1,0.014,1.1,0.69371,0.71621,"Oenothera suffrutescens","Tripleurospermum inodorum",-0.00121951219512195,"random",5,8,4,5,11,7,4,7,0.571428571428571
285,475,13,16,3,0.031,2.5,0.77617,0.48868,"Oenothera suffrutescens","Vicia americana",0.00609756097560976,"random",5,8,4,5,9,5,4,5,0.8
285,476,13,14,1,0.027,2.2,0.29885,0.92968,"Oenothera suffrutescens","Vicia cracca",-0.0146341463414634,"random",5,8,4,5,11,7,4,7,0.571428571428571
285,477,13,15,2,0.029,2.4,0.56098,0.74148,"Oenothera suffrutescens","Viola adunca",-0.0048780487804878,"random",5,8,4,4,9,6,4,6,0.666666666666667
285,488,13,14,2,0.027,2.2,0.61157,0.70115,"Oenothera suffrutescens","Zizia aptera",-0.0024390243902439,"random",5,8,4,5,7,3,3,4,0.75
286,287,15,6,6,0.013,1.1,1,1e-05,"Opuntia polyacantha","Oreocarya glomerata",0.0597560975609756,"positive",5,8,4,5,8,4,4,4,1
286,290,15,9,0,0.02,1.6,0.1459,1,"Opuntia polyacantha","Oxytropis campestris",-0.0195121951219512,"random",5,8,4,5,9,5,4,5,0.8
286,292,15,9,3,0.02,1.6,0.94629,0.20865,"Opuntia polyacantha","Oxytropis sericea",0.0170731707317073,"random",5,8,4,5,6,2,2,4,0.5
286,292,15,9,3,0.02,1.6,0.94629,0.20865,"Opuntia polyacantha","Oxytropis sericea",0.0170731707317073,"random",5,8,4,5,6,2,2,4,0.5
286,293,15,6,0,0.013,1.1,0.285,1,"Opuntia polyacantha","Oxytropis splendens",-0.0134146341463415,"random",5,8,4,6,8,3,3,4,0.75
286,304,15,8,7,0.018,1.5,1,1e-05,"Opuntia polyacantha","Pelecyphora vivipara",0.0670731707317073,"positive",5,8,4,5,7,3,3,4,0.75
286,307,15,6,0,0.013,1.1,0.285,1,"Opuntia polyacantha","Penstemon confertus",-0.0134146341463415,"random",5,8,4,6,8,3,3,4,0.75
286,310,15,15,9,0.033,2.7,1,5e-05,"Opuntia polyacantha","Penstemon nitidus",0.0768292682926829,"positive",5,8,4,4,7,4,3,5,0.6
286,315,15,6,0,0.013,1.1,0.285,1,"Opuntia polyacantha","Petasites frigidus",-0.0134146341463415,"random",5,8,4,4,9,6,4,6,0.666666666666667
286,320,15,6,0,0.013,1.1,0.285,1,"Opuntia polyacantha","Phleum pratense",-0.0134146341463415,"random",5,8,4,7,7,1,1,4,0.25
286,321,15,15,6,0.033,2.7,0.99517,0.0263,"Opuntia polyacantha","Phlox hoodii",0.0402439024390244,"positive",5,8,4,3,10,8,4,8,0.5
286,323,15,6,4,0.013,1.1,0.99941,0.00921,"Opuntia polyacantha","Physaria arenosa",0.0353658536585366,"positive",5,8,4,4,7,4,3,5,0.6
286,338,15,6,0,0.013,1.1,0.285,1,"Opuntia polyacantha","Polygala senega",-0.0134146341463415,"random",5,8,4,5,7,3,3,4,0.75
286,340,15,6,0,0.013,1.1,0.285,1,"Opuntia polyacantha","Populus balsamifera",-0.0134146341463415,"random",5,8,4,4,5,2,1,5,0.2
286,342,15,17,0,0.038,3.1,0.02081,1,"Opuntia polyacantha","Populus tremuloides",-0.0378048780487805,"negative",5,8,4,4,4,1,0,5,0
286,343,15,10,1,0.022,1.8,0.41573,0.88408,"Opuntia polyacantha","Potentilla concinna",-0.00975609756097561,"random",5,8,4,4,6,3,2,5,0.4
286,354,15,23,4,0.051,4.2,0.58497,0.66366,"Opuntia polyacantha","Prunus virginiana",-0.0024390243902439,"random",5,8,4,4,7,4,3,5,0.6
286,356,15,25,3,0.056,4.6,0.25841,0.9048,"Opuntia polyacantha","Pulsatilla nuttalliana",-0.0195121951219512,"random",5,8,4,3,11,9,4,9,0.444444444444444
286,358,15,10,0,0.022,1.8,0.11592,1,"Opuntia polyacantha","Pyrola asarifolia",-0.0219512195121951,"random",5,8,4,6,9,4,3,5,0.6
286,362,15,6,1,0.013,1.1,0.69871,0.715,"Opuntia polyacantha","Ratibida columnifera",-0.00121951219512195,"random",5,8,4,6,10,5,3,6,0.5
286,368,15,10,9,0.022,1.8,1,0,"Opuntia polyacantha","Rhus aromatica",0.0878048780487805,"positive",5,8,4,5,5,1,1,4,0.25
286,371,15,7,0,0.016,1.3,0.22875,1,"Opuntia polyacantha","Ribes oxyacanthoides",-0.0158536585365854,"random",5,8,4,5,6,2,2,4,0.5
286,373,15,8,0,0.018,1.5,0.183,1,"Opuntia polyacantha","Rosa acicularis",-0.0182926829268293,"random",5,8,4,5,7,3,3,4,0.75
286,374,15,8,1,0.018,1.5,0.549,0.817,"Opuntia polyacantha","Rosa arkansana",-0.00609756097560976,"random",5,8,4,6,9,4,3,5,0.6
286,376,15,18,2,0.04,3.3,0.30408,0.89757,"Opuntia polyacantha","Rosa woodsii",-0.0158536585365854,"random",5,8,4,6,8,3,3,4,0.75
286,390,15,10,1,0.022,1.8,0.41573,0.88408,"Opuntia polyacantha","Salix interior",-0.00975609756097561,"random",5,8,4,5,7,3,3,4,0.75
286,408,15,8,3,0.018,1.5,0.96629,0.157,"Opuntia polyacantha","Shepherdia argentea",0.0182926829268293,"random",5,8,4,4,5,2,1,5,0.2
286,409,15,25,0,0.056,4.6,0.00221,1,"Opuntia polyacantha","Shepherdia canadensis",-0.0560975609756098,"negative",5,8,4,4,5,2,1,5,0.2
286,412,15,7,0,0.016,1.3,0.22875,1,"Opuntia polyacantha","Sisymbrium loeselii",-0.0158536585365854,"random",5,8,4,5,10,6,4,6,0.666666666666667
286,413,15,7,0,0.016,1.3,0.22875,1,"Opuntia polyacantha","Sisyrinchium montanum",-0.0158536585365854,"random",5,8,4,5,8,4,4,4,1
286,417,15,8,2,0.018,1.5,0.843,0.451,"Opuntia polyacantha","Solidago missouriensis",0.00609756097560976,"random",5,8,4,6,9,4,3,5,0.6
286,423,15,8,7,0.018,1.5,1,1e-05,"Opuntia polyacantha","Sphaeralcea coccinea",0.0670731707317073,"positive",5,8,4,5,9,5,4,5,0.8
286,430,15,30,3,0.067,5.5,0.11755,0.96651,"Opuntia polyacantha","Symphoricarpos occidentalis",-0.0304878048780488,"random",5,8,4,6,8,3,3,4,0.75
286,434,15,16,1,0.036,2.9,0.15119,0.97308,"Opuntia polyacantha","Symphyotrichum laeve",-0.0231707317073171,"random",5,8,4,6,10,5,3,6,0.5
286,437,15,7,0,0.016,1.3,0.22875,1,"Opuntia polyacantha","Tanacetum vulgare",-0.0158536585365854,"random",5,8,4,7,10,4,2,6,0.333333333333333
286,438,15,12,0,0.027,2.2,0.07238,1,"Opuntia polyacantha","Taraxacum officinale",-0.0268292682926829,"random",5,8,4,3,11,9,4,9,0.444444444444444
286,442,15,30,7,0.067,5.5,0.88269,0.27101,"Opuntia polyacantha","Thermopsis rhombifolia",0.0182926829268293,"random",5,8,4,4,7,4,3,5,0.6
286,444,15,10,0,0.022,1.8,0.11592,1,"Opuntia polyacantha","Thlaspi arvense",-0.0219512195121951,"random",5,8,4,4,9,6,4,6,0.666666666666667
286,448,15,18,4,0.04,3.3,0.80124,0.42705,"Opuntia polyacantha","Tragopogon dubius",0.00853658536585366,"random",5,8,4,5,10,6,4,6,0.666666666666667
286,454,15,18,0,0.04,3.3,0.016,1,"Opuntia polyacantha","Trifolium pratense",-0.0402439024390244,"negative",5,8,4,6,10,5,3,6,0.5
286,458,15,7,0,0.016,1.3,0.22875,1,"Opuntia polyacantha","Tripleurospermum inodorum",-0.0158536585365854,"random",5,8,4,5,11,7,4,7,0.571428571428571
286,460,15,6,1,0.013,1.1,0.69871,0.715,"Opuntia polyacantha","Typha latifolia",-0.00121951219512195,"random",5,8,4,6,7,2,2,4,0.5
286,475,15,16,3,0.036,2.9,0.67397,0.60262,"Opuntia polyacantha","Vicia americana",0.00121951219512195,"random",5,8,4,5,9,5,4,5,0.8
286,476,15,14,0,0.031,2.6,0.04451,1,"Opuntia polyacantha","Vicia cracca",-0.0317073170731707,"negative",5,8,4,5,11,7,4,7,0.571428571428571
286,477,15,15,0,0.033,2.7,0.03469,1,"Opuntia polyacantha","Viola adunca",-0.0329268292682927,"negative",5,8,4,4,9,6,4,6,0.666666666666667
286,479,15,6,4,0.013,1.1,0.99941,0.00921,"Opuntia polyacantha","Viola nuttallii",0.0353658536585366,"positive",5,8,4,4,6,3,2,5,0.4
286,488,15,14,0,0.031,2.6,0.04451,1,"Opuntia polyacantha","Zizia aptera",-0.0317073170731707,"negative",5,8,4,5,7,3,3,4,0.75
287,310,6,15,4,0.013,1.1,0.99941,0.00921,"Oreocarya glomerata","Penstemon nitidus",0.0353658536585366,"positive",5,8,4,4,7,4,3,5,0.6
287,321,6,15,0,0.013,1.1,0.285,1,"Oreocarya glomerata","Phlox hoodii",-0.0134146341463415,"random",5,8,4,3,10,8,4,8,0.5
287,342,6,17,0,0.015,1.2,0.23589,1,"Oreocarya glomerata","Populus tremuloides",-0.0146341463414634,"random",5,8,4,4,4,1,0,5,0
287,354,6,23,1,0.021,1.7,0.45752,0.87132,"Oreocarya glomerata","Prunus virginiana",-0.00853658536585366,"random",5,8,4,4,7,4,3,5,0.6
287,356,6,25,0,0.022,1.8,0.10363,1,"Oreocarya glomerata","Pulsatilla nuttalliana",-0.0219512195121951,"random",5,8,4,3,11,9,4,9,0.444444444444444
287,376,6,18,1,0.016,1.3,0.60605,0.78589,"Oreocarya glomerata","Rosa woodsii",-0.00365853658536585,"random",5,8,4,6,8,3,3,4,0.75
287,409,6,25,0,0.022,1.8,0.10363,1,"Oreocarya glomerata","Shepherdia canadensis",-0.0219512195121951,"random",5,8,4,4,5,2,1,5,0.2
287,430,6,30,0,0.027,2.2,0.05814,1,"Oreocarya glomerata","Symphoricarpos occidentalis",-0.0268292682926829,"random",5,8,4,6,8,3,3,4,0.75
287,434,6,16,1,0.014,1.2,0.66783,0.74052,"Oreocarya glomerata","Symphyotrichum laeve",-0.0024390243902439,"random",5,8,4,6,10,5,3,6,0.5
287,442,6,30,3,0.027,2.2,0.87336,0.38288,"Oreocarya glomerata","Thermopsis rhombifolia",0.00975609756097561,"random",5,8,4,4,7,4,3,5,0.6
287,448,6,18,2,0.016,1.3,0.88367,0.39395,"Oreocarya glomerata","Tragopogon dubius",0.00853658536585366,"random",5,8,4,5,10,6,4,6,0.666666666666667
287,454,6,18,0,0.016,1.3,0.21411,1,"Oreocarya glomerata","Trifolium pratense",-0.0158536585365854,"random",5,8,4,6,10,5,3,6,0.5
287,475,6,16,2,0.014,1.2,0.91482,0.33217,"Oreocarya glomerata","Vicia americana",0.00975609756097561,"random",5,8,4,5,9,5,4,5,0.8
287,476,6,14,0,0.012,1,0.31258,1,"Oreocarya glomerata","Vicia cracca",-0.0121951219512195,"random",5,8,4,5,11,7,4,7,0.571428571428571
287,477,6,15,0,0.013,1.1,0.285,1,"Oreocarya glomerata","Viola adunca",-0.0134146341463415,"random",5,8,4,4,9,6,4,6,0.666666666666667
287,488,6,14,0,0.012,1,0.31258,1,"Oreocarya glomerata","Zizia aptera",-0.0121951219512195,"random",5,8,4,5,7,3,3,4,0.75
290,310,9,15,0,0.02,1.6,0.1459,1,"Oxytropis campestris","Penstemon nitidus",-0.0195121951219512,"random",5,9,5,4,7,4,3,6,0.5
290,321,9,15,0,0.02,1.6,0.1459,1,"Oxytropis campestris","Phlox hoodii",-0.0195121951219512,"random",5,9,5,3,10,8,5,8,0.625
290,342,9,17,3,0.023,1.9,0.91663,0.27503,"Oxytropis campestris","Populus tremuloides",0.0134146341463415,"random",5,9,5,4,4,1,0,6,0
290,343,9,10,0,0.013,1.1,0.29044,1,"Oxytropis campestris","Potentilla concinna",-0.0134146341463415,"random",5,9,5,4,6,3,2,6,0.333333333333333
290,354,9,23,3,0.031,2.5,0.78373,0.48856,"Oxytropis campestris","Prunus virginiana",0.00609756097560976,"random",5,9,5,4,7,4,3,6,0.5
290,356,9,25,1,0.033,2.7,0.17166,0.9693,"Oxytropis campestris","Pulsatilla nuttalliana",-0.0207317073170732,"random",5,9,5,3,11,9,5,9,0.555555555555556
290,358,9,10,3,0.013,1.1,0.98905,0.07493,"Oxytropis campestris","Pyrola asarifolia",0.0231707317073171,"random",5,9,5,6,9,4,4,5,0.8
290,368,9,10,0,0.013,1.1,0.29044,1,"Oxytropis campestris","Rhus aromatica",-0.0134146341463415,"random",5,9,5,5,5,1,1,5,0.2
290,376,9,18,1,0.024,2,0.36584,0.90602,"Oxytropis campestris","Rosa woodsii",-0.0121951219512195,"random",5,9,5,6,8,3,3,5,0.6
290,390,9,10,4,0.013,1.1,0.99907,0.01095,"Oxytropis campestris","Salix interior",0.0353658536585366,"positive",5,9,5,5,7,3,3,5,0.6
290,409,9,25,5,0.033,2.7,0.97948,0.09213,"Oxytropis campestris","Shepherdia canadensis",0.0280487804878049,"random",5,9,5,4,5,2,1,6,0.166666666666667
290,430,9,30,2,0.04,3.3,0.28818,0.91041,"Oxytropis campestris","Symphoricarpos occidentalis",-0.0158536585365854,"random",5,9,5,6,8,3,3,5,0.6
290,434,9,16,2,0.021,1.8,0.75879,0.56011,"Oxytropis campestris","Symphyotrichum laeve",0.0024390243902439,"random",5,9,5,6,10,5,4,6,0.666666666666667
290,438,9,12,0,0.016,1.3,0.22192,1,"Oxytropis campestris","Taraxacum officinale",-0.0158536585365854,"random",5,9,5,3,11,9,5,9,0.555555555555556
290,442,9,30,0,0.04,3.3,0.01255,1,"Oxytropis campestris","Thermopsis rhombifolia",-0.0402439024390244,"negative",5,9,5,4,7,4,3,6,0.5
290,444,9,10,1,0.013,1.1,0.69886,0.70956,"Oxytropis campestris","Thlaspi arvense",-0.00121951219512195,"random",5,9,5,4,9,6,5,6,0.833333333333333
290,448,9,18,2,0.024,2,0.69018,0.63416,"Oxytropis campestris","Tragopogon dubius",0,"random",5,9,5,5,10,6,5,6,0.833333333333333
290,454,9,18,5,0.024,2,0.99713,0.02144,"Oxytropis campestris","Trifolium pratense",0.0365853658536585,"positive",5,9,5,6,10,5,4,6,0.666666666666667
290,475,9,16,2,0.021,1.8,0.75879,0.56011,"Oxytropis campestris","Vicia americana",0.0024390243902439,"random",5,9,5,5,9,5,5,5,1
290,476,9,14,2,0.019,1.5,0.82234,0.4787,"Oxytropis campestris","Vicia cracca",0.00609756097560976,"random",5,9,5,5,11,7,5,7,0.714285714285714
290,477,9,15,4,0.02,1.6,0.99128,0.05371,"Oxytropis campestris","Viola adunca",0.0292682926829268,"random",5,9,5,4,9,6,5,6,0.833333333333333
290,488,9,14,4,0.019,1.5,0.9939,0.04171,"Oxytropis campestris","Zizia aptera",0.0304878048780488,"positive",5,9,5,5,7,3,3,5,0.6
292,310,9,15,3,0.02,1.6,0.94629,0.20865,"Oxytropis sericea","Penstemon nitidus",0.0170731707317073,"random",5,6,2,4,7,4,2,4,0.5
292,310,9,15,3,0.02,1.6,0.94629,0.20865,"Oxytropis sericea","Penstemon nitidus",0.0170731707317073,"random",5,6,2,4,7,4,2,4,0.5
292,321,9,15,3,0.02,1.6,0.94629,0.20865,"Oxytropis sericea","Phlox hoodii",0.0170731707317073,"random",5,6,2,3,10,8,2,8,0.25
292,321,9,15,3,0.02,1.6,0.94629,0.20865,"Oxytropis sericea","Phlox hoodii",0.0170731707317073,"random",5,6,2,3,10,8,2,8,0.25
292,342,9,17,1,0.023,1.9,0.40188,0.89092,"Oxytropis sericea","Populus tremuloides",-0.0109756097560976,"random",5,6,2,4,4,1,0,3,0
292,342,9,17,1,0.023,1.9,0.40188,0.89092,"Oxytropis sericea","Populus tremuloides",-0.0109756097560976,"random",5,6,2,4,4,1,0,3,0
292,343,9,10,2,0.013,1.1,0.92507,0.30114,"Oxytropis sericea","Potentilla concinna",0.0109756097560976,"random",5,6,2,4,6,3,2,3,0.666666666666667
292,343,9,10,2,0.013,1.1,0.92507,0.30114,"Oxytropis sericea","Potentilla concinna",0.0109756097560976,"random",5,6,2,4,6,3,2,3,0.666666666666667
292,354,9,23,1,0.031,2.5,0.21692,0.95712,"Oxytropis sericea","Prunus virginiana",-0.0182926829268293,"random",5,6,2,4,7,4,2,4,0.5
292,354,9,23,1,0.031,2.5,0.21692,0.95712,"Oxytropis sericea","Prunus virginiana",-0.0182926829268293,"random",5,6,2,4,7,4,2,4,0.5
292,356,9,25,7,0.033,2.7,0.99978,0.00284,"Oxytropis sericea","Pulsatilla nuttalliana",0.0524390243902439,"positive",5,6,2,3,11,9,2,9,0.222222222222222
292,356,9,25,7,0.033,2.7,0.99978,0.00284,"Oxytropis sericea","Pulsatilla nuttalliana",0.0524390243902439,"positive",5,6,2,3,11,9,2,9,0.222222222222222
292,358,9,10,1,0.013,1.1,0.69886,0.70956,"Oxytropis sericea","Pyrola asarifolia",-0.00121951219512195,"random",5,6,2,6,9,4,1,5,0.2
292,358,9,10,1,0.013,1.1,0.69886,0.70956,"Oxytropis sericea","Pyrola asarifolia",-0.00121951219512195,"random",5,6,2,6,9,4,1,5,0.2
292,368,9,10,1,0.013,1.1,0.69886,0.70956,"Oxytropis sericea","Rhus aromatica",-0.00121951219512195,"random",5,6,2,5,5,1,1,2,0.5
292,368,9,10,1,0.013,1.1,0.69886,0.70956,"Oxytropis sericea","Rhus aromatica",-0.00121951219512195,"random",5,6,2,5,5,1,1,2,0.5
292,376,9,18,2,0.024,2,0.69018,0.63416,"Oxytropis sericea","Rosa woodsii",0,"random",5,6,2,6,8,3,1,4,0.25
292,376,9,18,2,0.024,2,0.69018,0.63416,"Oxytropis sericea","Rosa woodsii",0,"random",5,6,2,6,8,3,1,4,0.25
292,390,9,10,0,0.013,1.1,0.29044,1,"Oxytropis sericea","Salix interior",-0.0134146341463415,"random",5,6,2,5,7,3,2,3,0.666666666666667
292,390,9,10,0,0.013,1.1,0.29044,1,"Oxytropis sericea","Salix interior",-0.0134146341463415,"random",5,6,2,5,7,3,2,3,0.666666666666667
292,409,9,25,2,0.033,2.7,0.44232,0.82834,"Oxytropis sericea","Shepherdia canadensis",-0.00853658536585366,"random",5,6,2,4,5,2,1,3,0.333333333333333
292,409,9,25,2,0.033,2.7,0.44232,0.82834,"Oxytropis sericea","Shepherdia canadensis",-0.00853658536585366,"random",5,6,2,4,5,2,1,3,0.333333333333333
292,430,9,30,4,0.04,3.3,0.81327,0.42977,"Oxytropis sericea","Symphoricarpos occidentalis",0.00853658536585366,"random",5,6,2,6,8,3,1,4,0.25
292,430,9,30,4,0.04,3.3,0.81327,0.42977,"Oxytropis sericea","Symphoricarpos occidentalis",0.00853658536585366,"random",5,6,2,6,8,3,1,4,0.25
292,434,9,16,0,0.021,1.8,0.12631,1,"Oxytropis sericea","Symphyotrichum laeve",-0.0219512195121951,"random",5,6,2,6,10,5,1,6,0.166666666666667
292,434,9,16,0,0.021,1.8,0.12631,1,"Oxytropis sericea","Symphyotrichum laeve",-0.0219512195121951,"random",5,6,2,6,10,5,1,6,0.166666666666667
292,438,9,12,1,0.016,1.3,0.60848,0.77808,"Oxytropis sericea","Taraxacum officinale",-0.00365853658536585,"random",5,6,2,3,11,9,2,9,0.222222222222222
292,438,9,12,1,0.016,1.3,0.60848,0.77808,"Oxytropis sericea","Taraxacum officinale",-0.00365853658536585,"random",5,6,2,3,11,9,2,9,0.222222222222222
292,442,9,30,5,0.04,3.3,0.94492,0.18673,"Oxytropis sericea","Thermopsis rhombifolia",0.0207317073170732,"random",5,6,2,4,7,4,2,4,0.5
292,442,9,30,5,0.04,3.3,0.94492,0.18673,"Oxytropis sericea","Thermopsis rhombifolia",0.0207317073170732,"random",5,6,2,4,7,4,2,4,0.5
292,444,9,10,2,0.013,1.1,0.92507,0.30114,"Oxytropis sericea","Thlaspi arvense",0.0109756097560976,"random",5,6,2,4,9,6,2,6,0.333333333333333
292,444,9,10,2,0.013,1.1,0.92507,0.30114,"Oxytropis sericea","Thlaspi arvense",0.0109756097560976,"random",5,6,2,4,9,6,2,6,0.333333333333333
292,448,9,18,1,0.024,2,0.36584,0.90602,"Oxytropis sericea","Tragopogon dubius",-0.0121951219512195,"random",5,6,2,5,10,6,2,6,0.333333333333333
292,448,9,18,1,0.024,2,0.36584,0.90602,"Oxytropis sericea","Tragopogon dubius",-0.0121951219512195,"random",5,6,2,5,10,6,2,6,0.333333333333333
292,454,9,18,1,0.024,2,0.36584,0.90602,"Oxytropis sericea","Trifolium pratense",-0.0121951219512195,"random",5,6,2,6,10,5,1,6,0.166666666666667
292,454,9,18,1,0.024,2,0.36584,0.90602,"Oxytropis sericea","Trifolium pratense",-0.0121951219512195,"random",5,6,2,6,10,5,1,6,0.166666666666667
292,475,9,16,3,0.021,1.8,0.93242,0.24121,"Oxytropis sericea","Vicia americana",0.0146341463414634,"random",5,6,2,5,9,5,2,5,0.4
292,475,9,16,3,0.021,1.8,0.93242,0.24121,"Oxytropis sericea","Vicia americana",0.0146341463414634,"random",5,6,2,5,9,5,2,5,0.4
292,476,9,14,1,0.019,1.5,0.5213,0.83184,"Oxytropis sericea","Vicia cracca",-0.00609756097560976,"random",5,6,2,5,11,7,2,7,0.285714285714286
292,476,9,14,1,0.019,1.5,0.5213,0.83184,"Oxytropis sericea","Vicia cracca",-0.00609756097560976,"random",5,6,2,5,11,7,2,7,0.285714285714286
292,477,9,15,2,0.02,1.6,0.79135,0.52025,"Oxytropis sericea","Viola adunca",0.0048780487804878,"random",5,6,2,4,9,6,2,6,0.333333333333333
292,477,9,15,2,0.02,1.6,0.79135,0.52025,"Oxytropis sericea","Viola adunca",0.0048780487804878,"random",5,6,2,4,9,6,2,6,0.333333333333333
292,488,9,14,0,0.019,1.5,0.16816,1,"Oxytropis sericea","Zizia aptera",-0.0182926829268293,"random",5,6,2,5,7,3,2,3,0.666666666666667
292,488,9,14,0,0.019,1.5,0.16816,1,"Oxytropis sericea","Zizia aptera",-0.0182926829268293,"random",5,6,2,5,7,3,2,3,0.666666666666667
293,310,6,15,0,0.013,1.1,0.285,1,"Oxytropis splendens","Penstemon nitidus",-0.0134146341463415,"random",6,8,3,4,7,4,2,5,0.4
293,321,6,15,1,0.013,1.1,0.69871,0.715,"Oxytropis splendens","Phlox hoodii",-0.00121951219512195,"random",6,8,3,3,10,8,3,8,0.375
293,342,6,17,2,0.015,1.2,0.89985,0.3631,"Oxytropis splendens","Populus tremuloides",0.00975609756097561,"random",6,8,3,4,4,1,0,5,0
293,354,6,23,2,0.021,1.7,0.78635,0.54248,"Oxytropis splendens","Prunus virginiana",0.00365853658536585,"random",6,8,3,4,7,4,2,5,0.4
293,356,6,25,2,0.022,1.8,0.741,0.59743,"Oxytropis splendens","Pulsatilla nuttalliana",0.0024390243902439,"random",6,8,3,3,11,9,3,9,0.333333333333333
293,376,6,18,1,0.016,1.3,0.60605,0.78589,"Oxytropis splendens","Rosa woodsii",-0.00365853658536585,"random",6,8,3,6,8,3,3,3,1
293,409,6,25,5,0.022,1.8,0.99949,0.00915,"Oxytropis splendens","Shepherdia canadensis",0.0390243902439024,"positive",6,8,3,4,5,2,0,5,0
293,430,6,30,2,0.027,2.2,0.61712,0.71919,"Oxytropis splendens","Symphoricarpos occidentalis",-0.0024390243902439,"random",6,8,3,6,8,3,3,3,1
293,434,6,16,1,0.014,1.2,0.66783,0.74052,"Oxytropis splendens","Symphyotrichum laeve",-0.0024390243902439,"random",6,8,3,6,10,5,3,5,0.6
293,442,6,30,3,0.027,2.2,0.87336,0.38288,"Oxytropis splendens","Thermopsis rhombifolia",0.00975609756097561,"random",6,8,3,4,7,4,2,5,0.4
293,448,6,18,2,0.016,1.3,0.88367,0.39395,"Oxytropis splendens","Tragopogon dubius",0.00853658536585366,"random",6,8,3,5,10,6,3,6,0.5
293,454,6,18,0,0.016,1.3,0.21411,1,"Oxytropis splendens","Trifolium pratense",-0.0158536585365854,"random",6,8,3,6,10,5,3,5,0.6
293,475,6,16,0,0.014,1.2,0.25948,1,"Oxytropis splendens","Vicia americana",-0.0146341463414634,"random",6,8,3,5,9,5,3,5,0.6
293,476,6,14,1,0.012,1,0.72935,0.68742,"Oxytropis splendens","Vicia cracca",0,"random",6,8,3,5,11,7,3,7,0.428571428571429
293,477,6,15,3,0.013,1.1,0.99079,0.07146,"Oxytropis splendens","Viola adunca",0.0231707317073171,"random",6,8,3,4,9,6,3,6,0.5
293,488,6,14,2,0.012,1,0.94099,0.27065,"Oxytropis splendens","Zizia aptera",0.0121951219512195,"random",6,8,3,5,7,3,2,4,0.5
295,342,5,17,1,0.013,1,0.72455,0.69728,"Packera cana","Populus tremuloides",0,"random",5,8,4,4,4,1,0,5,0
295,354,5,23,0,0.017,1.4,0.18348,1,"Packera cana","Prunus virginiana",-0.0170731707317073,"random",5,8,4,4,7,4,3,5,0.6
295,356,5,25,3,0.019,1.5,0.97163,0.16291,"Packera cana","Pulsatilla nuttalliana",0.0182926829268293,"random",5,8,4,3,11,9,4,9,0.444444444444444
295,376,5,18,0,0.013,1.1,0.27944,1,"Packera cana","Rosa woodsii",-0.0134146341463415,"random",5,8,4,6,8,3,3,4,0.75
295,409,5,25,2,0.019,1.5,0.83709,0.48462,"Packera cana","Shepherdia canadensis",0.00609756097560976,"random",5,8,4,4,5,2,1,5,0.2
295,430,5,30,2,0.022,1.8,0.74524,0.60709,"Packera cana","Symphoricarpos occidentalis",0.0024390243902439,"random",5,8,4,6,8,3,3,4,0.75
295,442,5,30,2,0.022,1.8,0.74524,0.60709,"Packera cana","Thermopsis rhombifolia",0.0024390243902439,"random",5,8,4,4,7,4,3,5,0.6
295,448,5,18,0,0.013,1.1,0.27944,1,"Packera cana","Tragopogon dubius",-0.0134146341463415,"random",5,8,4,5,10,6,4,6,0.666666666666667
295,454,5,18,0,0.013,1.1,0.27944,1,"Packera cana","Trifolium pratense",-0.0134146341463415,"random",5,8,4,6,10,5,3,6,0.5
296,430,3,30,2,0.013,1.1,0.95416,0.30126,"Packera paupercula","Symphoricarpos occidentalis",0.0109756097560976,"random",6,10,5,6,8,3,3,5,0.6
296,442,3,30,1,0.013,1.1,0.69874,0.75045,"Packera paupercula","Thermopsis rhombifolia",-0.00121951219512195,"random",6,10,5,4,7,4,2,7,0.285714285714286
298,430,3,30,1,0.013,1.1,0.69874,0.75045,"Paronychia sessiliflora","Symphoricarpos occidentalis",-0.00121951219512195,"random",6,8,3,6,8,3,3,3,1
298,442,3,30,2,0.013,1.1,0.95416,0.30126,"Paronychia sessiliflora","Thermopsis rhombifolia",0.0109756097560976,"random",6,8,3,4,7,4,2,5,0.4
300,354,4,23,1,0.014,1.1,0.6877,0.73979,"Pedicularis bracteosa","Prunus virginiana",-0.00121951219512195,"random",6,8,3,4,7,4,2,5,0.4
300,356,4,25,1,0.015,1.2,0.64407,0.77416,"Pedicularis bracteosa","Pulsatilla nuttalliana",-0.0024390243902439,"random",6,8,3,3,11,9,3,9,0.333333333333333
300,409,4,25,1,0.015,1.2,0.64407,0.77416,"Pedicularis bracteosa","Shepherdia canadensis",-0.0024390243902439,"random",6,8,3,4,5,2,0,5,0
300,430,4,30,0,0.018,1.5,0.15478,1,"Pedicularis bracteosa","Symphoricarpos occidentalis",-0.0182926829268293,"random",6,8,3,6,8,3,3,3,1
300,442,4,30,0,0.018,1.5,0.15478,1,"Pedicularis bracteosa","Thermopsis rhombifolia",-0.0182926829268293,"random",6,8,3,4,7,4,2,5,0.4
303,354,4,23,2,0.014,1.1,0.9352,0.3123,"Pediomelum esculentum","Prunus virginiana",0.0109756097560976,"random",6,7,2,4,7,4,2,4,0.5
303,356,4,25,1,0.015,1.2,0.64407,0.77416,"Pediomelum esculentum","Pulsatilla nuttalliana",-0.0024390243902439,"random",6,7,2,3,11,9,2,9,0.222222222222222
303,409,4,25,0,0.015,1.2,0.22584,1,"Pediomelum esculentum","Shepherdia canadensis",-0.0146341463414634,"random",6,7,2,4,5,2,0,4,0
303,430,4,30,2,0.018,1.5,0.86363,0.46616,"Pediomelum esculentum","Symphoricarpos occidentalis",0.00609756097560976,"random",6,7,2,6,8,3,2,3,0.666666666666667
303,442,4,30,1,0.018,1.5,0.53384,0.84522,"Pediomelum esculentum","Thermopsis rhombifolia",-0.00609756097560976,"random",6,7,2,4,7,4,2,4,0.5
304,310,8,15,5,0.018,1.5,0.99968,0.00436,"Pelecyphora vivipara","Penstemon nitidus",0.0426829268292683,"positive",5,7,3,4,7,4,3,4,0.75
304,321,8,15,4,0.018,1.5,0.99564,0.03371,"Pelecyphora vivipara","Phlox hoodii",0.0304878048780488,"positive",5,7,3,3,10,8,3,8,0.375
304,342,8,17,0,0.02,1.7,0.14162,1,"Pelecyphora vivipara","Populus tremuloides",-0.0207317073170732,"random",5,7,3,4,4,1,0,4,0
304,354,8,23,2,0.027,2.2,0.6022,0.71763,"Pelecyphora vivipara","Prunus virginiana",-0.0024390243902439,"random",5,7,3,4,7,4,3,4,0.75
304,356,8,25,3,0.03,2.4,0.80745,0.46275,"Pelecyphora vivipara","Pulsatilla nuttalliana",0.00731707317073171,"random",5,7,3,3,11,9,3,9,0.333333333333333
304,376,8,18,1,0.021,1.8,0.43792,0.87581,"Pelecyphora vivipara","Rosa woodsii",-0.00975609756097561,"random",5,7,3,6,8,3,2,4,0.5
304,409,8,25,0,0.03,2.4,0.04636,1,"Pelecyphora vivipara","Shepherdia canadensis",-0.0292682926829268,"negative",5,7,3,4,5,2,1,4,0.25
304,430,8,30,2,0.036,2.9,0.3822,0.86628,"Pelecyphora vivipara","Symphoricarpos occidentalis",-0.0109756097560976,"random",5,7,3,6,8,3,2,4,0.5
304,434,8,16,1,0.019,1.6,0.51076,0.83885,"Pelecyphora vivipara","Symphyotrichum laeve",-0.00731707317073171,"random",5,7,3,6,10,5,2,6,0.333333333333333
304,438,8,12,0,0.014,1.2,0.26487,1,"Pelecyphora vivipara","Taraxacum officinale",-0.0146341463414634,"random",5,7,3,3,11,9,3,9,0.333333333333333
304,442,8,30,6,0.036,2.9,0.99687,0.02523,"Pelecyphora vivipara","Thermopsis rhombifolia",0.0378048780487805,"positive",5,7,3,4,7,4,3,4,0.75
304,448,8,18,3,0.021,1.8,0.93433,0.24024,"Pelecyphora vivipara","Tragopogon dubius",0.0146341463414634,"random",5,7,3,5,10,6,3,6,0.5
304,454,8,18,0,0.021,1.8,0.12419,1,"Pelecyphora vivipara","Trifolium pratense",-0.0219512195121951,"random",5,7,3,6,10,5,2,6,0.333333333333333
304,475,8,16,0,0.019,1.6,0.16115,1,"Pelecyphora vivipara","Vicia americana",-0.0195121951219512,"random",5,7,3,5,9,5,3,5,0.6
304,476,8,14,0,0.017,1.4,0.2074,1,"Pelecyphora vivipara","Vicia cracca",-0.0170731707317073,"random",5,7,3,5,11,7,3,7,0.428571428571429
304,477,8,15,0,0.018,1.5,0.183,1,"Pelecyphora vivipara","Viola adunca",-0.0182926829268293,"random",5,7,3,4,9,6,3,6,0.5
304,488,8,14,0,0.017,1.4,0.2074,1,"Pelecyphora vivipara","Zizia aptera",-0.0170731707317073,"random",5,7,3,5,7,3,3,3,1
305,430,3,30,1,0.013,1.1,0.69874,0.75045,"Penstemon albertinus","Symphoricarpos occidentalis",-0.00121951219512195,"random",6,7,2,6,8,3,2,3,0.666666666666667
305,442,3,30,0,0.013,1.1,0.24955,1,"Penstemon albertinus","Thermopsis rhombifolia",-0.0134146341463415,"random",6,7,2,4,7,4,2,4,0.5
306,354,4,23,1,0.014,1.1,0.6877,0.73979,"Penstemon albidus","Prunus virginiana",-0.00121951219512195,"random",5,7,3,4,7,4,3,4,0.75
306,356,4,25,0,0.015,1.2,0.22584,1,"Penstemon albidus","Pulsatilla nuttalliana",-0.0146341463414634,"random",5,7,3,3,11,9,3,9,0.333333333333333
306,409,4,25,0,0.015,1.2,0.22584,1,"Penstemon albidus","Shepherdia canadensis",-0.0146341463414634,"random",5,7,3,4,5,2,1,4,0.25
306,430,4,30,1,0.018,1.5,0.53384,0.84522,"Penstemon albidus","Symphoricarpos occidentalis",-0.00609756097560976,"random",5,7,3,6,8,3,2,4,0.5
306,442,4,30,3,0.018,1.5,0.98433,0.13637,"Penstemon albidus","Thermopsis rhombifolia",0.0182926829268293,"random",5,7,3,4,7,4,3,4,0.75
307,310,6,15,0,0.013,1.1,0.285,1,"Penstemon confertus","Penstemon nitidus",-0.0134146341463415,"random",6,8,3,4,7,4,2,5,0.4
307,321,6,15,0,0.013,1.1,0.285,1,"Penstemon confertus","Phlox hoodii",-0.0134146341463415,"random",6,8,3,3,10,8,3,8,0.375
307,342,6,17,3,0.015,1.2,0.98468,0.10015,"Penstemon confertus","Populus tremuloides",0.0219512195121951,"random",6,8,3,4,4,1,0,5,0
307,354,6,23,2,0.021,1.7,0.78635,0.54248,"Penstemon confertus","Prunus virginiana",0.00365853658536585,"random",6,8,3,4,7,4,2,5,0.4
307,356,6,25,3,0.022,1.8,0.93319,0.259,"Penstemon confertus","Pulsatilla nuttalliana",0.0146341463414634,"random",6,8,3,3,11,9,3,9,0.333333333333333
307,376,6,18,0,0.016,1.3,0.21411,1,"Penstemon confertus","Rosa woodsii",-0.0158536585365854,"random",6,8,3,6,8,3,3,3,1
307,409,6,25,4,0.022,1.8,0.99085,0.06681,"Penstemon confertus","Shepherdia canadensis",0.0268292682926829,"random",6,8,3,4,5,2,0,5,0
307,430,6,30,1,0.027,2.2,0.28081,0.94186,"Penstemon confertus","Symphoricarpos occidentalis",-0.0146341463414634,"random",6,8,3,6,8,3,3,3,1
307,434,6,16,0,0.014,1.2,0.25948,1,"Penstemon confertus","Symphyotrichum laeve",-0.0146341463414634,"random",6,8,3,6,10,5,3,5,0.6
307,442,6,30,1,0.027,2.2,0.28081,0.94186,"Penstemon confertus","Thermopsis rhombifolia",-0.0146341463414634,"random",6,8,3,4,7,4,2,5,0.4
307,448,6,18,0,0.016,1.3,0.21411,1,"Penstemon confertus","Tragopogon dubius",-0.0158536585365854,"random",6,8,3,5,10,6,3,6,0.5
307,454,6,18,0,0.016,1.3,0.21411,1,"Penstemon confertus","Trifolium pratense",-0.0158536585365854,"random",6,8,3,6,10,5,3,5,0.6
307,475,6,16,1,0.014,1.2,0.66783,0.74052,"Penstemon confertus","Vicia americana",-0.0024390243902439,"random",6,8,3,5,9,5,3,5,0.6
307,476,6,14,0,0.012,1,0.31258,1,"Penstemon confertus","Vicia cracca",-0.0121951219512195,"random",6,8,3,5,11,7,3,7,0.428571428571429
307,477,6,15,1,0.013,1.1,0.69871,0.715,"Penstemon confertus","Viola adunca",-0.00121951219512195,"random",6,8,3,4,9,6,3,6,0.5
307,488,6,14,0,0.012,1,0.31258,1,"Penstemon confertus","Zizia aptera",-0.0121951219512195,"random",6,8,3,5,7,3,2,4,0.5
310,315,15,6,0,0.013,1.1,0.285,1,"Penstemon nitidus","Petasites frigidus",-0.0134146341463415,"random",4,7,4,4,9,6,4,6,0.666666666666667
310,320,15,6,1,0.013,1.1,0.69871,0.715,"Penstemon nitidus","Phleum pratense",-0.00121951219512195,"random",4,7,4,7,7,1,1,4,0.25
310,321,15,15,6,0.033,2.7,0.99517,0.0263,"Penstemon nitidus","Phlox hoodii",0.0402439024390244,"positive",4,7,4,3,10,8,4,8,0.5
310,323,15,6,4,0.013,1.1,0.99941,0.00921,"Penstemon nitidus","Physaria arenosa",0.0353658536585366,"positive",4,7,4,4,7,4,4,4,1
310,338,15,6,0,0.013,1.1,0.285,1,"Penstemon nitidus","Polygala senega",-0.0134146341463415,"random",4,7,4,5,7,3,3,4,0.75
310,340,15,6,0,0.013,1.1,0.285,1,"Penstemon nitidus","Populus balsamifera",-0.0134146341463415,"random",4,7,4,4,5,2,2,4,0.5
310,342,15,17,1,0.038,3.1,0.12483,0.97919,"Penstemon nitidus","Populus tremuloides",-0.025609756097561,"random",4,7,4,4,4,1,1,4,0.25
310,343,15,10,4,0.022,1.8,0.9845,0.07918,"Penstemon nitidus","Potentilla concinna",0.0268292682926829,"random",4,7,4,4,6,3,3,4,0.75
310,354,15,23,5,0.051,4.2,0.79708,0.41503,"Penstemon nitidus","Prunus virginiana",0.00975609756097561,"random",4,7,4,4,7,4,4,4,1
310,356,15,25,5,0.056,4.6,0.72277,0.50742,"Penstemon nitidus","Pulsatilla nuttalliana",0.00487804878048781,"random",4,7,4,3,11,9,4,9,0.444444444444444
310,358,15,10,1,0.022,1.8,0.41573,0.88408,"Penstemon nitidus","Pyrola asarifolia",-0.00975609756097561,"random",4,7,4,6,9,4,2,6,0.333333333333333
310,362,15,6,0,0.013,1.1,0.285,1,"Penstemon nitidus","Ratibida columnifera",-0.0134146341463415,"random",4,7,4,6,10,5,2,7,0.285714285714286
310,368,15,10,6,0.022,1.8,0.99985,0.00194,"Penstemon nitidus","Rhus aromatica",0.051219512195122,"positive",4,7,4,5,5,1,1,4,0.25
310,371,15,7,1,0.016,1.3,0.6225,0.77125,"Penstemon nitidus","Ribes oxyacanthoides",-0.00365853658536585,"random",4,7,4,5,6,2,2,4,0.5
310,373,15,8,0,0.018,1.5,0.183,1,"Penstemon nitidus","Rosa acicularis",-0.0182926829268293,"random",4,7,4,5,7,3,3,4,0.75
310,374,15,8,2,0.018,1.5,0.843,0.451,"Penstemon nitidus","Rosa arkansana",0.00609756097560976,"random",4,7,4,6,9,4,2,6,0.333333333333333
310,376,15,18,4,0.04,3.3,0.80124,0.42705,"Penstemon nitidus","Rosa woodsii",0.00853658536585366,"random",4,7,4,6,8,3,2,5,0.4
310,390,15,10,1,0.022,1.8,0.41573,0.88408,"Penstemon nitidus","Salix interior",-0.00975609756097561,"random",4,7,4,5,7,3,3,4,0.75
310,408,15,8,2,0.018,1.5,0.843,0.451,"Penstemon nitidus","Shepherdia argentea",0.00609756097560976,"random",4,7,4,4,5,2,2,4,0.5
310,409,15,25,1,0.056,4.6,0.02151,0.99779,"Penstemon nitidus","Shepherdia canadensis",-0.0439024390243902,"negative",4,7,4,4,5,2,2,4,0.5
310,412,15,7,1,0.016,1.3,0.6225,0.77125,"Penstemon nitidus","Sisymbrium loeselii",-0.00365853658536585,"random",4,7,4,5,10,6,3,7,0.428571428571429
310,413,15,7,1,0.016,1.3,0.6225,0.77125,"Penstemon nitidus","Sisyrinchium montanum",-0.00365853658536585,"random",4,7,4,5,8,4,3,5,0.6
310,417,15,8,4,0.018,1.5,0.99564,0.03371,"Penstemon nitidus","Solidago missouriensis",0.0304878048780488,"positive",4,7,4,6,9,4,2,6,0.333333333333333
310,423,15,8,5,0.018,1.5,0.99968,0.00436,"Penstemon nitidus","Sphaeralcea coccinea",0.0426829268292683,"positive",4,7,4,5,9,5,3,6,0.5
310,430,15,30,7,0.067,5.5,0.88269,0.27101,"Penstemon nitidus","Symphoricarpos occidentalis",0.0182926829268293,"random",4,7,4,6,8,3,2,5,0.4
310,434,15,16,2,0.036,2.9,0.39738,0.84881,"Penstemon nitidus","Symphyotrichum laeve",-0.0109756097560976,"random",4,7,4,6,10,5,2,7,0.285714285714286
310,437,15,7,0,0.016,1.3,0.22875,1,"Penstemon nitidus","Tanacetum vulgare",-0.0158536585365854,"random",4,7,4,7,10,4,1,7,0.142857142857143
310,438,15,12,2,0.027,2.2,0.61935,0.69495,"Penstemon nitidus","Taraxacum officinale",-0.0024390243902439,"random",4,7,4,3,11,9,4,9,0.444444444444444
310,442,15,30,10,0.067,5.5,0.99831,0.00953,"Penstemon nitidus","Thermopsis rhombifolia",0.0548780487804878,"positive",4,7,4,4,7,4,4,4,1
310,444,15,10,0,0.022,1.8,0.11592,1,"Penstemon nitidus","Thlaspi arvense",-0.0219512195121951,"random",4,7,4,4,9,6,4,6,0.666666666666667
310,448,15,18,4,0.04,3.3,0.80124,0.42705,"Penstemon nitidus","Tragopogon dubius",0.00853658536585366,"random",4,7,4,5,10,6,3,7,0.428571428571429
310,454,15,18,1,0.04,3.3,0.10243,0.984,"Penstemon nitidus","Trifolium pratense",-0.0280487804878049,"random",4,7,4,6,10,5,2,7,0.285714285714286
310,458,15,7,1,0.016,1.3,0.6225,0.77125,"Penstemon nitidus","Tripleurospermum inodorum",-0.00365853658536585,"random",4,7,4,5,11,7,3,8,0.375
310,460,15,6,0,0.013,1.1,0.285,1,"Penstemon nitidus","Typha latifolia",-0.0134146341463415,"random",4,7,4,6,7,2,2,4,0.5
310,475,15,16,5,0.036,2.9,0.96255,0.12991,"Penstemon nitidus","Vicia americana",0.025609756097561,"random",4,7,4,5,9,5,3,6,0.5
310,476,15,14,1,0.031,2.6,0.2176,0.95549,"Penstemon nitidus","Vicia cracca",-0.0195121951219512,"random",4,7,4,5,11,7,3,8,0.375
310,477,15,15,1,0.033,2.7,0.18197,0.96531,"Penstemon nitidus","Viola adunca",-0.0207317073170732,"random",4,7,4,4,9,6,4,6,0.666666666666667
310,479,15,6,5,0.013,1.1,0.99999,0.00059,"Penstemon nitidus","Viola nuttallii",0.0475609756097561,"positive",4,7,4,4,6,3,3,4,0.75
310,488,15,14,1,0.031,2.6,0.2176,0.95549,"Penstemon nitidus","Zizia aptera",-0.0195121951219512,"random",4,7,4,5,7,3,3,4,0.75
315,321,6,15,0,0.013,1.1,0.285,1,"Petasites frigidus","Phlox hoodii",-0.0134146341463415,"random",4,9,6,3,10,8,6,8,0.75
315,342,6,17,1,0.015,1.2,0.6369,0.76411,"Petasites frigidus","Populus tremuloides",-0.0024390243902439,"random",4,9,6,4,4,1,1,6,0.166666666666667
315,354,6,23,2,0.021,1.7,0.78635,0.54248,"Petasites frigidus","Prunus virginiana",0.00365853658536585,"random",4,9,6,4,7,4,4,6,0.666666666666667
315,356,6,25,1,0.022,1.8,0.40257,0.89637,"Petasites frigidus","Pulsatilla nuttalliana",-0.00975609756097561,"random",4,9,6,3,11,9,6,9,0.666666666666667
315,376,6,18,2,0.016,1.3,0.88367,0.39395,"Petasites frigidus","Rosa woodsii",0.00853658536585366,"random",4,9,6,6,8,3,3,6,0.5
315,409,6,25,3,0.022,1.8,0.93319,0.259,"Petasites frigidus","Shepherdia canadensis",0.0146341463414634,"random",4,9,6,4,5,2,2,6,0.333333333333333
315,430,6,30,1,0.027,2.2,0.28081,0.94186,"Petasites frigidus","Symphoricarpos occidentalis",-0.0146341463414634,"random",4,9,6,6,8,3,3,6,0.5
315,434,6,16,0,0.014,1.2,0.25948,1,"Petasites frigidus","Symphyotrichum laeve",-0.0146341463414634,"random",4,9,6,6,10,5,4,7,0.571428571428571
315,442,6,30,0,0.027,2.2,0.05814,1,"Petasites frigidus","Thermopsis rhombifolia",-0.0268292682926829,"random",4,9,6,4,7,4,4,6,0.666666666666667
315,448,6,18,2,0.016,1.3,0.88367,0.39395,"Petasites frigidus","Tragopogon dubius",0.00853658536585366,"random",4,9,6,5,10,6,5,7,0.714285714285714
315,454,6,18,4,0.016,1.3,0.99838,0.01924,"Petasites frigidus","Trifolium pratense",0.0329268292682927,"positive",4,9,6,6,10,5,4,7,0.571428571428571
315,475,6,16,0,0.014,1.2,0.25948,1,"Petasites frigidus","Vicia americana",-0.0146341463414634,"random",4,9,6,5,9,5,5,6,0.833333333333333
315,476,6,14,3,0.012,1,0.99309,0.05901,"Petasites frigidus","Vicia cracca",0.024390243902439,"random",4,9,6,5,11,7,5,8,0.625
315,477,6,15,2,0.013,1.1,0.92854,0.30129,"Petasites frigidus","Viola adunca",0.0109756097560976,"random",4,9,6,4,9,6,6,6,1
315,488,6,14,2,0.012,1,0.94099,0.27065,"Petasites frigidus","Zizia aptera",0.0121951219512195,"random",4,9,6,5,7,3,3,6,0.5
318,354,4,23,3,0.014,1.1,0.99494,0.0648,"Phalaris arundinacea","Prunus virginiana",0.0231707317073171,"random",5,10,6,4,7,4,3,7,0.428571428571429
318,356,4,25,0,0.015,1.2,0.22584,1,"Phalaris arundinacea","Pulsatilla nuttalliana",-0.0146341463414634,"random",5,10,6,3,11,9,6,9,0.666666666666667
318,409,4,25,1,0.015,1.2,0.64407,0.77416,"Phalaris arundinacea","Shepherdia canadensis",-0.0024390243902439,"random",5,10,6,4,5,2,1,7,0.142857142857143
318,430,4,30,2,0.018,1.5,0.86363,0.46616,"Phalaris arundinacea","Symphoricarpos occidentalis",0.00609756097560976,"random",5,10,6,6,8,3,3,6,0.5
318,442,4,30,1,0.018,1.5,0.53384,0.84522,"Phalaris arundinacea","Thermopsis rhombifolia",-0.00609756097560976,"random",5,10,6,4,7,4,3,7,0.428571428571429
320,321,6,15,3,0.013,1.1,0.99079,0.07146,"Phleum pratense","Phlox hoodii",0.0231707317073171,"random",7,7,1,3,10,8,1,8,0.125
320,342,6,17,1,0.015,1.2,0.6369,0.76411,"Phleum pratense","Populus tremuloides",-0.0024390243902439,"random",7,7,1,4,4,1,0,4,0
320,354,6,23,3,0.021,1.7,0.95077,0.21365,"Phleum pratense","Prunus virginiana",0.0158536585365854,"random",7,7,1,4,7,4,1,4,0.25
320,356,6,25,4,0.022,1.8,0.99085,0.06681,"Phleum pratense","Pulsatilla nuttalliana",0.0268292682926829,"random",7,7,1,3,11,9,1,9,0.111111111111111
320,376,6,18,4,0.016,1.3,0.99838,0.01924,"Phleum pratense","Rosa woodsii",0.0329268292682927,"positive",7,7,1,6,8,3,1,3,0.333333333333333
320,409,6,25,3,0.022,1.8,0.93319,0.259,"Phleum pratense","Shepherdia canadensis",0.0146341463414634,"random",7,7,1,4,5,2,0,4,0
320,430,6,30,5,0.027,2.2,0.9983,0.02286,"Phleum pratense","Symphoricarpos occidentalis",0.0341463414634146,"positive",7,7,1,6,8,3,1,3,0.333333333333333
320,434,6,16,3,0.014,1.2,0.988,0.08518,"Phleum pratense","Symphyotrichum laeve",0.0219512195121951,"random",7,7,1,6,10,5,1,5,0.2
320,442,6,30,4,0.027,2.2,0.97714,0.12664,"Phleum pratense","Thermopsis rhombifolia",0.0219512195121951,"random",7,7,1,4,7,4,1,4,0.25
320,448,6,18,3,0.016,1.3,0.98076,0.11633,"Phleum pratense","Tragopogon dubius",0.0207317073170732,"random",7,7,1,5,10,6,1,6,0.166666666666667
320,454,6,18,1,0.016,1.3,0.60605,0.78589,"Phleum pratense","Trifolium pratense",-0.00365853658536585,"random",7,7,1,6,10,5,1,5,0.2
320,475,6,16,2,0.014,1.2,0.91482,0.33217,"Phleum pratense","Vicia americana",0.00975609756097561,"random",7,7,1,5,9,5,1,5,0.2
320,476,6,14,2,0.012,1,0.94099,0.27065,"Phleum pratense","Vicia cracca",0.0121951219512195,"random",7,7,1,5,11,7,1,7,0.142857142857143
320,477,6,15,3,0.013,1.1,0.99079,0.07146,"Phleum pratense","Viola adunca",0.0231707317073171,"random",7,7,1,4,9,6,1,6,0.166666666666667
320,488,6,14,1,0.012,1,0.72935,0.68742,"Phleum pratense","Zizia aptera",0,"random",7,7,1,5,7,3,1,3,0.333333333333333
321,323,15,6,2,0.013,1.1,0.92854,0.30129,"Phlox hoodii","Physaria arenosa",0.0109756097560976,"random",3,10,8,4,7,4,4,8,0.5
321,338,15,6,0,0.013,1.1,0.285,1,"Phlox hoodii","Polygala senega",-0.0134146341463415,"random",3,10,8,5,7,3,3,8,0.375
321,340,15,6,1,0.013,1.1,0.69871,0.715,"Phlox hoodii","Populus balsamifera",-0.00121951219512195,"random",3,10,8,4,5,2,2,8,0.25
321,342,15,17,1,0.038,3.1,0.12483,0.97919,"Phlox hoodii","Populus tremuloides",-0.025609756097561,"random",3,10,8,4,4,1,1,8,0.125
321,343,15,10,5,0.022,1.8,0.99806,0.0155,"Phlox hoodii","Potentilla concinna",0.0390243902439024,"positive",3,10,8,4,6,3,3,8,0.375
321,354,15,23,4,0.051,4.2,0.58497,0.66366,"Phlox hoodii","Prunus virginiana",-0.0024390243902439,"random",3,10,8,4,7,4,4,8,0.5
321,356,15,25,10,0.056,4.6,0.99981,0.00157,"Phlox hoodii","Pulsatilla nuttalliana",0.0658536585365854,"positive",3,10,8,3,11,9,8,9,0.888888888888889
321,358,15,10,1,0.022,1.8,0.41573,0.88408,"Phlox hoodii","Pyrola asarifolia",-0.00975609756097561,"random",3,10,8,6,9,4,4,8,0.5
321,362,15,6,2,0.013,1.1,0.92854,0.30129,"Phlox hoodii","Ratibida columnifera",0.0109756097560976,"random",3,10,8,6,10,5,5,8,0.625
321,368,15,10,1,0.022,1.8,0.41573,0.88408,"Phlox hoodii","Rhus aromatica",-0.00975609756097561,"random",3,10,8,5,5,1,1,8,0.125
321,371,15,7,1,0.016,1.3,0.6225,0.77125,"Phlox hoodii","Ribes oxyacanthoides",-0.00365853658536585,"random",3,10,8,5,6,2,2,8,0.25
321,373,15,8,2,0.018,1.5,0.843,0.451,"Phlox hoodii","Rosa acicularis",0.00609756097560976,"random",3,10,8,5,7,3,3,8,0.375
321,374,15,8,3,0.018,1.5,0.96629,0.157,"Phlox hoodii","Rosa arkansana",0.0182926829268293,"random",3,10,8,6,9,4,4,8,0.5
321,376,15,18,4,0.04,3.3,0.80124,0.42705,"Phlox hoodii","Rosa woodsii",0.00853658536585366,"random",3,10,8,6,8,3,3,8,0.375
321,390,15,10,1,0.022,1.8,0.41573,0.88408,"Phlox hoodii","Salix interior",-0.00975609756097561,"random",3,10,8,5,7,3,3,8,0.375
321,408,15,8,2,0.018,1.5,0.843,0.451,"Phlox hoodii","Shepherdia argentea",0.00609756097560976,"random",3,10,8,4,5,2,2,8,0.25
321,409,15,25,3,0.056,4.6,0.25841,0.9048,"Phlox hoodii","Shepherdia canadensis",-0.0195121951219512,"random",3,10,8,4,5,2,2,8,0.25
321,412,15,7,1,0.016,1.3,0.6225,0.77125,"Phlox hoodii","Sisymbrium loeselii",-0.00365853658536585,"random",3,10,8,5,10,6,6,8,0.75
321,413,15,7,0,0.016,1.3,0.22875,1,"Phlox hoodii","Sisyrinchium montanum",-0.0158536585365854,"random",3,10,8,5,8,4,4,8,0.5
321,417,15,8,2,0.018,1.5,0.843,0.451,"Phlox hoodii","Solidago missouriensis",0.00609756097560976,"random",3,10,8,6,9,4,4,8,0.5
321,423,15,8,5,0.018,1.5,0.99968,0.00436,"Phlox hoodii","Sphaeralcea coccinea",0.0426829268292683,"positive",3,10,8,5,9,5,5,8,0.625
321,430,15,30,8,0.067,5.5,0.96125,0.11731,"Phlox hoodii","Symphoricarpos occidentalis",0.0304878048780488,"random",3,10,8,6,8,3,3,8,0.375
321,434,15,16,4,0.036,2.9,0.87009,0.32603,"Phlox hoodii","Symphyotrichum laeve",0.0134146341463415,"random",3,10,8,6,10,5,5,8,0.625
321,437,15,7,0,0.016,1.3,0.22875,1,"Phlox hoodii","Tanacetum vulgare",-0.0158536585365854,"random",3,10,8,7,10,4,4,8,0.5
321,438,15,12,1,0.027,2.2,0.30505,0.92762,"Phlox hoodii","Taraxacum officinale",-0.0146341463414634,"random",3,10,8,3,11,9,8,9,0.888888888888889
321,442,15,30,10,0.067,5.5,0.99831,0.00953,"Phlox hoodii","Thermopsis rhombifolia",0.0548780487804878,"positive",3,10,8,4,7,4,4,8,0.5
321,444,15,10,1,0.022,1.8,0.41573,0.88408,"Phlox hoodii","Thlaspi arvense",-0.00975609756097561,"random",3,10,8,4,9,6,6,8,0.75
321,448,15,18,3,0.04,3.3,0.57295,0.69592,"Phlox hoodii","Tragopogon dubius",-0.00365853658536585,"random",3,10,8,5,10,6,6,8,0.75
321,454,15,18,0,0.04,3.3,0.016,1,"Phlox hoodii","Trifolium pratense",-0.0402439024390244,"negative",3,10,8,6,10,5,5,8,0.625
321,458,15,7,1,0.016,1.3,0.6225,0.77125,"Phlox hoodii","Tripleurospermum inodorum",-0.00365853658536585,"random",3,10,8,5,11,7,6,9,0.666666666666667
321,460,15,6,1,0.013,1.1,0.69871,0.715,"Phlox hoodii","Typha latifolia",-0.00121951219512195,"random",3,10,8,6,7,2,2,8,0.25
321,475,15,16,4,0.036,2.9,0.87009,0.32603,"Phlox hoodii","Vicia americana",0.0134146341463415,"random",3,10,8,5,9,5,5,8,0.625
321,476,15,14,1,0.031,2.6,0.2176,0.95549,"Phlox hoodii","Vicia cracca",-0.0195121951219512,"random",3,10,8,5,11,7,6,9,0.666666666666667
321,477,15,15,3,0.033,2.7,0.723,0.55076,"Phlox hoodii","Viola adunca",0.00365853658536585,"random",3,10,8,4,9,6,6,8,0.75
321,479,15,6,3,0.013,1.1,0.99079,0.07146,"Phlox hoodii","Viola nuttallii",0.0231707317073171,"random",3,10,8,4,6,3,3,8,0.375
321,488,15,14,2,0.031,2.6,0.504,0.7824,"Phlox hoodii","Zizia aptera",-0.00731707317073171,"random",3,10,8,5,7,3,3,8,0.375
323,342,6,17,0,0.015,1.2,0.23589,1,"Physaria arenosa","Populus tremuloides",-0.0146341463414634,"random",4,7,4,4,4,1,1,4,0.25
323,354,6,23,1,0.021,1.7,0.45752,0.87132,"Physaria arenosa","Prunus virginiana",-0.00853658536585366,"random",4,7,4,4,7,4,4,4,1
323,356,6,25,0,0.022,1.8,0.10363,1,"Physaria arenosa","Pulsatilla nuttalliana",-0.0219512195121951,"random",4,7,4,3,11,9,4,9,0.444444444444444
323,376,6,18,1,0.016,1.3,0.60605,0.78589,"Physaria arenosa","Rosa woodsii",-0.00365853658536585,"random",4,7,4,6,8,3,2,5,0.4
323,409,6,25,0,0.022,1.8,0.10363,1,"Physaria arenosa","Shepherdia canadensis",-0.0219512195121951,"random",4,7,4,4,5,2,2,4,0.5
323,430,6,30,2,0.027,2.2,0.61712,0.71919,"Physaria arenosa","Symphoricarpos occidentalis",-0.0024390243902439,"random",4,7,4,6,8,3,2,5,0.4
323,434,6,16,0,0.014,1.2,0.25948,1,"Physaria arenosa","Symphyotrichum laeve",-0.0146341463414634,"random",4,7,4,6,10,5,2,7,0.285714285714286
323,442,6,30,3,0.027,2.2,0.87336,0.38288,"Physaria arenosa","Thermopsis rhombifolia",0.00975609756097561,"random",4,7,4,4,7,4,4,4,1
323,448,6,18,0,0.016,1.3,0.21411,1,"Physaria arenosa","Tragopogon dubius",-0.0158536585365854,"random",4,7,4,5,10,6,3,7,0.428571428571429
323,454,6,18,0,0.016,1.3,0.21411,1,"Physaria arenosa","Trifolium pratense",-0.0158536585365854,"random",4,7,4,6,10,5,2,7,0.285714285714286
323,475,6,16,2,0.014,1.2,0.91482,0.33217,"Physaria arenosa","Vicia americana",0.00975609756097561,"random",4,7,4,5,9,5,3,6,0.5
323,476,6,14,0,0.012,1,0.31258,1,"Physaria arenosa","Vicia cracca",-0.0121951219512195,"random",4,7,4,5,11,7,3,8,0.375
323,477,6,15,0,0.013,1.1,0.285,1,"Physaria arenosa","Viola adunca",-0.0134146341463415,"random",4,7,4,4,9,6,4,6,0.666666666666667
323,488,6,14,0,0.012,1,0.31258,1,"Physaria arenosa","Zizia aptera",-0.0121951219512195,"random",4,7,4,5,7,3,3,4,0.75
327,342,5,17,2,0.013,1,0.94227,0.27545,"Plantago major","Populus tremuloides",0.0121951219512195,"random",6,8,3,4,4,1,0,5,0
327,354,5,23,1,0.017,1.4,0.56713,0.81652,"Plantago major","Prunus virginiana",-0.0048780487804878,"random",6,8,3,4,7,4,2,5,0.4
327,356,5,25,0,0.019,1.5,0.15346,1,"Plantago major","Pulsatilla nuttalliana",-0.0182926829268293,"random",6,8,3,3,11,9,3,9,0.333333333333333
327,376,5,18,1,0.013,1.1,0.69859,0.72056,"Plantago major","Rosa woodsii",-0.00121951219512195,"random",6,8,3,6,8,3,3,3,1
327,409,5,25,3,0.019,1.5,0.97163,0.16291,"Plantago major","Shepherdia canadensis",0.0182926829268293,"random",6,8,3,4,5,2,0,5,0
327,430,5,30,2,0.022,1.8,0.74524,0.60709,"Plantago major","Symphoricarpos occidentalis",0.0024390243902439,"random",6,8,3,6,8,3,3,3,1
327,442,5,30,2,0.022,1.8,0.74524,0.60709,"Plantago major","Thermopsis rhombifolia",0.0024390243902439,"random",6,8,3,4,7,4,2,5,0.4
327,448,5,18,1,0.013,1.1,0.69859,0.72056,"Plantago major","Tragopogon dubius",-0.00121951219512195,"random",6,8,3,5,10,6,3,6,0.5
327,454,5,18,4,0.013,1.1,0.99969,0.00749,"Plantago major","Trifolium pratense",0.0353658536585366,"positive",6,8,3,6,10,5,3,5,0.6
328,342,5,17,0,0.013,1,0.30272,1,"Plantago patagonica","Populus tremuloides",-0.0121951219512195,"random",6,8,3,4,4,1,0,5,0
328,354,5,23,0,0.017,1.4,0.18348,1,"Plantago patagonica","Prunus virginiana",-0.0170731707317073,"random",6,8,3,4,7,4,2,5,0.4
328,356,5,25,3,0.019,1.5,0.97163,0.16291,"Plantago patagonica","Pulsatilla nuttalliana",0.0182926829268293,"random",6,8,3,3,11,9,3,9,0.333333333333333
328,376,5,18,0,0.013,1.1,0.27944,1,"Plantago patagonica","Rosa woodsii",-0.0134146341463415,"random",6,8,3,6,8,3,3,3,1
328,409,5,25,0,0.019,1.5,0.15346,1,"Plantago patagonica","Shepherdia canadensis",-0.0182926829268293,"random",6,8,3,4,5,2,0,5,0
328,430,5,30,1,0.022,1.8,0.39291,0.90475,"Plantago patagonica","Symphoricarpos occidentalis",-0.00975609756097561,"random",6,8,3,6,8,3,3,3,1
328,442,5,30,2,0.022,1.8,0.74524,0.60709,"Plantago patagonica","Thermopsis rhombifolia",0.0024390243902439,"random",6,8,3,4,7,4,2,5,0.4
328,448,5,18,0,0.013,1.1,0.27944,1,"Plantago patagonica","Tragopogon dubius",-0.0134146341463415,"random",6,8,3,5,10,6,3,6,0.5
328,454,5,18,0,0.013,1.1,0.27944,1,"Plantago patagonica","Trifolium pratense",-0.0134146341463415,"random",6,8,3,6,10,5,3,5,0.6
335,430,3,30,1,0.013,1.1,0.69874,0.75045,"Poa pratensis","Symphoricarpos occidentalis",-0.00121951219512195,"random",5,9,5,6,8,3,3,5,0.6
335,442,3,30,2,0.013,1.1,0.95416,0.30126,"Poa pratensis","Thermopsis rhombifolia",0.0109756097560976,"random",5,9,5,4,7,4,3,6,0.5
337,342,5,17,1,0.013,1,0.72455,0.69728,"Polemonium pulcherrimum","Populus tremuloides",0,"random",4,9,6,4,4,1,1,6,0.166666666666667
337,354,5,23,2,0.017,1.4,0.86856,0.43287,"Polemonium pulcherrimum","Prunus virginiana",0.00731707317073171,"random",4,9,6,4,7,4,4,6,0.666666666666667
337,356,5,25,2,0.019,1.5,0.83709,0.48462,"Polemonium pulcherrimum","Pulsatilla nuttalliana",0.00609756097560976,"random",4,9,6,3,11,9,6,9,0.666666666666667
337,376,5,18,0,0.013,1.1,0.27944,1,"Polemonium pulcherrimum","Rosa woodsii",-0.0134146341463415,"random",4,9,6,6,8,3,3,6,0.5
337,409,5,25,2,0.019,1.5,0.83709,0.48462,"Polemonium pulcherrimum","Shepherdia canadensis",0.00609756097560976,"random",4,9,6,4,5,2,2,6,0.333333333333333
337,430,5,30,1,0.022,1.8,0.39291,0.90475,"Polemonium pulcherrimum","Symphoricarpos occidentalis",-0.00975609756097561,"random",4,9,6,6,8,3,3,6,0.5
337,442,5,30,0,0.022,1.8,0.09525,1,"Polemonium pulcherrimum","Thermopsis rhombifolia",-0.0219512195121951,"random",4,9,6,4,7,4,4,6,0.666666666666667
337,448,5,18,0,0.013,1.1,0.27944,1,"Polemonium pulcherrimum","Tragopogon dubius",-0.0134146341463415,"random",4,9,6,5,10,6,5,7,0.714285714285714
337,454,5,18,2,0.013,1.1,0.93222,0.30141,"Polemonium pulcherrimum","Trifolium pratense",0.0109756097560976,"random",4,9,6,6,10,5,4,7,0.571428571428571
338,342,6,17,3,0.015,1.2,0.98468,0.10015,"Polygala senega","Populus tremuloides",0.0219512195121951,"random",5,7,3,4,4,1,0,4,0
338,354,6,23,1,0.021,1.7,0.45752,0.87132,"Polygala senega","Prunus virginiana",-0.00853658536585366,"random",5,7,3,4,7,4,3,4,0.75
338,356,6,25,1,0.022,1.8,0.40257,0.89637,"Polygala senega","Pulsatilla nuttalliana",-0.00975609756097561,"random",5,7,3,3,11,9,3,9,0.333333333333333
338,376,6,18,1,0.016,1.3,0.60605,0.78589,"Polygala senega","Rosa woodsii",-0.00365853658536585,"random",5,7,3,6,8,3,2,4,0.5
338,409,6,25,5,0.022,1.8,0.99949,0.00915,"Polygala senega","Shepherdia canadensis",0.0390243902439024,"positive",5,7,3,4,5,2,1,4,0.25
338,430,6,30,4,0.027,2.2,0.97714,0.12664,"Polygala senega","Symphoricarpos occidentalis",0.0219512195121951,"random",5,7,3,6,8,3,2,4,0.5
338,434,6,16,3,0.014,1.2,0.988,0.08518,"Polygala senega","Symphyotrichum laeve",0.0219512195121951,"random",5,7,3,6,10,5,2,6,0.333333333333333
338,442,6,30,2,0.027,2.2,0.61712,0.71919,"Polygala senega","Thermopsis rhombifolia",-0.0024390243902439,"random",5,7,3,4,7,4,3,4,0.75
338,448,6,18,1,0.016,1.3,0.60605,0.78589,"Polygala senega","Tragopogon dubius",-0.00365853658536585,"random",5,7,3,5,10,6,3,6,0.5
338,454,6,18,2,0.016,1.3,0.88367,0.39395,"Polygala senega","Trifolium pratense",0.00853658536585366,"random",5,7,3,6,10,5,2,6,0.333333333333333
338,475,6,16,1,0.014,1.2,0.66783,0.74052,"Polygala senega","Vicia americana",-0.0024390243902439,"random",5,7,3,5,9,5,3,5,0.6
338,476,6,14,1,0.012,1,0.72935,0.68742,"Polygala senega","Vicia cracca",0,"random",5,7,3,5,11,7,3,7,0.428571428571429
338,477,6,15,4,0.013,1.1,0.99941,0.00921,"Polygala senega","Viola adunca",0.0353658536585366,"positive",5,7,3,4,9,6,3,6,0.5
338,488,6,14,5,0.012,1,0.99999,4e-04,"Polygala senega","Zizia aptera",0.0487804878048781,"positive",5,7,3,5,7,3,3,3,1
340,342,6,17,3,0.015,1.2,0.98468,0.10015,"Populus balsamifera","Populus tremuloides",0.0219512195121951,"random",4,5,2,4,4,1,1,2,0.5
340,354,6,23,4,0.021,1.7,0.99404,0.04923,"Populus balsamifera","Prunus virginiana",0.0280487804878049,"positive",4,5,2,4,7,4,2,4,0.5
340,356,6,25,2,0.022,1.8,0.741,0.59743,"Populus balsamifera","Pulsatilla nuttalliana",0.0024390243902439,"random",4,5,2,3,11,9,2,9,0.222222222222222
340,376,6,18,4,0.016,1.3,0.99838,0.01924,"Populus balsamifera","Rosa woodsii",0.0329268292682927,"positive",4,5,2,6,8,3,0,5,0
340,409,6,25,3,0.022,1.8,0.93319,0.259,"Populus balsamifera","Shepherdia canadensis",0.0146341463414634,"random",4,5,2,4,5,2,2,2,1
340,430,6,30,1,0.027,2.2,0.28081,0.94186,"Populus balsamifera","Symphoricarpos occidentalis",-0.0146341463414634,"random",4,5,2,6,8,3,0,5,0
340,434,6,16,1,0.014,1.2,0.66783,0.74052,"Populus balsamifera","Symphyotrichum laeve",-0.0024390243902439,"random",4,5,2,6,10,5,0,7,0
340,442,6,30,2,0.027,2.2,0.61712,0.71919,"Populus balsamifera","Thermopsis rhombifolia",-0.0024390243902439,"random",4,5,2,4,7,4,2,4,0.5
340,448,6,18,2,0.016,1.3,0.88367,0.39395,"Populus balsamifera","Tragopogon dubius",0.00853658536585366,"random",4,5,2,5,10,6,1,7,0.142857142857143
340,454,6,18,2,0.016,1.3,0.88367,0.39395,"Populus balsamifera","Trifolium pratense",0.00853658536585366,"random",4,5,2,6,10,5,0,7,0
340,475,6,16,0,0.014,1.2,0.25948,1,"Populus balsamifera","Vicia americana",-0.0146341463414634,"random",4,5,2,5,9,5,1,6,0.166666666666667
340,476,6,14,3,0.012,1,0.99309,0.05901,"Populus balsamifera","Vicia cracca",0.024390243902439,"random",4,5,2,5,11,7,1,8,0.125
340,477,6,15,2,0.013,1.1,0.92854,0.30129,"Populus balsamifera","Viola adunca",0.0109756097560976,"random",4,5,2,4,9,6,2,6,0.333333333333333
340,488,6,14,1,0.012,1,0.72935,0.68742,"Populus balsamifera","Zizia aptera",0,"random",4,5,2,5,7,3,1,4,0.25
342,343,17,10,2,0.025,2.1,0.65858,0.66229,"Populus tremuloides","Potentilla concinna",-0.00121951219512195,"random",4,4,1,4,6,3,1,3,0.333333333333333
342,354,17,23,7,0.058,4.8,0.94797,0.14709,"Populus tremuloides","Prunus virginiana",0.0268292682926829,"random",4,4,1,4,7,4,1,4,0.25
342,356,17,25,3,0.063,5.2,0.15985,0.94937,"Populus tremuloides","Pulsatilla nuttalliana",-0.0268292682926829,"random",4,4,1,3,11,9,1,9,0.111111111111111
342,358,17,10,2,0.025,2.1,0.65858,0.66229,"Populus tremuloides","Pyrola asarifolia",-0.00121951219512195,"random",4,4,1,6,9,4,0,6,0
342,362,17,6,0,0.015,1.2,0.23589,1,"Populus tremuloides","Ratibida columnifera",-0.0146341463414634,"random",4,4,1,6,10,5,0,7,0
342,368,17,10,0,0.025,2.1,0.08368,1,"Populus tremuloides","Rhus aromatica",-0.025609756097561,"random",4,4,1,5,5,1,0,2,0
342,371,17,7,2,0.018,1.5,0.84795,0.44753,"Populus tremuloides","Ribes oxyacanthoides",0.00609756097560976,"random",4,4,1,5,6,2,0,3,0
342,373,17,8,4,0.02,1.7,0.99166,0.05355,"Populus tremuloides","Rosa acicularis",0.0280487804878049,"random",4,4,1,5,7,3,0,4,0
342,374,17,8,2,0.02,1.7,0.78886,0.52632,"Populus tremuloides","Rosa arkansana",0.00365853658536585,"random",4,4,1,6,9,4,0,6,0
342,376,17,18,7,0.046,3.7,0.99105,0.0387,"Populus tremuloides","Rosa woodsii",0.0402439024390244,"positive",4,4,1,6,8,3,0,5,0
342,389,17,5,0,0.013,1,0.30272,1,"Populus tremuloides","Salix glauca",-0.0121951219512195,"random",4,4,1,6,7,2,0,4,0
342,390,17,10,2,0.025,2.1,0.65858,0.66229,"Populus tremuloides","Salix interior",-0.00121951219512195,"random",4,4,1,5,7,3,0,4,0
342,408,17,8,1,0.02,1.7,0.47368,0.85838,"Populus tremuloides","Shepherdia argentea",-0.00853658536585366,"random",4,4,1,4,5,2,1,2,0.5
342,409,17,25,11,0.063,5.2,0.99985,0.00115,"Populus tremuloides","Shepherdia canadensis",0.0707317073170732,"positive",4,4,1,4,5,2,1,2,0.5
342,412,17,7,0,0.018,1.5,0.18312,1,"Populus tremuloides","Sisymbrium loeselii",-0.0182926829268293,"random",4,4,1,5,10,6,0,7,0
342,413,17,7,4,0.018,1.5,0.9964,0.03095,"Populus tremuloides","Sisyrinchium montanum",0.0304878048780488,"positive",4,4,1,5,8,4,0,5,0
342,417,17,8,1,0.02,1.7,0.47368,0.85838,"Populus tremuloides","Solidago missouriensis",-0.00853658536585366,"random",4,4,1,6,9,4,0,6,0
342,423,17,8,0,0.02,1.7,0.14162,1,"Populus tremuloides","Sphaeralcea coccinea",-0.0207317073170732,"random",4,4,1,5,9,5,0,6,0
342,430,17,30,7,0.076,6.2,0.76739,0.43136,"Populus tremuloides","Symphoricarpos occidentalis",0.00975609756097561,"random",4,4,1,6,8,3,0,5,0
342,434,17,16,6,0.04,3.3,0.98172,0.07136,"Populus tremuloides","Symphyotrichum laeve",0.0329268292682927,"random",4,4,1,6,10,5,0,7,0
342,437,17,7,1,0.018,1.5,0.55247,0.81688,"Populus tremuloides","Tanacetum vulgare",-0.00609756097560976,"random",4,4,1,7,10,4,0,7,0
342,438,17,12,4,0.03,2.5,0.93351,0.21149,"Populus tremuloides","Taraxacum officinale",0.0182926829268293,"random",4,4,1,3,11,9,1,9,0.111111111111111
342,442,17,30,6,0.076,6.2,0.56864,0.6527,"Populus tremuloides","Thermopsis rhombifolia",-0.0024390243902439,"random",4,4,1,4,7,4,1,4,0.25
342,444,17,10,3,0.025,2.1,0.87988,0.34142,"Populus tremuloides","Thlaspi arvense",0.0109756097560976,"random",4,4,1,4,9,6,1,6,0.166666666666667
342,448,17,18,5,0.046,3.7,0.87611,0.29754,"Populus tremuloides","Tragopogon dubius",0.0158536585365854,"random",4,4,1,5,10,6,0,7,0
342,450,17,5,0,0.013,1,0.30272,1,"Populus tremuloides","Triantha glutinosa",-0.0121951219512195,"random",4,4,1,6,8,3,0,5,0
342,454,17,18,6,0.046,3.7,0.9613,0.12389,"Populus tremuloides","Trifolium pratense",0.0280487804878049,"random",4,4,1,6,10,5,0,7,0
342,455,17,5,1,0.013,1,0.72455,0.69728,"Populus tremuloides","Trifolium repens",0,"random",4,4,1,5,10,6,0,7,0
342,458,17,7,1,0.018,1.5,0.55247,0.81688,"Populus tremuloides","Tripleurospermum inodorum",-0.00609756097560976,"random",4,4,1,5,11,7,0,8,0
342,460,17,6,1,0.015,1.2,0.6369,0.76411,"Populus tremuloides","Typha latifolia",-0.0024390243902439,"random",4,4,1,6,7,2,0,4,0
342,475,17,16,5,0.04,3.3,0.92864,0.20406,"Populus tremuloides","Vicia americana",0.0207317073170732,"random",4,4,1,5,9,5,0,6,0
342,476,17,14,1,0.035,2.9,0.15471,0.97226,"Populus tremuloides","Vicia cracca",-0.0231707317073171,"random",4,4,1,5,11,7,0,8,0
342,477,17,15,6,0.038,3.1,0.98824,0.05146,"Populus tremuloides","Viola adunca",0.0353658536585366,"random",4,4,1,4,9,6,1,6,0.166666666666667
342,479,17,6,0,0.015,1.2,0.23589,1,"Populus tremuloides","Viola nuttallii",-0.0146341463414634,"random",4,4,1,4,6,3,1,3,0.333333333333333
342,488,17,14,4,0.035,2.9,0.87445,0.31933,"Populus tremuloides","Zizia aptera",0.0134146341463415,"random",4,4,1,5,7,3,0,4,0
343,354,10,23,3,0.034,2.8,0.70913,0.57329,"Potentilla concinna","Prunus virginiana",0.0024390243902439,"random",4,6,3,4,7,4,3,4,0.75
343,356,10,25,6,0.037,3,0.99256,0.04014,"Potentilla concinna","Pulsatilla nuttalliana",0.0365853658536585,"positive",4,6,3,3,11,9,3,9,0.333333333333333
343,358,10,10,1,0.015,1.2,0.64851,0.74935,"Potentilla concinna","Pyrola asarifolia",-0.0024390243902439,"random",4,6,3,6,9,4,1,6,0.166666666666667
343,368,10,10,1,0.015,1.2,0.64851,0.74935,"Potentilla concinna","Rhus aromatica",-0.0024390243902439,"random",4,6,3,5,5,1,1,3,0.333333333333333
343,376,10,18,3,0.027,2.2,0.85604,0.38091,"Potentilla concinna","Rosa woodsii",0.00975609756097561,"random",4,6,3,6,8,3,1,5,0.2
343,390,10,10,0,0.015,1.2,0.25065,1,"Potentilla concinna","Salix interior",-0.0146341463414634,"random",4,6,3,5,7,3,2,4,0.5
343,409,10,25,6,0.037,3,0.99256,0.04014,"Potentilla concinna","Shepherdia canadensis",0.0365853658536585,"positive",4,6,3,4,5,2,2,3,0.666666666666667
343,430,10,30,6,0.045,3.7,0.97498,0.10016,"Potentilla concinna","Symphoricarpos occidentalis",0.0280487804878049,"random",4,6,3,6,8,3,1,5,0.2
343,434,10,16,5,0.024,2,0.99704,0.0212,"Potentilla concinna","Symphyotrichum laeve",0.0365853658536585,"positive",4,6,3,6,10,5,1,7,0.142857142857143
343,438,10,12,3,0.018,1.5,0.96476,0.15852,"Potentilla concinna","Taraxacum officinale",0.0182926829268293,"random",4,6,3,3,11,9,3,9,0.333333333333333
343,442,10,30,8,0.045,3.7,0.99964,0.00399,"Potentilla concinna","Thermopsis rhombifolia",0.0524390243902439,"positive",4,6,3,4,7,4,3,4,0.75
343,444,10,10,1,0.015,1.2,0.64851,0.74935,"Potentilla concinna","Thlaspi arvense",-0.0024390243902439,"random",4,6,3,4,9,6,3,6,0.5
343,448,10,18,3,0.027,2.2,0.85604,0.38091,"Potentilla concinna","Tragopogon dubius",0.00975609756097561,"random",4,6,3,5,10,6,2,7,0.285714285714286
343,454,10,18,2,0.027,2.2,0.61909,0.69747,"Potentilla concinna","Trifolium pratense",-0.0024390243902439,"random",4,6,3,6,10,5,1,7,0.142857142857143
343,475,10,16,3,0.024,2,0.9015,0.30237,"Potentilla concinna","Vicia americana",0.0121951219512195,"random",4,6,3,5,9,5,2,6,0.333333333333333
343,476,10,14,1,0.021,1.7,0.45841,0.86409,"Potentilla concinna","Vicia cracca",-0.00853658536585366,"random",4,6,3,5,11,7,2,8,0.25
343,477,10,15,5,0.022,1.8,0.99806,0.0155,"Potentilla concinna","Viola adunca",0.0390243902439024,"positive",4,6,3,4,9,6,3,6,0.5
343,488,10,14,1,0.021,1.7,0.45841,0.86409,"Potentilla concinna","Zizia aptera",-0.00853658536585366,"random",4,6,3,5,7,3,2,4,0.5
345,430,3,30,1,0.013,1.1,0.69874,0.75045,"Potentilla gracilis","Symphoricarpos occidentalis",-0.00121951219512195,"random",6,8,3,6,8,3,3,3,1
345,442,3,30,0,0.013,1.1,0.24955,1,"Potentilla gracilis","Thermopsis rhombifolia",-0.0134146341463415,"random",6,8,3,4,7,4,2,5,0.4
348,430,3,30,0,0.013,1.1,0.24955,1,"Potentilla pulcherrima","Symphoricarpos occidentalis",-0.0134146341463415,"random",6,10,5,6,8,3,3,5,0.6
348,442,3,30,0,0.013,1.1,0.24955,1,"Potentilla pulcherrima","Thermopsis rhombifolia",-0.0134146341463415,"random",6,10,5,4,7,4,2,7,0.285714285714286
351,354,4,23,1,0.014,1.1,0.6877,0.73979,"Prosartes trachycarpa","Prunus virginiana",-0.00121951219512195,"random",4,6,3,4,7,4,3,4,0.75
351,356,4,25,2,0.015,1.2,0.91781,0.35593,"Prosartes trachycarpa","Pulsatilla nuttalliana",0.00975609756097561,"random",4,6,3,3,11,9,3,9,0.333333333333333
351,409,4,25,0,0.015,1.2,0.22584,1,"Prosartes trachycarpa","Shepherdia canadensis",-0.0146341463414634,"random",4,6,3,4,5,2,2,3,0.666666666666667
351,430,4,30,1,0.018,1.5,0.53384,0.84522,"Prosartes trachycarpa","Symphoricarpos occidentalis",-0.00609756097560976,"random",4,6,3,6,8,3,1,5,0.2
351,442,4,30,1,0.018,1.5,0.53384,0.84522,"Prosartes trachycarpa","Thermopsis rhombifolia",-0.00609756097560976,"random",4,6,3,4,7,4,3,4,0.75
354,356,23,25,8,0.086,7,0.78802,0.39191,"Prunus virginiana","Pulsatilla nuttalliana",0.0121951219512195,"random",4,7,4,3,11,9,4,9,0.444444444444444
354,358,23,10,4,0.034,2.8,0.89564,0.29087,"Prunus virginiana","Pyrola asarifolia",0.0146341463414634,"random",4,7,4,6,9,4,2,6,0.333333333333333
354,359,23,4,1,0.014,1.1,0.6877,0.73979,"Prunus virginiana","Ranunculus acris",-0.00121951219512195,"random",4,7,4,5,10,6,3,7,0.428571428571429
354,362,23,6,1,0.021,1.7,0.45752,0.87132,"Prunus virginiana","Ratibida columnifera",-0.00853658536585366,"random",4,7,4,6,10,5,2,7,0.285714285714286
354,368,23,10,4,0.034,2.8,0.89564,0.29087,"Prunus virginiana","Rhus aromatica",0.0146341463414634,"random",4,7,4,5,5,1,1,4,0.25
354,371,23,7,3,0.024,2,0.90751,0.30451,"Prunus virginiana","Ribes oxyacanthoides",0.0121951219512195,"random",4,7,4,5,6,2,2,4,0.5
354,373,23,8,2,0.027,2.2,0.6022,0.71763,"Prunus virginiana","Rosa acicularis",-0.0024390243902439,"random",4,7,4,5,7,3,3,4,0.75
354,374,23,8,1,0.027,2.2,0.28237,0.93778,"Prunus virginiana","Rosa arkansana",-0.0146341463414634,"random",4,7,4,6,9,4,2,6,0.333333333333333
354,376,23,18,8,0.062,5,0.97721,0.07543,"Prunus virginiana","Rosa woodsii",0.0365853658536585,"random",4,7,4,6,8,3,2,5,0.4
354,377,23,4,0,0.014,1.1,0.26021,1,"Prunus virginiana","Rubus idaeus",-0.0134146341463415,"random",4,7,4,6,7,2,2,4,0.5
354,383,23,4,2,0.014,1.1,0.9352,0.3123,"Prunus virginiana","Salix bebbiana",0.0109756097560976,"random",4,7,4,5,8,4,3,5,0.6
354,389,23,5,0,0.017,1.4,0.18348,1,"Prunus virginiana","Salix glauca",-0.0170731707317073,"random",4,7,4,6,7,2,2,4,0.5
354,390,23,10,4,0.034,2.8,0.89564,0.29087,"Prunus virginiana","Salix interior",0.0146341463414634,"random",4,7,4,5,7,3,3,4,0.75
354,393,23,4,1,0.014,1.1,0.6877,0.73979,"Prunus virginiana","Salsola tragus",-0.00121951219512195,"random",4,7,4,7,10,4,1,7,0.142857142857143
354,408,23,8,5,0.027,2.2,0.99473,0.03596,"Prunus virginiana","Shepherdia argentea",0.0341463414634146,"positive",4,7,4,4,5,2,2,4,0.5
354,409,23,25,7,0.086,7,0.60809,0.60183,"Prunus virginiana","Shepherdia canadensis",0,"random",4,7,4,4,5,2,2,4,0.5
354,412,23,7,4,0.024,2,0.98323,0.09249,"Prunus virginiana","Sisymbrium loeselii",0.024390243902439,"random",4,7,4,5,10,6,3,7,0.428571428571429
354,413,23,7,2,0.024,2,0.69549,0.63768,"Prunus virginiana","Sisyrinchium montanum",0,"random",4,7,4,5,8,4,3,5,0.6
354,417,23,8,1,0.027,2.2,0.28237,0.93778,"Prunus virginiana","Solidago missouriensis",-0.0146341463414634,"random",4,7,4,6,9,4,2,6,0.333333333333333
354,423,23,8,2,0.027,2.2,0.6022,0.71763,"Prunus virginiana","Sphaeralcea coccinea",-0.0024390243902439,"random",4,7,4,5,9,5,3,6,0.5
354,430,23,30,8,0.103,8.4,0.52142,0.6764,"Prunus virginiana","Symphoricarpos occidentalis",-0.00487804878048781,"random",4,7,4,6,8,3,2,5,0.4
354,434,23,16,7,0.055,4.5,0.96586,0.10795,"Prunus virginiana","Symphyotrichum laeve",0.0304878048780488,"random",4,7,4,6,10,5,2,7,0.285714285714286
354,437,23,7,4,0.024,2,0.98323,0.09249,"Prunus virginiana","Tanacetum vulgare",0.024390243902439,"random",4,7,4,7,10,4,1,7,0.142857142857143
354,438,23,12,4,0.041,3.4,0.78869,0.44832,"Prunus virginiana","Taraxacum officinale",0.00731707317073171,"random",4,7,4,3,11,9,4,9,0.444444444444444
354,442,23,30,9,0.103,8.4,0.7123,0.47858,"Prunus virginiana","Thermopsis rhombifolia",0.0073170731707317,"random",4,7,4,4,7,4,4,4,1
354,444,23,10,4,0.034,2.8,0.89564,0.29087,"Prunus virginiana","Thlaspi arvense",0.0146341463414634,"random",4,7,4,4,9,6,4,6,0.666666666666667
354,448,23,18,5,0.062,5,0.61418,0.61856,"Prunus virginiana","Tragopogon dubius",0,"random",4,7,4,5,10,6,3,7,0.428571428571429
354,450,23,5,0,0.017,1.4,0.18348,1,"Prunus virginiana","Triantha glutinosa",-0.0170731707317073,"random",4,7,4,6,8,3,2,5,0.4
354,453,23,4,1,0.014,1.1,0.6877,0.73979,"Prunus virginiana","Trifolium hybridum",-0.00121951219512195,"random",4,7,4,6,10,5,2,7,0.285714285714286
354,454,23,18,4,0.062,5,0.38144,0.8198,"Prunus virginiana","Trifolium pratense",-0.0121951219512195,"random",4,7,4,6,10,5,2,7,0.285714285714286
354,455,23,5,0,0.017,1.4,0.18348,1,"Prunus virginiana","Trifolium repens",-0.0170731707317073,"random",4,7,4,5,10,6,3,7,0.428571428571429
354,458,23,7,4,0.024,2,0.98323,0.09249,"Prunus virginiana","Tripleurospermum inodorum",0.024390243902439,"random",4,7,4,5,11,7,3,8,0.375
354,460,23,6,2,0.021,1.7,0.78635,0.54248,"Prunus virginiana","Typha latifolia",0.00365853658536585,"random",4,7,4,6,7,2,2,4,0.5
354,475,23,16,5,0.055,4.5,0.7401,0.48553,"Prunus virginiana","Vicia americana",0.00609756097560976,"random",4,7,4,5,9,5,3,6,0.5
354,476,23,14,4,0.048,3.9,0.65568,0.59736,"Prunus virginiana","Vicia cracca",0.00121951219512195,"random",4,7,4,5,11,7,3,8,0.375
354,477,23,15,7,0.051,4.2,0.97888,0.07566,"Prunus virginiana","Viola adunca",0.0341463414634146,"random",4,7,4,4,9,6,4,6,0.666666666666667
354,479,23,6,1,0.021,1.7,0.45752,0.87132,"Prunus virginiana","Viola nuttallii",-0.00853658536585366,"random",4,7,4,4,6,3,3,4,0.75
354,488,23,14,3,0.048,3.9,0.40264,0.82279,"Prunus virginiana","Zizia aptera",-0.0109756097560976,"random",4,7,4,5,7,3,3,4,0.75
356,358,25,10,3,0.037,3,0.64129,0.64296,"Pulsatilla nuttalliana","Pyrola asarifolia",0,"random",3,11,9,6,9,4,4,9,0.444444444444444
356,359,25,4,1,0.015,1.2,0.64407,0.77416,"Pulsatilla nuttalliana","Ranunculus acris",-0.0024390243902439,"random",3,11,9,5,10,6,6,9,0.666666666666667
356,362,25,6,1,0.022,1.8,0.40257,0.89637,"Pulsatilla nuttalliana","Ratibida columnifera",-0.00975609756097561,"random",3,11,9,6,10,5,5,9,0.555555555555556
356,368,25,10,0,0.037,3,0.02019,1,"Pulsatilla nuttalliana","Rhus aromatica",-0.0365853658536585,"negative",3,11,9,5,5,1,1,9,0.111111111111111
356,371,25,7,2,0.026,2.1,0.63858,0.69183,"Pulsatilla nuttalliana","Ribes oxyacanthoides",-0.00121951219512195,"random",3,11,9,5,6,2,2,9,0.222222222222222
356,373,25,8,2,0.03,2.4,0.53725,0.76819,"Pulsatilla nuttalliana","Rosa acicularis",-0.0048780487804878,"random",3,11,9,5,7,3,3,9,0.333333333333333
356,374,25,8,3,0.03,2.4,0.80745,0.46275,"Pulsatilla nuttalliana","Rosa arkansana",0.00731707317073171,"random",3,11,9,6,9,4,4,9,0.444444444444444
356,376,25,18,6,0.067,5.5,0.72559,0.48847,"Pulsatilla nuttalliana","Rosa woodsii",0.00609756097560976,"random",3,11,9,6,8,3,3,9,0.333333333333333
356,377,25,4,0,0.015,1.2,0.22584,1,"Pulsatilla nuttalliana","Rubus idaeus",-0.0146341463414634,"random",3,11,9,6,7,2,2,9,0.222222222222222
356,383,25,4,0,0.015,1.2,0.22584,1,"Pulsatilla nuttalliana","Salix bebbiana",-0.0146341463414634,"random",3,11,9,5,8,4,4,9,0.444444444444444
356,389,25,5,0,0.019,1.5,0.15346,1,"Pulsatilla nuttalliana","Salix glauca",-0.0182926829268293,"random",3,11,9,6,7,2,2,9,0.222222222222222
356,390,25,10,1,0.037,3,0.12532,0.97981,"Pulsatilla nuttalliana","Salix interior",-0.024390243902439,"random",3,11,9,5,7,3,3,9,0.333333333333333
356,393,25,4,1,0.015,1.2,0.64407,0.77416,"Pulsatilla nuttalliana","Salsola tragus",-0.0024390243902439,"random",3,11,9,7,10,4,4,9,0.444444444444444
356,408,25,8,2,0.03,2.4,0.53725,0.76819,"Pulsatilla nuttalliana","Shepherdia argentea",-0.0048780487804878,"random",3,11,9,4,5,2,2,9,0.222222222222222
356,409,25,25,7,0.093,7.6,0.48013,0.71714,"Pulsatilla nuttalliana","Shepherdia canadensis",-0.0073170731707317,"random",3,11,9,4,5,2,2,9,0.222222222222222
356,412,25,7,1,0.026,2.1,0.30817,0.93046,"Pulsatilla nuttalliana","Sisymbrium loeselii",-0.0134146341463415,"random",3,11,9,5,10,6,6,9,0.666666666666667
356,413,25,7,2,0.026,2.1,0.63858,0.69183,"Pulsatilla nuttalliana","Sisyrinchium montanum",-0.00121951219512195,"random",3,11,9,5,8,4,4,9,0.444444444444444
356,417,25,8,2,0.03,2.4,0.53725,0.76819,"Pulsatilla nuttalliana","Solidago missouriensis",-0.0048780487804878,"random",3,11,9,6,9,4,4,9,0.444444444444444
356,423,25,8,4,0.03,2.4,0.94765,0.19255,"Pulsatilla nuttalliana","Sphaeralcea coccinea",0.0195121951219512,"random",3,11,9,5,9,5,5,9,0.555555555555556
356,430,25,30,10,0.112,9.1,0.75119,0.42686,"Pulsatilla nuttalliana","Symphoricarpos occidentalis",0.0109756097560976,"random",3,11,9,6,8,3,3,9,0.333333333333333
356,434,25,16,5,0.059,4.9,0.65405,0.58082,"Pulsatilla nuttalliana","Symphyotrichum laeve",0.00121951219512195,"random",3,11,9,6,10,5,5,9,0.555555555555556
356,437,25,7,0,0.026,2.1,0.06954,1,"Pulsatilla nuttalliana","Tanacetum vulgare",-0.025609756097561,"random",3,11,9,7,10,4,4,9,0.444444444444444
356,438,25,12,3,0.045,3.7,0.47034,0.77942,"Pulsatilla nuttalliana","Taraxacum officinale",-0.00853658536585366,"random",3,11,9,3,11,9,9,9,1
356,442,25,30,14,0.112,9.1,0.99591,0.0157,"Pulsatilla nuttalliana","Thermopsis rhombifolia",0.0597560975609756,"positive",3,11,9,4,7,4,4,9,0.444444444444444
356,444,25,10,2,0.037,3,0.35704,0.87468,"Pulsatilla nuttalliana","Thlaspi arvense",-0.0121951219512195,"random",3,11,9,4,9,6,6,9,0.666666666666667
356,448,25,18,3,0.067,5.5,0.12288,0.96382,"Pulsatilla nuttalliana","Tragopogon dubius",-0.0304878048780488,"random",3,11,9,5,10,6,6,9,0.666666666666667
356,450,25,5,0,0.019,1.5,0.15346,1,"Pulsatilla nuttalliana","Triantha glutinosa",-0.0182926829268293,"random",3,11,9,6,8,3,3,9,0.333333333333333
356,453,25,4,0,0.015,1.2,0.22584,1,"Pulsatilla nuttalliana","Trifolium hybridum",-0.0146341463414634,"random",3,11,9,6,10,5,5,9,0.555555555555556
356,454,25,18,0,0.067,5.5,0.00053,1,"Pulsatilla nuttalliana","Trifolium pratense",-0.0670731707317073,"negative",3,11,9,6,10,5,5,9,0.555555555555556
356,455,25,5,0,0.019,1.5,0.15346,1,"Pulsatilla nuttalliana","Trifolium repens",-0.0182926829268293,"random",3,11,9,5,10,6,6,9,0.666666666666667
356,458,25,7,1,0.026,2.1,0.30817,0.93046,"Pulsatilla nuttalliana","Tripleurospermum inodorum",-0.0134146341463415,"random",3,11,9,5,11,7,7,9,0.777777777777778
356,460,25,6,1,0.022,1.8,0.40257,0.89637,"Pulsatilla nuttalliana","Typha latifolia",-0.00975609756097561,"random",3,11,9,6,7,2,2,9,0.222222222222222
356,475,25,16,4,0.059,4.9,0.41918,0.79518,"Pulsatilla nuttalliana","Vicia americana",-0.0109756097560976,"random",3,11,9,5,9,5,5,9,0.555555555555556
356,476,25,14,1,0.052,4.3,0.03134,0.9965,"Pulsatilla nuttalliana","Vicia cracca",-0.0402439024390244,"negative",3,11,9,5,11,7,7,9,0.777777777777778
356,477,25,15,6,0.056,4.6,0.88262,0.27723,"Pulsatilla nuttalliana","Viola adunca",0.0170731707317073,"random",3,11,9,4,9,6,6,9,0.666666666666667
356,479,25,6,0,0.022,1.8,0.10363,1,"Pulsatilla nuttalliana","Viola nuttallii",-0.0219512195121951,"random",3,11,9,4,6,3,3,9,0.333333333333333
356,488,25,14,6,0.052,4.3,0.9198,0.21329,"Pulsatilla nuttalliana","Zizia aptera",0.0207317073170732,"random",3,11,9,5,7,3,3,9,0.333333333333333
358,368,10,10,0,0.015,1.2,0.25065,1,"Pyrola asarifolia","Rhus aromatica",-0.0146341463414634,"random",6,9,4,5,5,1,0,5,0
358,376,10,18,1,0.027,2.2,0.30253,0.92919,"Pyrola asarifolia","Rosa woodsii",-0.0146341463414634,"random",6,9,4,6,8,3,3,4,0.75
358,390,10,10,2,0.015,1.2,0.90028,0.35149,"Pyrola asarifolia","Salix interior",0.00975609756097561,"random",6,9,4,5,7,3,2,5,0.4
358,409,10,25,4,0.037,3,0.85587,0.35871,"Pyrola asarifolia","Shepherdia canadensis",0.0121951219512195,"random",6,9,4,4,5,2,0,6,0
358,430,10,30,4,0.045,3.7,0.72671,0.53409,"Pyrola asarifolia","Symphoricarpos occidentalis",0.00365853658536585,"random",6,9,4,6,8,3,3,4,0.75
358,434,10,16,2,0.024,2,0.69763,0.62454,"Pyrola asarifolia","Symphyotrichum laeve",0,"random",6,9,4,6,10,5,4,5,0.8
358,438,10,12,2,0.018,1.5,0.84148,0.44976,"Pyrola asarifolia","Taraxacum officinale",0.00609756097560976,"random",6,9,4,3,11,9,4,9,0.444444444444444
358,442,10,30,2,0.045,3.7,0.21201,0.94101,"Pyrola asarifolia","Thermopsis rhombifolia",-0.0207317073170732,"random",6,9,4,4,7,4,2,6,0.333333333333333
358,444,10,10,1,0.015,1.2,0.64851,0.74935,"Pyrola asarifolia","Thlaspi arvense",-0.0024390243902439,"random",6,9,4,4,9,6,4,6,0.666666666666667
358,448,10,18,0,0.027,2.2,0.07081,1,"Pyrola asarifolia","Tragopogon dubius",-0.0268292682926829,"random",6,9,4,5,10,6,4,6,0.666666666666667
358,454,10,18,2,0.027,2.2,0.61909,0.69747,"Pyrola asarifolia","Trifolium pratense",-0.0024390243902439,"random",6,9,4,6,10,5,4,5,0.8
358,475,10,16,1,0.024,2,0.37546,0.90138,"Pyrola asarifolia","Vicia americana",-0.0121951219512195,"random",6,9,4,5,9,5,4,5,0.8
358,476,10,14,1,0.021,1.7,0.45841,0.86409,"Pyrola asarifolia","Vicia cracca",-0.00853658536585366,"random",6,9,4,5,11,7,4,7,0.571428571428571
358,477,10,15,3,0.022,1.8,0.92082,0.26414,"Pyrola asarifolia","Viola adunca",0.0146341463414634,"random",6,9,4,4,9,6,4,6,0.666666666666667
358,488,10,14,4,0.021,1.7,0.98902,0.0622,"Pyrola asarifolia","Zizia aptera",0.0280487804878049,"random",6,9,4,5,7,3,2,5,0.4
359,409,4,25,2,0.015,1.2,0.91781,0.35593,"Ranunculus acris","Shepherdia canadensis",0.00975609756097561,"random",5,10,6,4,5,2,1,7,0.142857142857143
359,430,4,30,0,0.018,1.5,0.15478,1,"Ranunculus acris","Symphoricarpos occidentalis",-0.0182926829268293,"random",5,10,6,6,8,3,3,6,0.5
359,442,4,30,0,0.018,1.5,0.15478,1,"Ranunculus acris","Thermopsis rhombifolia",-0.0182926829268293,"random",5,10,6,4,7,4,3,7,0.428571428571429
362,376,6,18,1,0.016,1.3,0.60605,0.78589,"Ratibida columnifera","Rosa woodsii",-0.00365853658536585,"random",6,10,5,6,8,3,3,5,0.6
362,409,6,25,1,0.022,1.8,0.40257,0.89637,"Ratibida columnifera","Shepherdia canadensis",-0.00975609756097561,"random",6,10,5,4,5,2,0,7,0
362,430,6,30,3,0.027,2.2,0.87336,0.38288,"Ratibida columnifera","Symphoricarpos occidentalis",0.00975609756097561,"random",6,10,5,6,8,3,3,5,0.6
362,434,6,16,0,0.014,1.2,0.25948,1,"Ratibida columnifera","Symphyotrichum laeve",-0.0146341463414634,"random",6,10,5,6,10,5,5,5,1
362,442,6,30,2,0.027,2.2,0.61712,0.71919,"Ratibida columnifera","Thermopsis rhombifolia",-0.0024390243902439,"random",6,10,5,4,7,4,2,7,0.285714285714286
362,448,6,18,1,0.016,1.3,0.60605,0.78589,"Ratibida columnifera","Tragopogon dubius",-0.00365853658536585,"random",6,10,5,5,10,6,5,6,0.833333333333333
362,454,6,18,1,0.016,1.3,0.60605,0.78589,"Ratibida columnifera","Trifolium pratense",-0.00365853658536585,"random",6,10,5,6,10,5,5,5,1
362,475,6,16,1,0.014,1.2,0.66783,0.74052,"Ratibida columnifera","Vicia americana",-0.0024390243902439,"random",6,10,5,5,9,5,4,6,0.666666666666667
362,476,6,14,3,0.012,1,0.99309,0.05901,"Ratibida columnifera","Vicia cracca",0.024390243902439,"random",6,10,5,5,11,7,5,7,0.714285714285714
362,477,6,15,0,0.013,1.1,0.285,1,"Ratibida columnifera","Viola adunca",-0.0134146341463415,"random",6,10,5,4,9,6,4,7,0.571428571428571
362,488,6,14,1,0.012,1,0.72935,0.68742,"Ratibida columnifera","Zizia aptera",0,"random",6,10,5,5,7,3,2,6,0.333333333333333
366,430,3,30,0,0.013,1.1,0.24955,1,"Rhododendron groenlandicum","Symphoricarpos occidentalis",-0.0134146341463415,"random",5,7,3,6,8,3,2,4,0.5
366,442,3,30,0,0.013,1.1,0.24955,1,"Rhododendron groenlandicum","Thermopsis rhombifolia",-0.0134146341463415,"random",5,7,3,4,7,4,3,4,0.75
368,376,10,18,1,0.027,2.2,0.30253,0.92919,"Rhus aromatica","Rosa woodsii",-0.0146341463414634,"random",5,5,1,6,8,3,0,4,0
368,390,10,10,0,0.015,1.2,0.25065,1,"Rhus aromatica","Salix interior",-0.0146341463414634,"random",5,5,1,5,7,3,1,3,0.333333333333333
368,409,10,25,0,0.037,3,0.02019,1,"Rhus aromatica","Shepherdia canadensis",-0.0365853658536585,"negative",5,5,1,4,5,2,1,2,0.5
368,430,10,30,3,0.045,3.7,0.46591,0.78799,"Rhus aromatica","Symphoricarpos occidentalis",-0.00853658536585366,"random",5,5,1,6,8,3,0,4,0
368,434,10,16,1,0.024,2,0.37546,0.90138,"Rhus aromatica","Symphyotrichum laeve",-0.0121951219512195,"random",5,5,1,6,10,5,0,6,0
368,438,10,12,0,0.018,1.5,0.18544,1,"Rhus aromatica","Taraxacum officinale",-0.0182926829268293,"random",5,5,1,3,11,9,1,9,0.111111111111111
368,442,10,30,4,0.045,3.7,0.72671,0.53409,"Rhus aromatica","Thermopsis rhombifolia",0.00365853658536585,"random",5,5,1,4,7,4,1,4,0.25
368,444,10,10,0,0.015,1.2,0.25065,1,"Rhus aromatica","Thlaspi arvense",-0.0146341463414634,"random",5,5,1,4,9,6,1,6,0.166666666666667
368,448,10,18,2,0.027,2.2,0.61909,0.69747,"Rhus aromatica","Tragopogon dubius",-0.0024390243902439,"random",5,5,1,5,10,6,1,6,0.166666666666667
368,454,10,18,0,0.027,2.2,0.07081,1,"Rhus aromatica","Trifolium pratense",-0.0268292682926829,"random",5,5,1,6,10,5,0,6,0
368,475,10,16,2,0.024,2,0.69763,0.62454,"Rhus aromatica","Vicia americana",0,"random",5,5,1,5,9,5,1,5,0.2
368,476,10,14,0,0.021,1.7,0.13591,1,"Rhus aromatica","Vicia cracca",-0.0207317073170732,"random",5,5,1,5,11,7,1,7,0.142857142857143
368,477,10,15,0,0.022,1.8,0.11592,1,"Rhus aromatica","Viola adunca",-0.0219512195121951,"random",5,5,1,4,9,6,1,6,0.166666666666667
368,488,10,14,0,0.021,1.7,0.13591,1,"Rhus aromatica","Zizia aptera",-0.0207317073170732,"random",5,5,1,5,7,3,1,3,0.333333333333333
371,376,7,18,3,0.019,1.5,0.9616,0.17477,"Ribes oxyacanthoides","Rosa woodsii",0.0182926829268293,"random",5,6,2,6,8,3,1,4,0.25
371,409,7,25,5,0.026,2.1,0.99722,0.02509,"Ribes oxyacanthoides","Shepherdia canadensis",0.0353658536585366,"positive",5,6,2,4,5,2,1,3,0.333333333333333
371,430,7,30,3,0.031,2.6,0.78233,0.50678,"Ribes oxyacanthoides","Symphoricarpos occidentalis",0.0048780487804878,"random",5,6,2,6,8,3,1,4,0.25
371,434,7,16,3,0.017,1.4,0.97549,0.13068,"Ribes oxyacanthoides","Symphyotrichum laeve",0.0195121951219512,"random",5,6,2,6,10,5,1,6,0.166666666666667
371,438,7,12,3,0.012,1,0.99235,0.06071,"Ribes oxyacanthoides","Taraxacum officinale",0.024390243902439,"random",5,6,2,3,11,9,2,9,0.222222222222222
371,442,7,30,5,0.031,2.6,0.99134,0.05836,"Ribes oxyacanthoides","Thermopsis rhombifolia",0.0292682926829268,"random",5,6,2,4,7,4,2,4,0.5
371,448,7,18,3,0.019,1.5,0.9616,0.17477,"Ribes oxyacanthoides","Tragopogon dubius",0.0182926829268293,"random",5,6,2,5,10,6,2,6,0.333333333333333
371,454,7,18,2,0.019,1.5,0.82523,0.48162,"Ribes oxyacanthoides","Trifolium pratense",0.00609756097560976,"random",5,6,2,6,10,5,1,6,0.166666666666667
371,475,7,16,1,0.017,1.4,0.58724,0.79515,"Ribes oxyacanthoides","Vicia americana",-0.0048780487804878,"random",5,6,2,5,9,5,2,5,0.4
371,476,7,14,1,0.015,1.2,0.65806,0.745,"Ribes oxyacanthoides","Vicia cracca",-0.0024390243902439,"random",5,6,2,5,11,7,2,7,0.285714285714286
371,477,7,15,4,0.016,1.3,0.99816,0.01904,"Ribes oxyacanthoides","Viola adunca",0.0329268292682927,"positive",5,6,2,4,9,6,2,6,0.333333333333333
371,488,7,14,2,0.015,1.2,0.90758,0.34194,"Ribes oxyacanthoides","Zizia aptera",0.00975609756097561,"random",5,6,2,5,7,3,2,3,0.666666666666667
373,376,8,18,2,0.021,1.8,0.75976,0.56208,"Rosa acicularis","Rosa woodsii",0.0024390243902439,"random",5,7,3,6,8,3,2,4,0.5
373,409,8,25,5,0.03,2.4,0.99127,0.05235,"Rosa acicularis","Shepherdia canadensis",0.0317073170731707,"random",5,7,3,4,5,2,1,4,0.25
373,430,8,30,5,0.036,2.9,0.97477,0.11359,"Rosa acicularis","Symphoricarpos occidentalis",0.025609756097561,"random",5,7,3,6,8,3,2,4,0.5
373,434,8,16,4,0.019,1.6,0.99389,0.04291,"Rosa acicularis","Symphyotrichum laeve",0.0292682926829268,"positive",5,7,3,6,10,5,2,6,0.333333333333333
373,438,8,12,2,0.014,1.2,0.91128,0.33152,"Rosa acicularis","Taraxacum officinale",0.00975609756097561,"random",5,7,3,3,11,9,3,9,0.333333333333333
373,442,8,30,3,0.036,2.9,0.67825,0.6178,"Rosa acicularis","Thermopsis rhombifolia",0.00121951219512195,"random",5,7,3,4,7,4,3,4,0.75
373,448,8,18,2,0.021,1.8,0.75976,0.56208,"Rosa acicularis","Tragopogon dubius",0.0024390243902439,"random",5,7,3,5,10,6,3,6,0.5
373,454,8,18,5,0.021,1.8,0.99889,0.01112,"Rosa acicularis","Trifolium pratense",0.0390243902439024,"positive",5,7,3,6,10,5,2,6,0.333333333333333
373,475,8,16,1,0.019,1.6,0.51076,0.83885,"Rosa acicularis","Vicia americana",-0.00731707317073171,"random",5,7,3,5,9,5,3,5,0.6
373,476,8,14,2,0.017,1.4,0.86765,0.4118,"Rosa acicularis","Vicia cracca",0.00731707317073171,"random",5,7,3,5,11,7,3,7,0.428571428571429
373,477,8,15,2,0.018,1.5,0.843,0.451,"Rosa acicularis","Viola adunca",0.00609756097560976,"random",5,7,3,4,9,6,3,6,0.5
373,488,8,14,2,0.017,1.4,0.86765,0.4118,"Rosa acicularis","Zizia aptera",0.00731707317073171,"random",5,7,3,5,7,3,3,3,1
374,376,8,18,1,0.021,1.8,0.43792,0.87581,"Rosa arkansana","Rosa woodsii",-0.00975609756097561,"random",6,9,4,6,8,3,3,4,0.75
374,409,8,25,3,0.03,2.4,0.80745,0.46275,"Rosa arkansana","Shepherdia canadensis",0.00731707317073171,"random",6,9,4,4,5,2,0,6,0
374,430,8,30,5,0.036,2.9,0.97477,0.11359,"Rosa arkansana","Symphoricarpos occidentalis",0.025609756097561,"random",6,9,4,6,8,3,3,4,0.75
374,434,8,16,4,0.019,1.6,0.99389,0.04291,"Rosa arkansana","Symphyotrichum laeve",0.0292682926829268,"positive",6,9,4,6,10,5,4,5,0.8
374,438,8,12,2,0.014,1.2,0.91128,0.33152,"Rosa arkansana","Taraxacum officinale",0.00975609756097561,"random",6,9,4,3,11,9,4,9,0.444444444444444
374,442,8,30,4,0.036,2.9,0.88641,0.32175,"Rosa arkansana","Thermopsis rhombifolia",0.0134146341463415,"random",6,9,4,4,7,4,2,6,0.333333333333333
374,448,8,18,2,0.021,1.8,0.75976,0.56208,"Rosa arkansana","Tragopogon dubius",0.0024390243902439,"random",6,9,4,5,10,6,4,6,0.666666666666667
374,454,8,18,1,0.021,1.8,0.43792,0.87581,"Rosa arkansana","Trifolium pratense",-0.00975609756097561,"random",6,9,4,6,10,5,4,5,0.8
374,475,8,16,1,0.019,1.6,0.51076,0.83885,"Rosa arkansana","Vicia americana",-0.00731707317073171,"random",6,9,4,5,9,5,4,5,0.8
374,476,8,14,0,0.017,1.4,0.2074,1,"Rosa arkansana","Vicia cracca",-0.0170731707317073,"random",6,9,4,5,11,7,4,7,0.571428571428571
374,477,8,15,2,0.018,1.5,0.843,0.451,"Rosa arkansana","Viola adunca",0.00609756097560976,"random",6,9,4,4,9,6,4,6,0.666666666666667
374,488,8,14,2,0.017,1.4,0.86765,0.4118,"Rosa arkansana","Zizia aptera",0.00731707317073171,"random",6,9,4,5,7,3,2,5,0.4
376,389,18,5,0,0.013,1.1,0.27944,1,"Rosa woodsii","Salix glauca",-0.0134146341463415,"random",6,8,3,6,7,2,2,3,0.666666666666667
376,390,18,10,5,0.027,2.2,0.99382,0.03671,"Rosa woodsii","Salix interior",0.0341463414634146,"positive",6,8,3,5,7,3,2,4,0.5
376,408,18,8,3,0.021,1.8,0.93433,0.24024,"Rosa woodsii","Shepherdia argentea",0.0146341463414634,"random",6,8,3,4,5,2,0,5,0
376,409,18,25,5,0.067,5.5,0.51153,0.71077,"Rosa woodsii","Shepherdia canadensis",-0.00609756097560976,"random",6,8,3,4,5,2,0,5,0
376,412,18,7,3,0.019,1.5,0.9616,0.17477,"Rosa woodsii","Sisymbrium loeselii",0.0182926829268293,"random",6,8,3,5,10,6,3,6,0.5
376,413,18,7,1,0.019,1.5,0.51838,0.8366,"Rosa woodsii","Sisyrinchium montanum",-0.00609756097560976,"random",6,8,3,5,8,4,3,4,0.75
376,417,18,8,3,0.021,1.8,0.93433,0.24024,"Rosa woodsii","Solidago missouriensis",0.0146341463414634,"random",6,8,3,6,9,4,3,4,0.75
376,423,18,8,1,0.021,1.8,0.43792,0.87581,"Rosa woodsii","Sphaeralcea coccinea",-0.00975609756097561,"random",6,8,3,5,9,5,3,5,0.6
376,430,18,30,11,0.08,6.6,0.99639,0.0161,"Rosa woodsii","Symphoricarpos occidentalis",0.0536585365853659,"positive",6,8,3,6,8,3,3,3,1
376,434,18,16,4,0.043,3.5,0.75354,0.48724,"Rosa woodsii","Symphyotrichum laeve",0.00609756097560976,"random",6,8,3,6,10,5,3,5,0.6
376,437,18,7,3,0.019,1.5,0.9616,0.17477,"Rosa woodsii","Tanacetum vulgare",0.0182926829268293,"random",6,8,3,7,10,4,2,5,0.4
376,438,18,12,4,0.032,2.6,0.91567,0.24781,"Rosa woodsii","Taraxacum officinale",0.0170731707317073,"random",6,8,3,3,11,9,3,9,0.333333333333333
376,442,18,30,8,0.08,6.6,0.8553,0.30294,"Rosa woodsii","Thermopsis rhombifolia",0.0170731707317073,"random",6,8,3,4,7,4,2,5,0.4
376,444,18,10,4,0.027,2.2,0.96329,0.14396,"Rosa woodsii","Thlaspi arvense",0.0219512195121951,"random",6,8,3,4,9,6,3,6,0.5
376,448,18,18,6,0.048,4,0.94558,0.15862,"Rosa woodsii","Tragopogon dubius",0.024390243902439,"random",6,8,3,5,10,6,3,6,0.5
376,450,18,5,1,0.013,1.1,0.69859,0.72056,"Rosa woodsii","Triantha glutinosa",-0.00121951219512195,"random",6,8,3,6,8,3,3,3,1
376,454,18,18,7,0.048,4,0.98602,0.05442,"Rosa woodsii","Trifolium pratense",0.0365853658536585,"random",6,8,3,6,10,5,3,5,0.6
376,455,18,5,1,0.013,1.1,0.69859,0.72056,"Rosa woodsii","Trifolium repens",-0.00121951219512195,"random",6,8,3,5,10,6,3,6,0.5
376,458,18,7,2,0.019,1.5,0.82523,0.48162,"Rosa woodsii","Tripleurospermum inodorum",0.00609756097560976,"random",6,8,3,5,11,7,3,7,0.428571428571429
376,460,18,6,2,0.016,1.3,0.88367,0.39395,"Rosa woodsii","Typha latifolia",0.00853658536585366,"random",6,8,3,6,7,2,2,3,0.666666666666667
376,475,18,16,5,0.043,3.5,0.90618,0.24646,"Rosa woodsii","Vicia americana",0.0182926829268293,"random",6,8,3,5,9,5,3,5,0.6
376,476,18,14,6,0.037,3.1,0.98933,0.04804,"Rosa woodsii","Vicia cracca",0.0353658536585366,"positive",6,8,3,5,11,7,3,7,0.428571428571429
376,477,18,15,4,0.04,3.3,0.80124,0.42705,"Rosa woodsii","Viola adunca",0.00853658536585366,"random",6,8,3,4,9,6,3,6,0.5
376,479,18,6,1,0.016,1.3,0.60605,0.78589,"Rosa woodsii","Viola nuttallii",-0.00365853658536585,"random",6,8,3,4,6,3,1,5,0.2
376,488,18,14,2,0.037,3.1,0.35785,0.87069,"Rosa woodsii","Zizia aptera",-0.0134146341463415,"random",6,8,3,5,7,3,2,4,0.5
377,409,4,25,1,0.015,1.2,0.64407,0.77416,"Rubus idaeus","Shepherdia canadensis",-0.0024390243902439,"random",6,7,2,4,5,2,0,4,0
377,430,4,30,2,0.018,1.5,0.86363,0.46616,"Rubus idaeus","Symphoricarpos occidentalis",0.00609756097560976,"random",6,7,2,6,8,3,2,3,0.666666666666667
377,442,4,30,0,0.018,1.5,0.15478,1,"Rubus idaeus","Thermopsis rhombifolia",-0.0182926829268293,"random",6,7,2,4,7,4,2,4,0.5
382,430,3,30,0,0.013,1.1,0.24955,1,"Salix barrattiana","Symphoricarpos occidentalis",-0.0134146341463415,"random",5,7,3,6,8,3,2,4,0.5
382,442,3,30,0,0.013,1.1,0.24955,1,"Salix barrattiana","Thermopsis rhombifolia",-0.0134146341463415,"random",5,7,3,4,7,4,3,4,0.75
383,409,4,25,2,0.015,1.2,0.91781,0.35593,"Salix bebbiana","Shepherdia canadensis",0.00975609756097561,"random",5,8,4,4,5,2,1,5,0.2
383,430,4,30,1,0.018,1.5,0.53384,0.84522,"Salix bebbiana","Symphoricarpos occidentalis",-0.00609756097560976,"random",5,8,4,6,8,3,3,4,0.75
383,442,4,30,2,0.018,1.5,0.86363,0.46616,"Salix bebbiana","Thermopsis rhombifolia",0.00609756097560976,"random",5,8,4,4,7,4,3,5,0.6
389,409,5,25,3,0.019,1.5,0.97163,0.16291,"Salix glauca","Shepherdia canadensis",0.0182926829268293,"random",6,7,2,4,5,2,0,4,0
389,430,5,30,0,0.022,1.8,0.09525,1,"Salix glauca","Symphoricarpos occidentalis",-0.0219512195121951,"random",6,7,2,6,8,3,2,3,0.666666666666667
389,442,5,30,1,0.022,1.8,0.39291,0.90475,"Salix glauca","Thermopsis rhombifolia",-0.00975609756097561,"random",6,7,2,4,7,4,2,4,0.5
389,448,5,18,1,0.013,1.1,0.69859,0.72056,"Salix glauca","Tragopogon dubius",-0.00121951219512195,"random",6,7,2,5,10,6,2,6,0.333333333333333
389,454,5,18,3,0.013,1.1,0.99251,0.06778,"Salix glauca","Trifolium pratense",0.0231707317073171,"random",6,7,2,6,10,5,2,5,0.4
390,409,10,25,4,0.037,3,0.85587,0.35871,"Salix interior","Shepherdia canadensis",0.0121951219512195,"random",5,7,3,4,5,2,1,4,0.25
390,430,10,30,5,0.045,3.7,0.89984,0.27329,"Salix interior","Symphoricarpos occidentalis",0.0158536585365854,"random",5,7,3,6,8,3,2,4,0.5
390,434,10,16,4,0.024,2,0.9788,0.0985,"Salix interior","Symphyotrichum laeve",0.024390243902439,"random",5,7,3,6,10,5,2,6,0.333333333333333
390,438,10,12,2,0.018,1.5,0.84148,0.44976,"Salix interior","Taraxacum officinale",0.00609756097560976,"random",5,7,3,3,11,9,3,9,0.333333333333333
390,442,10,30,1,0.045,3.7,0.05899,0.9926,"Salix interior","Thermopsis rhombifolia",-0.0329268292682927,"random",5,7,3,4,7,4,3,4,0.75
390,444,10,10,4,0.015,1.2,0.99825,0.01709,"Salix interior","Thlaspi arvense",0.0341463414634146,"positive",5,7,3,4,9,6,3,6,0.5
390,448,10,18,3,0.027,2.2,0.85604,0.38091,"Salix interior","Tragopogon dubius",0.00975609756097561,"random",5,7,3,5,10,6,3,6,0.5
390,454,10,18,5,0.027,2.2,0.99382,0.03671,"Salix interior","Trifolium pratense",0.0341463414634146,"positive",5,7,3,6,10,5,2,6,0.333333333333333
390,475,10,16,1,0.024,2,0.37546,0.90138,"Salix interior","Vicia americana",-0.0121951219512195,"random",5,7,3,5,9,5,3,5,0.6
390,476,10,14,5,0.021,1.7,0.99877,0.01098,"Salix interior","Vicia cracca",0.0402439024390244,"positive",5,7,3,5,11,7,3,7,0.428571428571429
390,477,10,15,3,0.022,1.8,0.92082,0.26414,"Salix interior","Viola adunca",0.0146341463414634,"random",5,7,3,4,9,6,3,6,0.5
390,488,10,14,3,0.021,1.7,0.9378,0.22715,"Salix interior","Zizia aptera",0.0158536585365854,"random",5,7,3,5,7,3,3,3,1
393,409,4,25,0,0.015,1.2,0.22584,1,"Salsola tragus","Shepherdia canadensis",-0.0146341463414634,"random",7,10,4,4,5,2,0,7,0
393,430,4,30,1,0.018,1.5,0.53384,0.84522,"Salsola tragus","Symphoricarpos occidentalis",-0.00609756097560976,"random",7,10,4,6,8,3,2,5,0.4
393,442,4,30,3,0.018,1.5,0.98433,0.13637,"Salsola tragus","Thermopsis rhombifolia",0.0182926829268293,"random",7,10,4,4,7,4,1,7,0.142857142857143
396,430,3,30,1,0.013,1.1,0.69874,0.75045,"Sarcobatus vermiculatus","Symphoricarpos occidentalis",-0.00121951219512195,"random",6,7,2,6,8,3,2,3,0.666666666666667
396,442,3,30,2,0.013,1.1,0.95416,0.30126,"Sarcobatus vermiculatus","Thermopsis rhombifolia",0.0109756097560976,"random",6,7,2,4,7,4,2,4,0.5
408,409,8,25,3,0.03,2.4,0.80745,0.46275,"Shepherdia argentea","Shepherdia canadensis",0.00731707317073171,"random",4,5,2,4,5,2,2,2,1
408,430,8,30,4,0.036,2.9,0.88641,0.32175,"Shepherdia argentea","Symphoricarpos occidentalis",0.0134146341463415,"random",4,5,2,6,8,3,0,5,0
408,434,8,16,2,0.019,1.6,0.81667,0.48924,"Shepherdia argentea","Symphyotrichum laeve",0.0048780487804878,"random",4,5,2,6,10,5,0,7,0
408,438,8,12,2,0.014,1.2,0.91128,0.33152,"Shepherdia argentea","Taraxacum officinale",0.00975609756097561,"random",4,5,2,3,11,9,2,9,0.222222222222222
408,442,8,30,6,0.036,2.9,0.99687,0.02523,"Shepherdia argentea","Thermopsis rhombifolia",0.0378048780487805,"positive",4,5,2,4,7,4,2,4,0.5
408,448,8,18,5,0.021,1.8,0.99889,0.01112,"Shepherdia argentea","Tragopogon dubius",0.0390243902439024,"positive",4,5,2,5,10,6,1,7,0.142857142857143
408,454,8,18,2,0.021,1.8,0.75976,0.56208,"Shepherdia argentea","Trifolium pratense",0.0024390243902439,"random",4,5,2,6,10,5,0,7,0
408,475,8,16,0,0.019,1.6,0.16115,1,"Shepherdia argentea","Vicia americana",-0.0195121951219512,"random",4,5,2,5,9,5,1,6,0.166666666666667
408,476,8,14,3,0.017,1.4,0.97411,0.13235,"Shepherdia argentea","Vicia cracca",0.0195121951219512,"random",4,5,2,5,11,7,1,8,0.125
408,477,8,15,1,0.018,1.5,0.549,0.817,"Shepherdia argentea","Viola adunca",-0.00609756097560976,"random",4,5,2,4,9,6,2,6,0.333333333333333
408,488,8,14,0,0.017,1.4,0.2074,1,"Shepherdia argentea","Zizia aptera",-0.0170731707317073,"random",4,5,2,5,7,3,1,4,0.25
409,412,25,7,2,0.026,2.1,0.63858,0.69183,"Shepherdia canadensis","Sisymbrium loeselii",-0.00121951219512195,"random",4,5,2,5,10,6,1,7,0.142857142857143
409,413,25,7,3,0.026,2.1,0.87755,0.36142,"Shepherdia canadensis","Sisyrinchium montanum",0.0109756097560976,"random",4,5,2,5,8,4,1,5,0.2
409,417,25,8,3,0.03,2.4,0.80745,0.46275,"Shepherdia canadensis","Solidago missouriensis",0.00731707317073171,"random",4,5,2,6,9,4,0,6,0
409,423,25,8,0,0.03,2.4,0.04636,1,"Shepherdia canadensis","Sphaeralcea coccinea",-0.0292682926829268,"negative",4,5,2,5,9,5,1,6,0.166666666666667
409,430,25,30,8,0.112,9.1,0.37707,0.79279,"Shepherdia canadensis","Symphoricarpos occidentalis",-0.0134146341463415,"random",4,5,2,6,8,3,0,5,0
409,434,25,16,9,0.059,4.9,0.99666,0.01628,"Shepherdia canadensis","Symphyotrichum laeve",0.05,"positive",4,5,2,6,10,5,0,7,0
409,437,25,7,2,0.026,2.1,0.63858,0.69183,"Shepherdia canadensis","Tanacetum vulgare",-0.00121951219512195,"random",4,5,2,7,10,4,0,7,0
409,438,25,12,5,0.045,3.7,0.89219,0.27736,"Shepherdia canadensis","Taraxacum officinale",0.0158536585365854,"random",4,5,2,3,11,9,2,9,0.222222222222222
409,442,25,30,11,0.112,9.1,0.87898,0.24881,"Shepherdia canadensis","Thermopsis rhombifolia",0.0231707317073171,"random",4,5,2,4,7,4,2,4,0.5
409,444,25,10,2,0.037,3,0.35704,0.87468,"Shepherdia canadensis","Thlaspi arvense",-0.0121951219512195,"random",4,5,2,4,9,6,2,6,0.333333333333333
409,448,25,18,8,0.067,5.5,0.95698,0.12284,"Shepherdia canadensis","Tragopogon dubius",0.0304878048780488,"random",4,5,2,5,10,6,1,7,0.142857142857143
409,450,25,5,2,0.019,1.5,0.83709,0.48462,"Shepherdia canadensis","Triantha glutinosa",0.00609756097560976,"random",4,5,2,6,8,3,0,5,0
409,453,25,4,1,0.015,1.2,0.64407,0.77416,"Shepherdia canadensis","Trifolium hybridum",-0.0024390243902439,"random",4,5,2,6,10,5,0,7,0
409,454,25,18,10,0.067,5.5,0.99762,0.01161,"Shepherdia canadensis","Trifolium pratense",0.0548780487804878,"positive",4,5,2,6,10,5,0,7,0
409,455,25,5,3,0.019,1.5,0.97163,0.16291,"Shepherdia canadensis","Trifolium repens",0.0182926829268293,"random",4,5,2,5,10,6,1,7,0.142857142857143
409,458,25,7,4,0.026,2.1,0.97491,0.12245,"Shepherdia canadensis","Tripleurospermum inodorum",0.0231707317073171,"random",4,5,2,5,11,7,1,8,0.125
409,460,25,6,1,0.022,1.8,0.40257,0.89637,"Shepherdia canadensis","Typha latifolia",-0.00975609756097561,"random",4,5,2,6,7,2,0,4,0
409,475,25,16,5,0.059,4.9,0.65405,0.58082,"Shepherdia canadensis","Vicia americana",0.00121951219512195,"random",4,5,2,5,9,5,1,6,0.166666666666667
409,476,25,14,5,0.052,4.3,0.78671,0.43069,"Shepherdia canadensis","Vicia cracca",0.00853658536585366,"random",4,5,2,5,11,7,1,8,0.125
409,477,25,15,10,0.056,4.6,0.99981,0.00157,"Shepherdia canadensis","Viola adunca",0.0658536585365854,"positive",4,5,2,4,9,6,2,6,0.333333333333333
409,479,25,6,0,0.022,1.8,0.10363,1,"Shepherdia canadensis","Viola nuttallii",-0.0219512195121951,"random",4,5,2,4,6,3,2,3,0.666666666666667
409,488,25,14,5,0.052,4.3,0.78671,0.43069,"Shepherdia canadensis","Zizia aptera",0.00853658536585366,"random",4,5,2,5,7,3,1,4,0.25
412,430,7,30,3,0.031,2.6,0.78233,0.50678,"Sisymbrium loeselii","Symphoricarpos occidentalis",0.0048780487804878,"random",5,10,6,6,8,3,3,6,0.5
412,434,7,16,3,0.017,1.4,0.97549,0.13068,"Sisymbrium loeselii","Symphyotrichum laeve",0.0195121951219512,"random",5,10,6,6,10,5,5,6,0.833333333333333
412,438,7,12,2,0.012,1,0.93929,0.27082,"Sisymbrium loeselii","Taraxacum officinale",0.0121951219512195,"random",5,10,6,3,11,9,6,9,0.666666666666667
412,442,7,30,2,0.031,2.6,0.49322,0.80416,"Sisymbrium loeselii","Thermopsis rhombifolia",-0.00731707317073171,"random",5,10,6,4,7,4,3,7,0.428571428571429
412,448,7,18,3,0.019,1.5,0.9616,0.17477,"Sisymbrium loeselii","Tragopogon dubius",0.0182926829268293,"random",5,10,6,5,10,6,6,6,1
412,454,7,18,2,0.019,1.5,0.82523,0.48162,"Sisymbrium loeselii","Trifolium pratense",0.00609756097560976,"random",5,10,6,6,10,5,5,6,0.833333333333333
412,475,7,16,3,0.017,1.4,0.97549,0.13068,"Sisymbrium loeselii","Vicia americana",0.0195121951219512,"random",5,10,6,5,9,5,5,6,0.833333333333333
412,476,7,14,6,0.015,1.2,1,5e-05,"Sisymbrium loeselii","Vicia cracca",0.0585365853658537,"positive",5,10,6,5,11,7,6,7,0.857142857142857
412,477,7,15,1,0.016,1.3,0.6225,0.77125,"Sisymbrium loeselii","Viola adunca",-0.00365853658536585,"random",5,10,6,4,9,6,5,7,0.714285714285714
412,488,7,14,0,0.015,1.2,0.255,1,"Sisymbrium loeselii","Zizia aptera",-0.0146341463414634,"random",5,10,6,5,7,3,3,6,0.5
413,430,7,30,4,0.031,2.6,0.94164,0.21767,"Sisyrinchium montanum","Symphoricarpos occidentalis",0.0170731707317073,"random",5,8,4,6,8,3,3,4,0.75
413,434,7,16,2,0.017,1.4,0.86932,0.41276,"Sisyrinchium montanum","Symphyotrichum laeve",0.00731707317073171,"random",5,8,4,6,10,5,3,6,0.5
413,438,7,12,1,0.012,1,0.72918,0.68468,"Sisyrinchium montanum","Taraxacum officinale",0,"random",5,8,4,3,11,9,4,9,0.444444444444444
413,442,7,30,2,0.031,2.6,0.49322,0.80416,"Sisyrinchium montanum","Thermopsis rhombifolia",-0.00731707317073171,"random",5,8,4,4,7,4,3,5,0.6
413,448,7,18,1,0.019,1.5,0.51838,0.8366,"Sisyrinchium montanum","Tragopogon dubius",-0.00609756097560976,"random",5,8,4,5,10,6,4,6,0.666666666666667
413,454,7,18,1,0.019,1.5,0.51838,0.8366,"Sisyrinchium montanum","Trifolium pratense",-0.00609756097560976,"random",5,8,4,6,10,5,3,6,0.5
413,475,7,16,1,0.017,1.4,0.58724,0.79515,"Sisyrinchium montanum","Vicia americana",-0.0048780487804878,"random",5,8,4,5,9,5,4,5,0.8
413,476,7,14,1,0.015,1.2,0.65806,0.745,"Sisyrinchium montanum","Vicia cracca",-0.0024390243902439,"random",5,8,4,5,11,7,4,7,0.571428571428571
413,477,7,15,3,0.016,1.3,0.98096,0.11077,"Sisyrinchium montanum","Viola adunca",0.0207317073170732,"random",5,8,4,4,9,6,4,6,0.666666666666667
413,488,7,14,6,0.015,1.2,1,5e-05,"Sisyrinchium montanum","Zizia aptera",0.0585365853658537,"positive",5,8,4,5,7,3,3,4,0.75
417,430,8,30,4,0.036,2.9,0.88641,0.32175,"Solidago missouriensis","Symphoricarpos occidentalis",0.0134146341463415,"random",6,9,4,6,8,3,3,4,0.75
417,434,8,16,1,0.019,1.6,0.51076,0.83885,"Solidago missouriensis","Symphyotrichum laeve",-0.00731707317073171,"random",6,9,4,6,10,5,4,5,0.8
417,438,8,12,2,0.014,1.2,0.91128,0.33152,"Solidago missouriensis","Taraxacum officinale",0.00975609756097561,"random",6,9,4,3,11,9,4,9,0.444444444444444
417,442,8,30,4,0.036,2.9,0.88641,0.32175,"Solidago missouriensis","Thermopsis rhombifolia",0.0134146341463415,"random",6,9,4,4,7,4,2,6,0.333333333333333
417,448,8,18,3,0.021,1.8,0.93433,0.24024,"Solidago missouriensis","Tragopogon dubius",0.0146341463414634,"random",6,9,4,5,10,6,4,6,0.666666666666667
417,454,8,18,3,0.021,1.8,0.93433,0.24024,"Solidago missouriensis","Trifolium pratense",0.0146341463414634,"random",6,9,4,6,10,5,4,5,0.8
417,475,8,16,3,0.019,1.6,0.95709,0.18333,"Solidago missouriensis","Vicia americana",0.0170731707317073,"random",6,9,4,5,9,5,4,5,0.8
417,476,8,14,2,0.017,1.4,0.86765,0.4118,"Solidago missouriensis","Vicia cracca",0.00731707317073171,"random",6,9,4,5,11,7,4,7,0.571428571428571
417,477,8,15,0,0.018,1.5,0.183,1,"Solidago missouriensis","Viola adunca",-0.0182926829268293,"random",6,9,4,4,9,6,4,6,0.666666666666667
417,488,8,14,0,0.017,1.4,0.2074,1,"Solidago missouriensis","Zizia aptera",-0.0170731707317073,"random",6,9,4,5,7,3,2,5,0.4
419,430,3,30,0,0.013,1.1,0.24955,1,"Solidago multiradiata","Symphoricarpos occidentalis",-0.0134146341463415,"random",6,9,4,6,8,3,3,4,0.75
419,442,3,30,0,0.013,1.1,0.24955,1,"Solidago multiradiata","Thermopsis rhombifolia",-0.0134146341463415,"random",6,9,4,4,7,4,2,6,0.333333333333333
420,430,3,30,2,0.013,1.1,0.95416,0.30126,"Solidago rigida","Symphoricarpos occidentalis",0.0109756097560976,"random",7,10,4,6,8,3,2,5,0.4
420,442,3,30,2,0.013,1.1,0.95416,0.30126,"Solidago rigida","Thermopsis rhombifolia",0.0109756097560976,"random",7,10,4,4,7,4,1,7,0.142857142857143
422,430,3,30,1,0.013,1.1,0.69874,0.75045,"Sonchus arvensis","Symphoricarpos occidentalis",-0.00121951219512195,"random",7,10,4,6,8,3,2,5,0.4
422,442,3,30,1,0.013,1.1,0.69874,0.75045,"Sonchus arvensis","Thermopsis rhombifolia",-0.00121951219512195,"random",7,10,4,4,7,4,1,7,0.142857142857143
423,430,8,30,3,0.036,2.9,0.67825,0.6178,"Sphaeralcea coccinea","Symphoricarpos occidentalis",0.00121951219512195,"random",5,9,5,6,8,3,3,5,0.6
423,434,8,16,0,0.019,1.6,0.16115,1,"Sphaeralcea coccinea","Symphyotrichum laeve",-0.0195121951219512,"random",5,9,5,6,10,5,4,6,0.666666666666667
423,438,8,12,0,0.014,1.2,0.26487,1,"Sphaeralcea coccinea","Taraxacum officinale",-0.0146341463414634,"random",5,9,5,3,11,9,5,9,0.555555555555556
423,442,8,30,4,0.036,2.9,0.88641,0.32175,"Sphaeralcea coccinea","Thermopsis rhombifolia",0.0134146341463415,"random",5,9,5,4,7,4,3,6,0.5
423,448,8,18,1,0.021,1.8,0.43792,0.87581,"Sphaeralcea coccinea","Tragopogon dubius",-0.00975609756097561,"random",5,9,5,5,10,6,5,6,0.833333333333333
423,454,8,18,0,0.021,1.8,0.12419,1,"Sphaeralcea coccinea","Trifolium pratense",-0.0219512195121951,"random",5,9,5,6,10,5,4,6,0.666666666666667
423,475,8,16,1,0.019,1.6,0.51076,0.83885,"Sphaeralcea coccinea","Vicia americana",-0.00731707317073171,"random",5,9,5,5,9,5,5,5,1
423,476,8,14,0,0.017,1.4,0.2074,1,"Sphaeralcea coccinea","Vicia cracca",-0.0170731707317073,"random",5,9,5,5,11,7,5,7,0.714285714285714
423,477,8,15,0,0.018,1.5,0.183,1,"Sphaeralcea coccinea","Viola adunca",-0.0182926829268293,"random",5,9,5,4,9,6,5,6,0.833333333333333
423,488,8,14,0,0.017,1.4,0.2074,1,"Sphaeralcea coccinea","Zizia aptera",-0.0170731707317073,"random",5,9,5,5,7,3,3,5,0.6
426,430,3,30,1,0.013,1.1,0.69874,0.75045,"Sporobolus rigidus","Symphoricarpos occidentalis",-0.00121951219512195,"random",7,8,2,6,8,3,2,3,0.666666666666667
426,442,3,30,3,0.013,1.1,1,0.04584,"Sporobolus rigidus","Thermopsis rhombifolia",0.0231707317073171,"positive",7,8,2,4,7,4,1,5,0.2
430,432,30,3,3,0.013,1.1,1,0.04584,"Symphoricarpos occidentalis","Symphyotrichum ericoides",0.0231707317073171,"positive",6,8,3,7,10,4,2,5,0.4
430,434,30,16,9,0.071,5.9,0.98131,0.06454,"Symphoricarpos occidentalis","Symphyotrichum laeve",0.0378048780487805,"random",6,8,3,6,10,5,3,5,0.6
430,437,30,7,2,0.031,2.6,0.49322,0.80416,"Symphoricarpos occidentalis","Tanacetum vulgare",-0.00731707317073171,"random",6,8,3,7,10,4,2,5,0.4
430,438,30,12,6,0.054,4.4,0.91268,0.23323,"Symphoricarpos occidentalis","Taraxacum officinale",0.0195121951219512,"random",6,8,3,3,11,9,3,9,0.333333333333333
430,442,30,30,15,0.134,11,0.98402,0.04726,"Symphoricarpos occidentalis","Thermopsis rhombifolia",0.0487804878048781,"positive",6,8,3,4,7,4,2,5,0.4
430,444,30,10,4,0.045,3.7,0.72671,0.53409,"Symphoricarpos occidentalis","Thlaspi arvense",0.00365853658536585,"random",6,8,3,4,9,6,3,6,0.5
430,448,30,18,7,0.08,6.6,0.69706,0.51309,"Symphoricarpos occidentalis","Tragopogon dubius",0.00487804878048781,"random",6,8,3,5,10,6,3,6,0.5
430,450,30,5,1,0.022,1.8,0.39291,0.90475,"Symphoricarpos occidentalis","Triantha glutinosa",-0.00975609756097561,"random",6,8,3,6,8,3,3,3,1
430,453,30,4,2,0.018,1.5,0.86363,0.46616,"Symphoricarpos occidentalis","Trifolium hybridum",0.00609756097560976,"random",6,8,3,6,10,5,3,5,0.6
430,454,30,18,8,0.08,6.6,0.8553,0.30294,"Symphoricarpos occidentalis","Trifolium pratense",0.0170731707317073,"random",6,8,3,6,10,5,3,5,0.6
430,455,30,5,0,0.022,1.8,0.09525,1,"Symphoricarpos occidentalis","Trifolium repens",-0.0219512195121951,"random",6,8,3,5,10,6,3,6,0.5
430,458,30,7,4,0.031,2.6,0.94164,0.21767,"Symphoricarpos occidentalis","Tripleurospermum inodorum",0.0170731707317073,"random",6,8,3,5,11,7,3,7,0.428571428571429
430,460,30,6,3,0.027,2.2,0.87336,0.38288,"Symphoricarpos occidentalis","Typha latifolia",0.00975609756097561,"random",6,8,3,6,7,2,2,3,0.666666666666667
430,461,30,3,0,0.013,1.1,0.24955,1,"Symphoricarpos occidentalis","Urtica gracilis",-0.0134146341463415,"random",6,8,3,6,8,3,3,3,1
430,468,30,3,0,0.013,1.1,0.24955,1,"Symphoricarpos occidentalis","Valeriana sitchensis",-0.0134146341463415,"random",6,8,3,6,9,4,3,4,0.75
430,469,30,3,1,0.013,1.1,0.69874,0.75045,"Symphoricarpos occidentalis","Veratrum viride",-0.00121951219512195,"random",6,8,3,7,8,2,2,3,0.666666666666667
430,470,30,3,1,0.013,1.1,0.69874,0.75045,"Symphoricarpos occidentalis","Verbascum thapsus",-0.00121951219512195,"random",6,8,3,6,10,5,3,5,0.6
430,471,30,3,1,0.013,1.1,0.69874,0.75045,"Symphoricarpos occidentalis","Verbena bracteata",-0.00121951219512195,"random",6,8,3,6,10,5,3,5,0.6
430,473,30,3,1,0.013,1.1,0.69874,0.75045,"Symphoricarpos occidentalis","Viburnum edule",-0.00121951219512195,"random",6,8,3,5,8,4,3,4,0.75
430,475,30,16,6,0.071,5.9,0.65048,0.57458,"Symphoricarpos occidentalis","Vicia americana",0.00121951219512195,"random",6,8,3,5,9,5,3,5,0.6
430,476,30,14,7,0.062,5.1,0.92459,0.19928,"Symphoricarpos occidentalis","Vicia cracca",0.0231707317073171,"random",6,8,3,5,11,7,3,7,0.428571428571429
430,477,30,15,6,0.067,5.5,0.72899,0.49018,"Symphoricarpos occidentalis","Viola adunca",0.00609756097560976,"random",6,8,3,4,9,6,3,6,0.5
430,478,30,3,0,0.013,1.1,0.24955,1,"Symphoricarpos occidentalis","Viola canadensis",-0.0134146341463415,"random",6,8,3,5,10,6,3,6,0.5
430,479,30,6,3,0.027,2.2,0.87336,0.38288,"Symphoricarpos occidentalis","Viola nuttallii",0.00975609756097561,"random",6,8,3,4,6,3,1,5,0.2
430,484,30,3,2,0.013,1.1,0.95416,0.30126,"Symphoricarpos occidentalis","Xanthisma spinulosum",0.0109756097560976,"random",6,8,3,6,10,5,3,5,0.6
430,486,30,3,1,0.013,1.1,0.69874,0.75045,"Symphoricarpos occidentalis","Xerophyllum tenax",-0.00121951219512195,"random",6,8,3,5,8,4,3,4,0.75
430,488,30,14,9,0.062,5.1,0.9957,0.02122,"Symphoricarpos occidentalis","Zizia aptera",0.0475609756097561,"positive",6,8,3,5,7,3,2,4,0.5
432,442,3,30,3,0.013,1.1,1,0.04584,"Symphyotrichum ericoides","Thermopsis rhombifolia",0.0231707317073171,"positive",7,10,4,4,7,4,1,7,0.142857142857143
434,437,16,7,2,0.017,1.4,0.86932,0.41276,"Symphyotrichum laeve","Tanacetum vulgare",0.00731707317073171,"random",6,10,5,7,10,4,4,5,0.8
434,438,16,12,5,0.029,2.3,0.98987,0.05119,"Symphyotrichum laeve","Taraxacum officinale",0.0329268292682927,"random",6,10,5,3,11,9,5,9,0.555555555555556
434,442,16,30,9,0.071,5.9,0.98131,0.06454,"Symphyotrichum laeve","Thermopsis rhombifolia",0.0378048780487805,"random",6,10,5,4,7,4,2,7,0.285714285714286
434,444,16,10,3,0.024,2,0.9015,0.30237,"Symphyotrichum laeve","Thlaspi arvense",0.0121951219512195,"random",6,10,5,4,9,6,4,7,0.571428571428571
434,448,16,18,6,0.043,3.5,0.97355,0.09382,"Symphyotrichum laeve","Tragopogon dubius",0.0304878048780488,"random",6,10,5,5,10,6,5,6,0.833333333333333
434,454,16,18,5,0.043,3.5,0.90618,0.24646,"Symphyotrichum laeve","Trifolium pratense",0.0182926829268293,"random",6,10,5,6,10,5,5,5,1
434,458,16,7,4,0.017,1.4,0.99739,0.02451,"Symphyotrichum laeve","Tripleurospermum inodorum",0.0317073170731707,"positive",6,10,5,5,11,7,5,7,0.714285714285714
434,460,16,6,1,0.014,1.2,0.66783,0.74052,"Symphyotrichum laeve","Typha latifolia",-0.0024390243902439,"random",6,10,5,6,7,2,2,5,0.4
434,475,16,16,5,0.038,3.1,0.94737,0.16503,"Symphyotrichum laeve","Vicia americana",0.0231707317073171,"random",6,10,5,5,9,5,4,6,0.666666666666667
434,476,16,14,4,0.033,2.7,0.90091,0.27373,"Symphyotrichum laeve","Vicia cracca",0.0158536585365854,"random",6,10,5,5,11,7,5,7,0.714285714285714
434,477,16,15,7,0.036,2.9,0.99888,0.00771,"Symphyotrichum laeve","Viola adunca",0.05,"positive",6,10,5,4,9,6,4,7,0.571428571428571
434,479,16,6,0,0.014,1.2,0.25948,1,"Symphyotrichum laeve","Viola nuttallii",-0.0146341463414634,"random",6,10,5,4,6,3,1,7,0.142857142857143
434,488,16,14,4,0.033,2.7,0.90091,0.27373,"Symphyotrichum laeve","Zizia aptera",0.0158536585365854,"random",6,10,5,5,7,3,2,6,0.333333333333333
437,438,7,12,3,0.012,1,0.99235,0.06071,"Tanacetum vulgare","Taraxacum officinale",0.024390243902439,"random",7,10,4,3,11,9,4,9,0.444444444444444
437,442,7,30,1,0.031,2.6,0.19584,0.96481,"Tanacetum vulgare","Thermopsis rhombifolia",-0.0195121951219512,"random",7,10,4,4,7,4,1,7,0.142857142857143
437,448,7,18,2,0.019,1.5,0.82523,0.48162,"Tanacetum vulgare","Tragopogon dubius",0.00609756097560976,"random",7,10,4,5,10,6,4,6,0.666666666666667
437,454,7,18,1,0.019,1.5,0.51838,0.8366,"Tanacetum vulgare","Trifolium pratense",-0.00609756097560976,"random",7,10,4,6,10,5,4,5,0.8
437,475,7,16,0,0.017,1.4,0.20485,1,"Tanacetum vulgare","Vicia americana",-0.0170731707317073,"random",7,10,4,5,9,5,3,6,0.5
437,476,7,14,4,0.015,1.2,0.99875,0.01445,"Tanacetum vulgare","Vicia cracca",0.0341463414634146,"positive",7,10,4,5,11,7,4,7,0.571428571428571
437,477,7,15,0,0.016,1.3,0.22875,1,"Tanacetum vulgare","Viola adunca",-0.0158536585365854,"random",7,10,4,4,9,6,3,7,0.428571428571429
437,488,7,14,0,0.015,1.2,0.255,1,"Tanacetum vulgare","Zizia aptera",-0.0146341463414634,"random",7,10,4,5,7,3,1,6,0.166666666666667
438,442,12,30,8,0.054,4.4,0.99567,0.02346,"Taraxacum officinale","Thermopsis rhombifolia",0.0439024390243902,"positive",3,11,9,4,7,4,4,9,0.444444444444444
438,444,12,10,3,0.018,1.5,0.96476,0.15852,"Taraxacum officinale","Thlaspi arvense",0.0182926829268293,"random",3,11,9,4,9,6,6,9,0.666666666666667
438,448,12,18,2,0.032,2.6,0.48093,0.7988,"Taraxacum officinale","Tragopogon dubius",-0.00731707317073171,"random",3,11,9,5,10,6,6,9,0.666666666666667
438,454,12,18,3,0.032,2.6,0.75219,0.51907,"Taraxacum officinale","Trifolium pratense",0.0048780487804878,"random",3,11,9,6,10,5,5,9,0.555555555555556
438,458,12,7,1,0.012,1,0.72918,0.68468,"Taraxacum officinale","Tripleurospermum inodorum",0,"random",3,11,9,5,11,7,7,9,0.777777777777778
438,475,12,16,2,0.029,2.3,0.57244,0.73315,"Taraxacum officinale","Vicia americana",-0.00365853658536585,"random",3,11,9,5,9,5,5,9,0.555555555555556
438,476,12,14,3,0.025,2,0.88283,0.33368,"Taraxacum officinale","Vicia cracca",0.0121951219512195,"random",3,11,9,5,11,7,7,9,0.777777777777778
438,477,12,15,5,0.027,2.2,0.99316,0.03836,"Taraxacum officinale","Viola adunca",0.0341463414634146,"positive",3,11,9,4,9,6,6,9,0.666666666666667
438,488,12,14,2,0.025,2,0.66632,0.65304,"Taraxacum officinale","Zizia aptera",0,"random",3,11,9,5,7,3,3,9,0.333333333333333
442,444,30,10,3,0.045,3.7,0.46591,0.78799,"Thermopsis rhombifolia","Thlaspi arvense",-0.00853658536585366,"random",4,7,4,4,9,6,4,6,0.666666666666667
442,448,30,18,10,0.08,6.6,0.9839,0.05474,"Thermopsis rhombifolia","Tragopogon dubius",0.0414634146341463,"random",4,7,4,5,10,6,3,7,0.428571428571429
442,450,30,5,0,0.022,1.8,0.09525,1,"Thermopsis rhombifolia","Triantha glutinosa",-0.0219512195121951,"random",4,7,4,6,8,3,2,5,0.4
442,453,30,4,0,0.018,1.5,0.15478,1,"Thermopsis rhombifolia","Trifolium hybridum",-0.0182926829268293,"random",4,7,4,6,10,5,2,7,0.285714285714286
442,454,30,18,3,0.08,6.6,0.04,0.9911,"Thermopsis rhombifolia","Trifolium pratense",-0.0439024390243902,"negative",4,7,4,6,10,5,2,7,0.285714285714286
442,455,30,5,0,0.022,1.8,0.09525,1,"Thermopsis rhombifolia","Trifolium repens",-0.0219512195121951,"random",4,7,4,5,10,6,3,7,0.428571428571429
442,458,30,7,2,0.031,2.6,0.49322,0.80416,"Thermopsis rhombifolia","Tripleurospermum inodorum",-0.00731707317073171,"random",4,7,4,5,11,7,3,8,0.375
442,460,30,6,0,0.027,2.2,0.05814,1,"Thermopsis rhombifolia","Typha latifolia",-0.0268292682926829,"random",4,7,4,6,7,2,2,4,0.5
442,461,30,3,0,0.013,1.1,0.24955,1,"Thermopsis rhombifolia","Urtica gracilis",-0.0134146341463415,"random",4,7,4,6,8,3,2,5,0.4
442,468,30,3,0,0.013,1.1,0.24955,1,"Thermopsis rhombifolia","Valeriana sitchensis",-0.0134146341463415,"random",4,7,4,6,9,4,2,6,0.333333333333333
442,469,30,3,0,0.013,1.1,0.24955,1,"Thermopsis rhombifolia","Veratrum viride",-0.0134146341463415,"random",4,7,4,7,8,2,1,5,0.2
442,470,30,3,0,0.013,1.1,0.24955,1,"Thermopsis rhombifolia","Verbascum thapsus",-0.0134146341463415,"random",4,7,4,6,10,5,2,7,0.285714285714286
442,471,30,3,1,0.013,1.1,0.69874,0.75045,"Thermopsis rhombifolia","Verbena bracteata",-0.00121951219512195,"random",4,7,4,6,10,5,2,7,0.285714285714286
442,473,30,3,0,0.013,1.1,0.24955,1,"Thermopsis rhombifolia","Viburnum edule",-0.0134146341463415,"random",4,7,4,5,8,4,3,5,0.6
442,475,30,16,6,0.071,5.9,0.65048,0.57458,"Thermopsis rhombifolia","Vicia americana",0.00121951219512195,"random",4,7,4,5,9,5,3,6,0.5
442,476,30,14,3,0.062,5.1,0.16184,0.9497,"Thermopsis rhombifolia","Vicia cracca",-0.025609756097561,"random",4,7,4,5,11,7,3,8,0.375
442,477,30,15,10,0.067,5.5,0.99831,0.00953,"Thermopsis rhombifolia","Viola adunca",0.0548780487804878,"positive",4,7,4,4,9,6,4,6,0.666666666666667
442,478,30,3,1,0.013,1.1,0.69874,0.75045,"Thermopsis rhombifolia","Viola canadensis",-0.00121951219512195,"random",4,7,4,5,10,6,3,7,0.428571428571429
442,479,30,6,4,0.027,2.2,0.97714,0.12664,"Thermopsis rhombifolia","Viola nuttallii",0.0219512195121951,"random",4,7,4,4,6,3,3,4,0.75
442,484,30,3,1,0.013,1.1,0.69874,0.75045,"Thermopsis rhombifolia","Xanthisma spinulosum",-0.00121951219512195,"random",4,7,4,6,10,5,2,7,0.285714285714286
442,486,30,3,0,0.013,1.1,0.24955,1,"Thermopsis rhombifolia","Xerophyllum tenax",-0.0134146341463415,"random",4,7,4,5,8,4,3,5,0.6
442,488,30,14,6,0.062,5.1,0.80072,0.40252,"Thermopsis rhombifolia","Zizia aptera",0.0109756097560976,"random",4,7,4,5,7,3,3,4,0.75
444,448,10,18,2,0.027,2.2,0.61909,0.69747,"Thlaspi arvense","Tragopogon dubius",-0.0024390243902439,"random",4,9,6,5,10,6,5,7,0.714285714285714
444,454,10,18,4,0.027,2.2,0.96329,0.14396,"Thlaspi arvense","Trifolium pratense",0.0219512195121951,"random",4,9,6,6,10,5,4,7,0.571428571428571
444,475,10,16,4,0.024,2,0.9788,0.0985,"Thlaspi arvense","Vicia americana",0.024390243902439,"random",4,9,6,5,9,5,5,6,0.833333333333333
444,476,10,14,4,0.021,1.7,0.98902,0.0622,"Thlaspi arvense","Vicia cracca",0.0280487804878049,"random",4,9,6,5,11,7,5,8,0.625
444,477,10,15,2,0.022,1.8,0.73586,0.58427,"Thlaspi arvense","Viola adunca",0.0024390243902439,"random",4,9,6,4,9,6,6,6,1
444,488,10,14,0,0.021,1.7,0.13591,1,"Thlaspi arvense","Zizia aptera",-0.0207317073170732,"random",4,9,6,5,7,3,3,6,0.5
448,450,18,5,0,0.013,1.1,0.27944,1,"Tragopogon dubius","Triantha glutinosa",-0.0134146341463415,"random",5,10,6,6,8,3,3,6,0.5
448,454,18,18,7,0.048,4,0.98602,0.05442,"Tragopogon dubius","Trifolium pratense",0.0365853658536585,"random",5,10,6,6,10,5,5,6,0.833333333333333
448,455,18,5,1,0.013,1.1,0.69859,0.72056,"Tragopogon dubius","Trifolium repens",-0.00121951219512195,"random",5,10,6,5,10,6,6,6,1
448,458,18,7,2,0.019,1.5,0.82523,0.48162,"Tragopogon dubius","Tripleurospermum inodorum",0.00609756097560976,"random",5,10,6,5,11,7,6,7,0.857142857142857
448,460,18,6,1,0.016,1.3,0.60605,0.78589,"Tragopogon dubius","Typha latifolia",-0.00365853658536585,"random",5,10,6,6,7,2,2,6,0.333333333333333
448,475,18,16,1,0.043,3.5,0.0805,0.9883,"Tragopogon dubius","Vicia americana",-0.0304878048780488,"random",5,10,6,5,9,5,5,6,0.833333333333333
448,476,18,14,7,0.037,3.1,0.99833,0.01067,"Tragopogon dubius","Vicia cracca",0.0475609756097561,"positive",5,10,6,5,11,7,6,7,0.857142857142857
448,477,18,15,2,0.04,3.3,0.30408,0.89757,"Tragopogon dubius","Viola adunca",-0.0158536585365854,"random",5,10,6,4,9,6,5,7,0.714285714285714
448,479,18,6,0,0.016,1.3,0.21411,1,"Tragopogon dubius","Viola nuttallii",-0.0158536585365854,"random",5,10,6,4,6,3,2,7,0.285714285714286
448,488,18,14,2,0.037,3.1,0.35785,0.87069,"Tragopogon dubius","Zizia aptera",-0.0134146341463415,"random",5,10,6,5,7,3,3,6,0.5
450,454,5,18,2,0.013,1.1,0.93222,0.30141,"Triantha glutinosa","Trifolium pratense",0.0109756097560976,"random",6,8,3,6,10,5,3,5,0.6
454,455,18,5,3,0.013,1.1,0.99251,0.06778,"Trifolium pratense","Trifolium repens",0.0231707317073171,"random",6,10,5,5,10,6,5,6,0.833333333333333
454,458,18,7,4,0.019,1.5,0.99514,0.0384,"Trifolium pratense","Tripleurospermum inodorum",0.0304878048780488,"positive",6,10,5,5,11,7,5,7,0.714285714285714
454,460,18,6,2,0.016,1.3,0.88367,0.39395,"Trifolium pratense","Typha latifolia",0.00853658536585366,"random",6,10,5,6,7,2,2,5,0.4
454,475,18,16,5,0.043,3.5,0.90618,0.24646,"Trifolium pratense","Vicia americana",0.0182926829268293,"random",6,10,5,5,9,5,4,6,0.666666666666667
454,476,18,14,7,0.037,3.1,0.99833,0.01067,"Trifolium pratense","Vicia cracca",0.0475609756097561,"positive",6,10,5,5,11,7,5,7,0.714285714285714
454,477,18,15,3,0.04,3.3,0.57295,0.69592,"Trifolium pratense","Viola adunca",-0.00365853658536585,"random",6,10,5,4,9,6,4,7,0.571428571428571
454,479,18,6,0,0.016,1.3,0.21411,1,"Trifolium pratense","Viola nuttallii",-0.0158536585365854,"random",6,10,5,4,6,3,1,7,0.142857142857143
454,488,18,14,1,0.037,3.1,0.12931,0.97823,"Trifolium pratense","Zizia aptera",-0.025609756097561,"random",6,10,5,5,7,3,2,6,0.333333333333333
458,475,7,16,3,0.017,1.4,0.97549,0.13068,"Tripleurospermum inodorum","Vicia americana",0.0195121951219512,"random",5,11,7,5,9,5,5,7,0.714285714285714
458,476,7,14,5,0.015,1.2,0.99995,0.00125,"Tripleurospermum inodorum","Vicia cracca",0.0463414634146341,"positive",5,11,7,5,11,7,7,7,1
458,477,7,15,2,0.016,1.3,0.88923,0.3775,"Tripleurospermum inodorum","Viola adunca",0.00853658536585366,"random",5,11,7,4,9,6,5,8,0.625
458,488,7,14,0,0.015,1.2,0.255,1,"Tripleurospermum inodorum","Zizia aptera",-0.0146341463414634,"random",5,11,7,5,7,3,3,7,0.428571428571429
460,475,6,16,2,0.014,1.2,0.91482,0.33217,"Typha latifolia","Vicia americana",0.00975609756097561,"random",6,7,2,5,9,5,2,5,0.4
460,476,6,14,3,0.012,1,0.99309,0.05901,"Typha latifolia","Vicia cracca",0.024390243902439,"random",6,7,2,5,11,7,2,7,0.285714285714286
460,477,6,15,0,0.013,1.1,0.285,1,"Typha latifolia","Viola adunca",-0.0134146341463415,"random",6,7,2,4,9,6,2,6,0.333333333333333
460,488,6,14,1,0.012,1,0.72935,0.68742,"Typha latifolia","Zizia aptera",0,"random",6,7,2,5,7,3,2,3,0.666666666666667
475,476,16,14,3,0.033,2.7,0.72627,0.5473,"Vicia americana","Vicia cracca",0.00365853658536585,"random",5,9,5,5,11,7,5,7,0.714285714285714
475,477,16,15,3,0.036,2.9,0.67397,0.60262,"Vicia americana","Viola adunca",0.00121951219512195,"random",5,9,5,4,9,6,5,6,0.833333333333333
475,479,16,6,3,0.014,1.2,0.988,0.08518,"Vicia americana","Viola nuttallii",0.0219512195121951,"random",5,9,5,4,6,3,2,6,0.333333333333333
475,488,16,14,1,0.033,2.7,0.18402,0.96479,"Vicia americana","Zizia aptera",-0.0207317073170732,"random",5,9,5,5,7,3,3,5,0.6
476,477,14,15,1,0.031,2.6,0.2176,0.95549,"Vicia cracca","Viola adunca",-0.0195121951219512,"random",5,11,7,4,9,6,5,8,0.625
476,479,14,6,0,0.012,1,0.31258,1,"Vicia cracca","Viola nuttallii",-0.0121951219512195,"random",5,11,7,4,6,3,2,8,0.25
476,488,14,14,1,0.029,2.4,0.25579,0.94395,"Vicia cracca","Zizia aptera",-0.0170731707317073,"random",5,11,7,5,7,3,3,7,0.428571428571429
477,479,15,6,0,0.013,1.1,0.285,1,"Viola adunca","Viola nuttallii",-0.0134146341463415,"random",4,9,6,4,6,3,3,6,0.5
477,488,15,14,7,0.031,2.6,0.99968,0.00286,"Viola adunca","Zizia aptera",0.0536585365853659,"positive",4,9,6,5,7,3,3,6,0.5
479,488,6,14,0,0.012,1,0.31258,1,"Viola nuttallii","Zizia aptera",-0.0121951219512195,"random",4,6,3,5,7,3,2,4,0.5
